{"type": "FeatureCollection", "features": [{"type": "Feature", "properties": {"n": "기아(주)AutoLand화성", "base": "기아", "emp": 1500, "kind": "관외 본사", "hq": "서울특별시 서초구", "dart": "기아(주)", "listed": true, "fy": 2025, "sales": 65000, "pretax": 65000, "ctax": 20000, "emp_all": 1500, "share": 0.3, "res": 65, "lis": 650, "yr_hs": 650, "ind": "화물 자동차 및 특수 목적용 자동차 제조업", "dong": "우정읍", "addr": "경기도 화성시 만세구 우정읍 기아자동차로", "loc": "bldg"}, "geometry": {"type": "Point", "coordinates": [126.77874, 37.03466]}}, {"type": "Feature", "properties": {"n": "쿠팡풀필먼트 동탄센터", "base": "쿠팡풀필먼트", "emp": 1500, "kind": "관외 본사", "hq": "서울특별시 송파구", "dart": "쿠팡풀필먼트서비스 유한회사", "listed": false, "fy": null, "sales": null, "pretax": null, "ctax": null, "emp_all": 1500, "share": 0.0, "res": 3, "lis": null, "yr_hs": 3, "ind": "화물 포장  검수 및 계량 서비스업", "dong": "신동", "addr": "경기도 화성시 동탄구", "loc": "road"}, "geometry": {"type": "Point", "coordinates": [127.12625764798975, 37.172233014776936]}}, {"type": "Feature", "properties": {"n": "한림대학교동탄성심병원", "base": "한림대학교동탄성심병원", "emp": 1500, "kind": "비영리", "hq": null, "dart": null, "listed": false, "fy": null, "sales": null, "pretax": null, "ctax": null, "emp_all": 1500, "share": 1.0, "res": 3, "lis": null, "yr_hs": 3, "ind": "요양병원", "dong": "석우동", "addr": "경기도 화성시 동탄구", "loc": "road"}, "geometry": {"type": "Point", "coordinates": [127.07934756451968, 37.21749849016631]}}, {"type": "Feature", "properties": {"n": "한국에스지에스(주)", "base": "한국에스지에스", "emp": 1500, "kind": "관외 본사", "hq": "서울특별시 용산구", "dart": "한국에스지에스(주)", "listed": false, "fy": null, "sales": null, "pretax": null, "ctax": null, "emp_all": 1500, "share": 0.2, "res": 3, "lis": null, "yr_hs": 3, "ind": "번역 및 통역 서비스업", "dong": "방교동", "addr": "경기도 화성시 동탄구", "loc": "road"}, "geometry": {"type": "Point", "coordinates": [127.0894393496107, 37.178837816483835]}}, {"type": "Feature", "properties": {"n": "(주)동진쎄미켐 발안공장", "base": "동진쎄미켐", "emp": 750, "kind": "관외 본사", "hq": "인천광역시 서구", "dart": "(주)동진쎄미켐", "listed": true, "fy": 2025, "sales": 20000, "pretax": 2000, "ctax": 650, "emp_all": 1500, "share": 0.7, "res": 3, "lis": 20, "yr_hs": 20, "ind": "석탄화학계 화합물 및 기타 기초 유기화학 물질제조업", "dong": "양감면", "addr": "경기도 화성시 만세구 양감면 작은돌래길", "loc": "bldg"}, "geometry": {"type": "Point", "coordinates": [126.909987, 37.072175]}}, {"type": "Feature", "properties": {"n": "말레써멀앤플루이드시스템코리아(주)", "base": "말레써멀앤플루이드시스템코리아", "emp": 400, "kind": "미확인", "hq": null, "dart": null, "listed": false, "fy": null, "sales": null, "pretax": null, "ctax": null, "emp_all": 400, "share": 1.0, "res": 3, "lis": null, "yr_hs": 3, "ind": "그 외 자동차용 신품 부품 제조업", "dong": "남양읍", "addr": "경기도 화성시 만세구 남양읍", "loc": "road"}, "geometry": {"type": "Point", "coordinates": [126.84007297519874, 37.216409305377724]}}, {"type": "Feature", "properties": {"n": "한국쓰리엠주식회사 화성공장", "base": "한국쓰리엠", "emp": 400, "kind": "관외 본사", "hq": "서울특별시 영등포구", "dart": "한국쓰리엠주식회사", "listed": false, "fy": null, "sales": null, "pretax": null, "ctax": null, "emp_all": 1500, "share": 0.0, "res": 3, "lis": null, "yr_hs": 3, "ind": "라이터  연소물 및 흡연용품 제조업", "dong": "장안면", "addr": "경기도 화성시 만세구 장안면", "loc": "road"}, "geometry": {"type": "Point", "coordinates": [126.84246809314925, 37.10901636529279]}}, {"type": "Feature", "properties": {"n": "한화에너지(컨버전스)", "base": "한화에너지", "emp": 400, "kind": "관외 본사", "hq": "세종특별자치시 한누리대로", "dart": "한화에너지(주)", "listed": false, "fy": 2025, "sales": 6500, "pretax": 2000, "ctax": 650, "emp_all": 750, "share": 0.4, "res": 3, "lis": 20, "yr_hs": 20, "ind": "기타 발전업", "dong": "방교동", "addr": "경기도 화성시 동탄구", "loc": "road"}, "geometry": {"type": "Point", "coordinates": [127.0884122082251, 37.16545716428287]}}, {"type": "Feature", "properties": {"n": "대원정밀공업(주)", "base": "대원정밀공업", "emp": 250, "kind": "관내 본사(KoDATA 누락)", "hq": "경기도 화성시", "dart": "대원정밀공업(주)", "listed": false, "fy": null, "sales": null, "pretax": null, "ctax": null, "emp_all": 1500, "share": 0.0, "res": 0.5, "lis": null, "yr_hs": 0.5, "ind": "그 외 자동차용 신품 부품 제조업", "dong": "향남읍", "addr": "경기도 화성시 만세구 향남읍 발안공단로", "loc": "bldg"}, "geometry": {"type": "Point", "coordinates": [126.902091, 37.08747]}}, {"type": "Feature", "properties": {"n": "오티스이앤엠코리아 주식회사", "base": "오티스이앤엠코리아", "emp": 250, "kind": "관내 본사(KoDATA 누락)", "hq": "경기도 화성시", "dart": "오티스이앤엠코리아 주식회사", "listed": false, "fy": null, "sales": null, "pretax": null, "ctax": null, "emp_all": 1500, "share": 0.0, "res": 0.5, "lis": null, "yr_hs": 0.5, "ind": "기타 물품 취급장비 제조업", "dong": "남양읍", "addr": "경기도 화성시 만세구 남양읍", "loc": "road"}, "geometry": {"type": "Point", "coordinates": [126.84540439230429, 37.16608029671391]}}, {"type": "Feature", "properties": {"n": "(주)KOMOS", "base": "KOMOS", "emp": 250, "kind": "미확인", "hq": null, "dart": null, "listed": false, "fy": null, "sales": null, "pretax": null, "ctax": null, "emp_all": 250, "share": 1.0, "res": 0.5, "lis": null, "yr_hs": 0.5, "ind": "그 외 자동차용 신품 부품 제조업", "dong": "우정읍", "addr": "경기도 화성시 만세구 우정읍 버들로", "loc": "bldg"}, "geometry": {"type": "Point", "coordinates": [126.813181, 37.113697]}}, {"type": "Feature", "properties": {"n": "수원대학교", "base": "수원대", "emp": 250, "kind": "비영리", "hq": null, "dart": null, "listed": false, "fy": null, "sales": null, "pretax": null, "ctax": null, "emp_all": 250, "share": 1.0, "res": 0.5, "lis": null, "yr_hs": 0.5, "ind": "비주거용 건물 임대업(점포  자기땅)", "dong": "봉담읍", "addr": "", "loc": "bldg"}, "geometry": {"type": "Point", "coordinates": [126.97971, 37.207223]}}, {"type": "Feature", "properties": {"n": "장안대학교", "base": "장안대", "emp": 250, "kind": "비영리", "hq": null, "dart": null, "listed": false, "fy": null, "sales": null, "pretax": null, "ctax": null, "emp_all": 250, "share": 1.0, "res": 0.5, "lis": null, "yr_hs": 0.5, "ind": "비주거용 건물 임대업(점포  자기땅)", "dong": "봉담읍", "addr": "경기도 화성시 효행구 봉담읍 삼천병마로", "loc": "bldg"}, "geometry": {"type": "Point", "coordinates": [126.948199, 37.213781]}}, {"type": "Feature", "properties": {"n": "의료법인 은혜와감사의료재단(화성중앙병원）", "base": "은혜와감사의료재단화성중앙병원", "emp": 250, "kind": "비영리", "hq": null, "dart": null, "listed": false, "fy": null, "sales": null, "pretax": null, "ctax": null, "emp_all": 250, "share": 1.0, "res": 0.5, "lis": null, "yr_hs": 0.5, "ind": "요양병원", "dong": "향남읍", "addr": "경기도 화성시 만세구 향남읍", "loc": "road"}, "geometry": {"type": "Point", "coordinates": [126.92161265797094, 37.13184750492138]}}, {"type": "Feature", "properties": {"n": "의료법인원광의료재단원광종합병원", "base": "원광의료재단원광종합병원", "emp": 250, "kind": "비영리", "hq": null, "dart": null, "listed": false, "fy": null, "sales": null, "pretax": null, "ctax": null, "emp_all": 250, "share": 1.0, "res": 0.5, "lis": null, "yr_hs": 0.5, "ind": "요양병원", "dong": "송산동", "addr": "경기도 화성시 병점구", "loc": "road"}, "geometry": {"type": "Point", "coordinates": [127.00659464573991, 37.20933852335716]}}, {"type": "Feature", "properties": {"n": "(주)삼신", "base": "삼신", "emp": 250, "kind": "미확인", "hq": null, "dart": null, "listed": false, "fy": null, "sales": null, "pretax": null, "ctax": null, "emp_all": 400, "share": 0.4, "res": 0.5, "lis": null, "yr_hs": 0.5, "ind": "생활용 유리ㆍ요업ㆍ목재ㆍ금속제품 및 날붙이 도매업", "dong": "정남면", "addr": "경기도 화성시 효행구 정남면 만년로98번길", "loc": "bldg"}, "geometry": {"type": "Point", "coordinates": [126.984227, 37.136885]}}, {"type": "Feature", "properties": {"n": "(사)한국장애인부모회화성시지부/활동보조인사업", "base": "한국장애인부모회화성시지부활동보조인사업", "emp": 250, "kind": "비영리", "hq": null, "dart": null, "listed": false, "fy": null, "sales": null, "pretax": null, "ctax": null, "emp_all": 250, "share": 1.0, "res": 0.5, "lis": null, "yr_hs": 0.5, "ind": "가구 내 고용활동", "dong": "진안동", "addr": "경기도 화성시 병점구", "loc": "road"}, "geometry": {"type": "Point", "coordinates": [127.03723717946158, 37.21172945217518]}}, {"type": "Feature", "properties": {"n": "（주）위드텍 동탄점", "base": "위드텍", "emp": 150, "kind": "관외 본사", "hq": "대전광역시 유성구", "dart": "(주)위드텍", "listed": true, "fy": 2025, "sales": 650, "pretax": 65, "ctax": 7.5, "emp_all": 250, "share": 0.8, "res": 0.5, "lis": 0.5, "yr_hs": 0.5, "ind": "물질 검사  측정 및 분석 기구 제조업", "dong": "방교동", "addr": "경기도 화성시 동탄구", "loc": "road"}, "geometry": {"type": "Point", "coordinates": [127.0894393496107, 37.178837816483835]}}, {"type": "Feature", "properties": {"n": "포레시아코리아주식회사-화성공장", "base": "포레시아코리아", "emp": 150, "kind": "관외 본사", "hq": "경기도 용인시", "dart": "포레시아코리아 주식회사", "listed": false, "fy": null, "sales": null, "pretax": null, "ctax": null, "emp_all": 1500, "share": 0.0, "res": 0.5, "lis": null, "yr_hs": 0.5, "ind": "그 외 자동차용 신품 부품 제조업", "dong": "장안면", "addr": "경기도 화성시 만세구 장안면", "loc": "road"}, "geometry": {"type": "Point", "coordinates": [126.84423664754553, 37.109181115166486]}}, {"type": "Feature", "properties": {"n": "꿈고래사회적협동조합(동탄지점)", "base": "꿈고래사회적협동조합", "emp": 150, "kind": "비영리", "hq": null, "dart": null, "listed": false, "fy": null, "sales": null, "pretax": null, "ctax": null, "emp_all": 250, "share": 0.9, "res": 0.5, "lis": null, "yr_hs": 0.5, "ind": "그 외 기타 달리 분류되지 않은 개인 서비스업", "dong": "여울동", "addr": "경기도 화성시 동탄구", "loc": "road"}, "geometry": {"type": "Point", "coordinates": [127.08703478529581, 37.202663323913114]}}, {"type": "Feature", "properties": {"n": "일진제강(주)", "base": "일진제강", "emp": 150, "kind": "관외 본사", "hq": "전라북도 임실군", "dart": "일진제강(주)", "listed": false, "fy": null, "sales": null, "pretax": null, "ctax": null, "emp_all": 1500, "share": 0.0, "res": 0.5, "lis": null, "yr_hs": 0.5, "ind": "금속 문  창  셔터 및 관련제품 제조업", "dong": "정남면", "addr": "경기도 화성시 효행구 정남면", "loc": "road"}, "geometry": {"type": "Point", "coordinates": [126.97993402144193, 37.14268921193809]}}, {"type": "Feature", "properties": {"n": "레조낙코리아주식회사", "base": "레조낙코리아", "emp": 150, "kind": "관외 본사", "hq": "경기도 안산시", "dart": "레조낙코리아주식회사", "listed": false, "fy": null, "sales": null, "pretax": null, "ctax": null, "emp_all": 1500, "share": 0.0, "res": 0.5, "lis": null, "yr_hs": 0.5, "ind": "접착제 및 젤라틴 제조업", "dong": "여울동", "addr": "경기도 화성시 동탄구", "loc": "road"}, "geometry": {"type": "Point", "coordinates": [127.08703478529581, 37.202663323913114]}}, {"type": "Feature", "properties": {"n": "(주)늘푸른C&C", "base": "늘푸른CC", "emp": 150, "kind": "미확인", "hq": null, "dart": null, "listed": false, "fy": null, "sales": null, "pretax": null, "ctax": null, "emp_all": 150, "share": 1.0, "res": 0.5, "lis": null, "yr_hs": 0.5, "ind": "건축물 일반 청소업", "dong": "석우동", "addr": "경기도 화성시 동탄구", "loc": "road"}, "geometry": {"type": "Point", "coordinates": [127.07564427082536, 37.223708624298574]}}, {"type": "Feature", "properties": {"n": "덴소코리아 주식회사", "base": "덴소코리아", "emp": 150, "kind": "관외 본사", "hq": "경상남도 창원시", "dart": "덴소코리아주식회사", "listed": true, "fy": null, "sales": null, "pretax": null, "ctax": null, "emp_all": 1500, "share": 0.0, "res": 0.5, "lis": null, "yr_hs": 0.5, "ind": "그 외 자동차용 신품 부품 제조업", "dong": "장안면", "addr": "경기도 화성시 만세구 장안면", "loc": "road"}, "geometry": {"type": "Point", "coordinates": [126.84574467673671, 37.11016830698517]}}, {"type": "Feature", "properties": {"n": "재）화성시인재육성재단", "base": "재화성시인재육성재단", "emp": 150, "kind": "비영리", "hq": null, "dart": null, "listed": false, "fy": null, "sales": null, "pretax": null, "ctax": null, "emp_all": 150, "share": 1.0, "res": 0.5, "lis": null, "yr_hs": 0.5, "ind": "그 외 기타 분류 안된 사업 지원 서비스업", "dong": "능동", "addr": "경기도 화성시 동탄구", "loc": "road"}, "geometry": {"type": "Point", "coordinates": [127.05141802309154, 37.19924869178286]}}, {"type": "Feature", "properties": {"n": "이도테라원(주)경기서부고속도로", "base": "이도테라원경기서부고속도로", "emp": 150, "kind": "미확인", "hq": null, "dart": null, "listed": false, "fy": null, "sales": null, "pretax": null, "ctax": null, "emp_all": 150, "share": 1.0, "res": 0.5, "lis": null, "yr_hs": 0.5, "ind": "사업시설 유지ㆍ관리 서비스업", "dong": "봉담읍", "addr": "경기도 화성시 효행구 봉담읍", "loc": "road"}, "geometry": {"type": "Point", "coordinates": [126.95546851065993, 37.212948274530945]}}, {"type": "Feature", "properties": {"n": "화성시 아이돌봄센터", "base": "화성시아이돌봄", "emp": 150, "kind": "비영리", "hq": null, "dart": null, "listed": false, "fy": null, "sales": null, "pretax": null, "ctax": null, "emp_all": 150, "share": 1.0, "res": 0.5, "lis": null, "yr_hs": 0.5, "ind": "해당없음", "dong": "병점동", "addr": "경기도 화성시 병점구", "loc": "road"}, "geometry": {"type": "Point", "coordinates": [127.03378358862446, 37.20330083265769]}}, {"type": "Feature", "properties": {"n": "주식회사 코아시아세미(CoAsia SEMI Corporation)", "base": "코아시아세미", "emp": 150, "kind": "관내 본사(KoDATA 누락)", "hq": "경기도 화성시", "dart": "주식회사 코아시아세미", "listed": false, "fy": null, "sales": null, "pretax": null, "ctax": null, "emp_all": 1500, "share": 0.1, "res": 0.5, "lis": null, "yr_hs": 0.5, "ind": "기타 반도체 소자 제조업", "dong": "영천동", "addr": "경기도 화성시 동탄구", "loc": "road"}, "geometry": {"type": "Point", "coordinates": [127.09140681114013, 37.210223562598784]}}, {"type": "Feature", "properties": {"n": "경기도농업기술원", "base": "경기도농업기술원", "emp": 150, "kind": "미확인", "hq": null, "dart": null, "listed": false, "fy": null, "sales": null, "pretax": null, "ctax": null, "emp_all": 150, "share": 1.0, "res": 0.5, "lis": null, "yr_hs": 0.5, "ind": "기타 부동산 임대업", "dong": "기산동", "addr": "", "loc": "dong"}, "geometry": {"type": "Point", "coordinates": [127.05178051114183, 37.22113113034777]}}, {"type": "Feature", "properties": {"n": "주식회사키친인더랩", "base": "키친인더랩", "emp": 150, "kind": "관내 본사(KoDATA 누락)", "hq": "경기도 화성시", "dart": "주식회사 키친인더랩", "listed": false, "fy": null, "sales": null, "pretax": null, "ctax": null, "emp_all": 750, "share": 0.2, "res": 0.5, "lis": null, "yr_hs": 0.5, "ind": "장난감 및 취미  오락용품 도매업", "dong": "양감면", "addr": "경기도 화성시 만세구 양감면", "loc": "road"}, "geometry": {"type": "Point", "coordinates": [126.9365765898116, 37.06568988843284]}}, {"type": "Feature", "properties": {"n": "주식회사 대상솔루션", "base": "대상솔루션", "emp": 150, "kind": "미확인", "hq": null, "dart": null, "listed": false, "fy": null, "sales": null, "pretax": null, "ctax": null, "emp_all": 150, "share": 1.0, "res": 0.5, "lis": null, "yr_hs": 0.5, "ind": "그 외 자동차용 신품 부품 제조업", "dong": "장안면", "addr": "경기도 화성시 만세구 장안면", "loc": "road"}, "geometry": {"type": "Point", "coordinates": [126.84242677881448, 37.1111905495116]}}, {"type": "Feature", "properties": {"n": "한국오츠카제약(주)", "base": "한국오츠카제약", "emp": 150, "kind": "관외 본사", "hq": "서울특별시 강남구", "dart": "한국오츠카제약주식회사", "listed": false, "fy": null, "sales": null, "pretax": null, "ctax": null, "emp_all": 1500, "share": 0.0, "res": 0.5, "lis": null, "yr_hs": 0.5, "ind": "완제 의약품 제조업", "dong": "향남읍", "addr": "경기도 화성시 만세구 향남읍", "loc": "road"}, "geometry": {"type": "Point", "coordinates": [126.89886779332201, 37.08947342262388]}}, {"type": "Feature", "properties": {"n": "화성시동탄아르딤복지관", "base": "화성시동탄아르딤복지관", "emp": 150, "kind": "비영리", "hq": null, "dart": null, "listed": false, "fy": null, "sales": null, "pretax": null, "ctax": null, "emp_all": 150, "share": 1.0, "res": 0.5, "lis": null, "yr_hs": 0.5, "ind": "BIZ_NO미존재사업장", "dong": "산척동", "addr": "경기도 화성시 동탄구", "loc": "road"}, "geometry": {"type": "Point", "coordinates": [127.10631454578882, 37.176317801597094]}}, {"type": "Feature", "properties": {"n": "애트머스필트레이션코리아주식회사", "base": "애트머스필트레이션코리아", "emp": 150, "kind": "미확인", "hq": null, "dart": null, "listed": false, "fy": null, "sales": null, "pretax": null, "ctax": null, "emp_all": 150, "share": 1.0, "res": 0.5, "lis": null, "yr_hs": 0.5, "ind": "그 외 자동차용 신품 부품 제조업", "dong": "마도면", "addr": "경기도 화성시 만세구 마도면", "loc": "road"}, "geometry": {"type": "Point", "coordinates": [126.77507522905536, 37.17188634660924]}}, {"type": "Feature", "properties": {"n": "(주)테이팩스 양감공장", "base": "테이팩스", "emp": 150, "kind": "관외 본사", "hq": "경기도 수원시", "dart": "(주)테이팩스", "listed": true, "fy": 2025, "sales": 2000, "pretax": 65, "ctax": -3, "emp_all": 400, "share": 0.3, "res": 0.5, "lis": null, "yr_hs": 0.5, "ind": "플라스틱 접착처리 제품 제조업", "dong": "양감면", "addr": "경기도 화성시 만세구 양감면", "loc": "road"}, "geometry": {"type": "Point", "coordinates": [126.98125948989879, 37.101998281788894]}}, {"type": "Feature", "properties": {"n": "주식회사 성보P&T", "base": "성보PT", "emp": 150, "kind": "미확인", "hq": null, "dart": null, "listed": false, "fy": null, "sales": null, "pretax": null, "ctax": null, "emp_all": 150, "share": 1.0, "res": 0.5, "lis": null, "yr_hs": 0.5, "ind": "그 외 자동차용 신품 부품 제조업", "dong": "마도면", "addr": "경기도 화성시 만세구 마도면", "loc": "road"}, "geometry": {"type": "Point", "coordinates": [126.79320560680986, 37.180477046539636]}}, {"type": "Feature", "properties": {"n": "협성대학교", "base": "협성대", "emp": 150, "kind": "비영리", "hq": null, "dart": null, "listed": false, "fy": null, "sales": null, "pretax": null, "ctax": null, "emp_all": 150, "share": 1.0, "res": 0.5, "lis": null, "yr_hs": 0.5, "ind": "비주거용 건물 임대업(점포  자기땅)", "dong": "봉담읍", "addr": "경기도 화성시 효행구 봉담읍 최루백로", "loc": "bldg"}, "geometry": {"type": "Point", "coordinates": [126.953278, 37.212936]}}, {"type": "Feature", "properties": {"n": "(주)테이팩스 팔탄공장", "base": "테이팩스", "emp": 150, "kind": "관외 본사", "hq": "경기도 수원시", "dart": "(주)테이팩스", "listed": true, "fy": 2025, "sales": 2000, "pretax": 65, "ctax": -3, "emp_all": 400, "share": 0.3, "res": 0.5, "lis": null, "yr_hs": 0.5, "ind": "기타 반도체 소자 제조업", "dong": "팔탄면", "addr": "경기도 화성시 만세구 팔탄면 고주동방길", "loc": "bldg"}, "geometry": {"type": "Point", "coordinates": [126.884073, 37.134296]}}, {"type": "Feature", "properties": {"n": "주식회사 인큐브", "base": "인큐브", "emp": 150, "kind": "미확인", "hq": null, "dart": null, "listed": false, "fy": null, "sales": null, "pretax": null, "ctax": null, "emp_all": 150, "share": 0.8, "res": 0.5, "lis": null, "yr_hs": 0.5, "ind": "포장 및 충전업", "dong": "정남면", "addr": "경기도 화성시 효행구 정남면", "loc": "road"}, "geometry": {"type": "Point", "coordinates": [127.0126863148144, 37.13028337119675]}}, {"type": "Feature", "properties": {"n": "주식회사로세프(LoSeF)", "base": "로세프", "emp": 150, "kind": "미확인", "hq": null, "dart": null, "listed": false, "fy": null, "sales": null, "pretax": null, "ctax": null, "emp_all": 150, "share": 1.0, "res": 0.5, "lis": null, "yr_hs": 0.5, "ind": "항공 및 육상 화물 취급업", "dong": "영천동", "addr": "경기도 화성시 동탄구", "loc": "road"}, "geometry": {"type": "Point", "coordinates": [127.09140681114013, 37.210223562598784]}}, {"type": "Feature", "properties": {"n": "수원과학대학", "base": "수원과학대학", "emp": 75, "kind": "비영리", "hq": null, "dart": null, "listed": false, "fy": null, "sales": null, "pretax": null, "ctax": null, "emp_all": 75, "share": 1.0, "res": 0.5, "lis": null, "yr_hs": 0.5, "ind": "비주거용 건물 임대업(점포  자기땅)", "dong": "정남면", "addr": "경기도 화성시 효행구 정남면 세자로", "loc": "bldg"}, "geometry": {"type": "Point", "coordinates": [126.981892, 37.192993]}}, {"type": "Feature", "properties": {"n": "화성서남부장애인자립생활지원센터", "base": "화성서남부장애인자립생활지원", "emp": 75, "kind": "비영리", "hq": null, "dart": null, "listed": false, "fy": null, "sales": null, "pretax": null, "ctax": null, "emp_all": 75, "share": 1.0, "res": 0.5, "lis": null, "yr_hs": 0.5, "ind": "BIZ_NO미존재사업장", "dong": "남양읍", "addr": "경기도 화성시 만세구 남양읍", "loc": "road"}, "geometry": {"type": "Point", "coordinates": [126.81507393180863, 37.2077560746863]}}, {"type": "Feature", "properties": {"n": "주식회사센서뷰", "base": "센서뷰", "emp": 75, "kind": "관내 본사(KoDATA 누락)", "hq": "경기도 화성시", "dart": "주식회사 센서뷰", "listed": true, "fy": 2025, "sales": 65, "pretax": -200, "ctax": -3, "emp_all": 75, "share": 0.9, "res": 0.5, "lis": null, "yr_hs": 0.5, "ind": "건물 및 토목 엔지니어링 서비스업(기술사)", "dong": "방교동", "addr": "경기도 화성시 동탄구", "loc": "road"}, "geometry": {"type": "Point", "coordinates": [127.0886062003433, 37.196661172558095]}}, {"type": "Feature", "properties": {"n": "근로복지공단 경기요양병원", "base": "근로복지공단경기요양병원", "emp": 75, "kind": "관외 본사", "hq": "서울특별시 영등포구", "dart": "근로복지공단", "listed": false, "fy": null, "sales": null, "pretax": null, "ctax": null, "emp_all": 1500, "share": 0.0, "res": 0.5, "lis": null, "yr_hs": 0.5, "ind": "요양병원", "dong": "우정읍", "addr": "경기도 화성시 만세구 우정읍", "loc": "road"}, "geometry": {"type": "Point", "coordinates": [126.81521647490489, 37.088196317318626]}}, {"type": "Feature", "properties": {"n": "한솔아이원스 주식회사(발안)", "base": "한솔아이원스", "emp": 75, "kind": "관외 본사", "hq": "경기도 안성시", "dart": "한솔아이원스(주)", "listed": true, "fy": 2025, "sales": 2000, "pretax": 650, "ctax": 65, "emp_all": 750, "share": 0.1, "res": 0.5, "lis": 0.5, "yr_hs": 0.5, "ind": "기타 반도체 소자 제조업", "dong": "향남읍", "addr": "경기도 화성시 만세구 향남읍", "loc": "road"}, "geometry": {"type": "Point", "coordinates": [126.89853830912327, 37.08271462319324]}}, {"type": "Feature", "properties": {"n": "동양다이캐스팅(주)", "base": "동양다이캐스팅", "emp": 75, "kind": "관외 본사", "hq": "인천광역시 남동구", "dart": "동양다이캐스팅(주)", "listed": false, "fy": null, "sales": null, "pretax": null, "ctax": null, "emp_all": 1500, "share": 0.0, "res": 0.5, "lis": null, "yr_hs": 0.5, "ind": "분말 야금제품 제조업", "dong": "마도면", "addr": "경기도 화성시 만세구 마도면", "loc": "road"}, "geometry": {"type": "Point", "coordinates": [126.77410946601863, 37.17102019648743]}}, {"type": "Feature", "properties": {"n": "우성MF(주)", "base": "우성MF", "emp": 75, "kind": "미확인", "hq": null, "dart": null, "listed": false, "fy": null, "sales": null, "pretax": null, "ctax": null, "emp_all": 75, "share": 1.0, "res": 0.5, "lis": null, "yr_hs": 0.5, "ind": "합성수지 및 기타 플라스틱 물질 제조업", "dong": "마도면", "addr": "경기도 화성시 만세구 마도면", "loc": "road"}, "geometry": {"type": "Point", "coordinates": [126.77634132007407, 37.171451377745754]}}, {"type": "Feature", "properties": {"n": "(주)한성IMP", "base": "한성IMP", "emp": 75, "kind": "미확인", "hq": null, "dart": null, "listed": false, "fy": null, "sales": null, "pretax": null, "ctax": null, "emp_all": 150, "share": 0.8, "res": 0.5, "lis": null, "yr_hs": 0.5, "ind": "금속 절삭기계 제조업", "dong": "양감면", "addr": "경기도 화성시 만세구 양감면", "loc": "road"}, "geometry": {"type": "Point", "coordinates": [126.95567837030802, 37.07816328332497]}}, {"type": "Feature", "properties": {"n": "화성시희망내일사업", "base": "화성시희망내일사업", "emp": 75, "kind": "미확인", "hq": null, "dart": null, "listed": false, "fy": null, "sales": null, "pretax": null, "ctax": null, "emp_all": 75, "share": 1.0, "res": 0.5, "lis": null, "yr_hs": 0.5, "ind": "비주거용 건물 임대업(점포  자기땅)", "dong": "남양읍", "addr": "경기도 화성시 만세구 남양읍", "loc": "road"}, "geometry": {"type": "Point", "coordinates": [126.81863608303317, 37.20818831660475]}}, {"type": "Feature", "properties": {"n": "(주)에스노바시스템즈", "base": "에스노바시스템즈", "emp": 75, "kind": "미확인", "hq": null, "dart": null, "listed": false, "fy": null, "sales": null, "pretax": null, "ctax": null, "emp_all": 75, "share": 1.0, "res": 0.5, "lis": null, "yr_hs": 0.5, "ind": "응용 소프트웨어 개발 및 공급업", "dong": "방교동", "addr": "경기도 화성시 동탄구", "loc": "road"}, "geometry": {"type": "Point", "coordinates": [127.08899305819948, 37.17566239573439]}}, {"type": "Feature", "properties": {"n": "금성공사(합)", "base": "금성", "emp": 75, "kind": "미확인", "hq": null, "dart": null, "listed": false, "fy": null, "sales": null, "pretax": null, "ctax": null, "emp_all": 150, "share": 0.4, "res": 0.5, "lis": null, "yr_hs": 0.5, "ind": "택시 운송업", "dong": "향남읍", "addr": "경기도 화성시 만세구 향남읍", "loc": "road"}, "geometry": {"type": "Point", "coordinates": [126.99151211160927, 37.11964354671019]}}, {"type": "Feature", "properties": {"n": "주식회사 우림씨엠", "base": "우림씨엠", "emp": 75, "kind": "미확인", "hq": null, "dart": null, "listed": false, "fy": null, "sales": null, "pretax": null, "ctax": null, "emp_all": 75, "share": 1.0, "res": 0.5, "lis": null, "yr_hs": 0.5, "ind": "철골 및 관련 구조물 공사업", "dong": "향남읍", "addr": "경기도 화성시 만세구 향남읍", "loc": "road"}, "geometry": {"type": "Point", "coordinates": [126.91298724051512, 37.08083096878367]}}, {"type": "Feature", "properties": {"n": "화성시나래울종합사회복지관", "base": "화성시나래울종합사회복지관", "emp": 75, "kind": "비영리", "hq": null, "dart": null, "listed": false, "fy": null, "sales": null, "pretax": null, "ctax": null, "emp_all": 75, "share": 1.0, "res": 0.5, "lis": null, "yr_hs": 0.5, "ind": "BIZ_NO미존재사업장", "dong": "능동", "addr": "경기도 화성시 동탄구", "loc": "road"}, "geometry": {"type": "Point", "coordinates": [127.05330399808628, 37.20274321316893]}}, {"type": "Feature", "properties": {"n": "(주)파마코스텍", "base": "파마코스텍", "emp": 75, "kind": "관외 본사", "hq": "충청북도 음성군", "dart": "주식회사 파마코스텍", "listed": false, "fy": null, "sales": null, "pretax": null, "ctax": null, "emp_all": 1500, "share": 0.0, "res": 0.5, "lis": null, "yr_hs": 0.5, "ind": "완제 의약품 제조업", "dong": "향남읍", "addr": "경기도 화성시 만세구 향남읍", "loc": "road"}, "geometry": {"type": "Point", "coordinates": [126.92224106180036, 37.09071174222218]}}, {"type": "Feature", "properties": {"n": "(주)코아시아넥셀", "base": "코아시아넥셀", "emp": 75, "kind": "관외 본사", "hq": "서울특별시 송파구", "dart": "주식회사 코아시아넥셀", "listed": false, "fy": null, "sales": null, "pretax": null, "ctax": null, "emp_all": 1500, "share": 0.0, "res": 0.5, "lis": null, "yr_hs": 0.5, "ind": "응용 소프트웨어 개발 및 공급업", "dong": "영천동", "addr": "경기도 화성시 동탄구", "loc": "road"}, "geometry": {"type": "Point", "coordinates": [127.09140681114013, 37.210223562598784]}}, {"type": "Feature", "properties": {"n": "화성시정신건강복지센터", "base": "화성시정신건강복지", "emp": 75, "kind": "비영리", "hq": null, "dart": null, "listed": false, "fy": null, "sales": null, "pretax": null, "ctax": null, "emp_all": 75, "share": 1.0, "res": 0.5, "lis": null, "yr_hs": 0.5, "ind": "그 외 기타 스포츠 서비스업", "dong": "향남읍", "addr": "경기도 화성시 만세구 향남읍", "loc": "road"}, "geometry": {"type": "Point", "coordinates": [126.91145658484682, 37.10578050981097]}}, {"type": "Feature", "properties": {"n": "화성시 정조효노인복지관", "base": "화성시정조효노인복지관", "emp": 75, "kind": "비영리", "hq": null, "dart": null, "listed": false, "fy": null, "sales": null, "pretax": null, "ctax": null, "emp_all": 75, "share": 1.0, "res": 0.5, "lis": null, "yr_hs": 0.5, "ind": "BIZ_NO미존재사업장", "dong": "송산동", "addr": "경기도 화성시 병점구", "loc": "road"}, "geometry": {"type": "Point", "coordinates": [126.99871685572086, 37.21681803719095]}}, {"type": "Feature", "properties": {"n": "신창기업(주)발리오스컨트리클럽", "base": "신창기업발리오스컨트리클럽", "emp": 75, "kind": "관외 본사", "hq": "서울특별시 종로구", "dart": "신창기업", "listed": false, "fy": null, "sales": null, "pretax": null, "ctax": null, "emp_all": 1500, "share": 0.0, "res": 0.5, "lis": null, "yr_hs": 0.5, "ind": "골프장 운영업", "dong": "팔탄면", "addr": "경기도 화성시 만세구 팔탄면", "loc": "road"}, "geometry": {"type": "Point", "coordinates": [126.86620327010647, 37.10434128111275]}}, {"type": "Feature", "properties": {"n": "주식회사  명성씨엠아이", "base": "명성씨엠아이", "emp": 75, "kind": "관외 본사", "hq": "경기도 김포시", "dart": "주식회사 명성씨엠아이", "listed": false, "fy": null, "sales": null, "pretax": null, "ctax": null, "emp_all": 1500, "share": 0.0, "res": 0.5, "lis": null, "yr_hs": 0.5, "ind": "합성수지 및 기타 플라스틱 물질 제조업", "dong": "영천동", "addr": "경기도 화성시 동탄구", "loc": "road"}, "geometry": {"type": "Point", "coordinates": [127.09140681114013, 37.210223562598784]}}, {"type": "Feature", "properties": {"n": "(주)HS하이테크", "base": "HS하이테크", "emp": 75, "kind": "미확인", "hq": null, "dart": null, "listed": false, "fy": null, "sales": null, "pretax": null, "ctax": null, "emp_all": 75, "share": 1.0, "res": 0.5, "lis": null, "yr_hs": 0.5, "ind": "기타 반도체 소자 제조업", "dong": "정남면", "addr": "경기도 화성시 효행구 정남면", "loc": "road"}, "geometry": {"type": "Point", "coordinates": [127.02965356481477, 37.1451485694096]}}, {"type": "Feature", "properties": {"n": "(주)RN2테크놀로지", "base": "RN2테크놀로지", "emp": 75, "kind": "미확인", "hq": null, "dart": null, "listed": false, "fy": null, "sales": null, "pretax": null, "ctax": null, "emp_all": 75, "share": 1.0, "res": 0.5, "lis": null, "yr_hs": 0.5, "ind": "기타 반도체 소자 제조업", "dong": "방교동", "addr": "경기도 화성시 동탄구", "loc": "road"}, "geometry": {"type": "Point", "coordinates": [127.08899305819948, 37.17566239573439]}}, {"type": "Feature", "properties": {"n": "주식회사 워크온", "base": "워크온", "emp": 75, "kind": "미확인", "hq": null, "dart": null, "listed": false, "fy": null, "sales": null, "pretax": null, "ctax": null, "emp_all": 75, "share": 1.0, "res": 0.5, "lis": null, "yr_hs": 0.5, "ind": "그 외 기타 분류 안된 사업 지원 서비스업", "dong": "병점동", "addr": "경기도 화성시 병점구", "loc": "road"}, "geometry": {"type": "Point", "coordinates": [127.03717646032608, 37.20555190672975]}}, {"type": "Feature", "properties": {"n": "（주）테이팩스유니랩공장", "base": "테이팩스유니랩", "emp": 75, "kind": "관외 본사", "hq": "경기도 수원시", "dart": "(주)테이팩스", "listed": true, "fy": 2025, "sales": 2000, "pretax": 65, "ctax": -3, "emp_all": 400, "share": 0.2, "res": 0.5, "lis": null, "yr_hs": 0.5, "ind": "위생용 종이제품 제조업", "dong": "향남읍", "addr": "경기도 화성시 만세구 향남읍", "loc": "road"}, "geometry": {"type": "Point", "coordinates": [126.98192244728645, 37.133678222559325]}}, {"type": "Feature", "properties": {"n": "법무부화성외국인보호소", "base": "법무부화성외국인보호소", "emp": 75, "kind": "미확인", "hq": null, "dart": null, "listed": false, "fy": null, "sales": null, "pretax": null, "ctax": null, "emp_all": 75, "share": 1.0, "res": 0.5, "lis": null, "yr_hs": 0.5, "ind": "비주거용 건물 임대업(점포  자기땅)", "dong": "마도면", "addr": "경기도 화성시 만세구 마도면", "loc": "road"}, "geometry": {"type": "Point", "coordinates": [126.72153851926086, 37.19409362578752]}}, {"type": "Feature", "properties": {"n": "(주)케어119돌봄센터-장애인활동지원", "base": "케어119돌봄센터장애인활동지원", "emp": 75, "kind": "미확인", "hq": null, "dart": null, "listed": false, "fy": null, "sales": null, "pretax": null, "ctax": null, "emp_all": 75, "share": 1.0, "res": 0.5, "lis": null, "yr_hs": 0.5, "ind": "그 외 기타 보건업", "dong": "팔탄면", "addr": "경기도 화성시 만세구 팔탄면", "loc": "road"}, "geometry": {"type": "Point", "coordinates": [126.91613090211015, 37.141910516230695]}}, {"type": "Feature", "properties": {"n": "주식회사 중원이엔지", "base": "중원이엔지", "emp": 75, "kind": "관외 본사", "hq": "서울특별시 은평구", "dart": "주식회사 중원이엔지", "listed": false, "fy": null, "sales": null, "pretax": null, "ctax": null, "emp_all": 1500, "share": 0.0, "res": 0.5, "lis": null, "yr_hs": 0.5, "ind": "BIZ_NO미존재사업장", "dong": "양감면", "addr": "경기도 화성시 만세구 양감면", "loc": "road"}, "geometry": {"type": "Point", "coordinates": [126.95567837030802, 37.07816328332497]}}, {"type": "Feature", "properties": {"n": "주식회사 디엠테크솔루션", "base": "디엠테크솔루션", "emp": 75, "kind": "미확인", "hq": null, "dart": null, "listed": false, "fy": null, "sales": null, "pretax": null, "ctax": null, "emp_all": 75, "share": 0.8, "res": 0.5, "lis": null, "yr_hs": 0.5, "ind": "응용 소프트웨어 개발 및 공급업", "dong": "영천동", "addr": "경기도 화성시 동탄구", "loc": "road"}, "geometry": {"type": "Point", "coordinates": [127.08906497062337, 37.16984450078131]}}, {"type": "Feature", "properties": {"n": "위드온 장애인활동지원기관", "base": "위드온장애인활동지원기관", "emp": 75, "kind": "비영리", "hq": null, "dart": null, "listed": false, "fy": null, "sales": null, "pretax": null, "ctax": null, "emp_all": 75, "share": 1.0, "res": 0.5, "lis": null, "yr_hs": 0.5, "ind": "BIZ_NO미존재사업장", "dong": "영천동", "addr": "경기도 화성시 동탄구", "loc": "road"}, "geometry": {"type": "Point", "coordinates": [127.10285951590791, 37.21175860729589]}}, {"type": "Feature", "properties": {"n": "대풍공업주식회사", "base": "대풍공업", "emp": 75, "kind": "관외 본사", "hq": "경기도 안산시", "dart": "대풍공업 주식회사", "listed": false, "fy": null, "sales": null, "pretax": null, "ctax": null, "emp_all": 1500, "share": 0.0, "res": 0.5, "lis": null, "yr_hs": 0.5, "ind": "그 외 자동차용 신품 부품 제조업", "dong": "장안면", "addr": "경기도 화성시 만세구 장안면", "loc": "road"}, "geometry": {"type": "Point", "coordinates": [126.82533667287112, 37.085851333514455]}}, {"type": "Feature", "properties": {"n": "둘다섯해누리", "base": "둘다섯해", "emp": 75, "kind": "비영리", "hq": null, "dart": null, "listed": false, "fy": null, "sales": null, "pretax": null, "ctax": null, "emp_all": 75, "share": 1.0, "res": 0.5, "lis": null, "yr_hs": 0.5, "ind": "BIZ_NO미존재사업장", "dong": "서신면", "addr": "경기도 화성시 만세구 서신면", "loc": "road"}, "geometry": {"type": "Point", "coordinates": [126.69448505965937, 37.148280604886594]}}, {"type": "Feature", "properties": {"n": "주식회사앤더블유(NWCo. LTD.)(화성공장)", "base": "앤더블유", "emp": 75, "kind": "관외 본사", "hq": "강원특별자치도 원주시", "dart": "주식회사 앤더블유(NW Co.,LTD.)", "listed": false, "fy": null, "sales": null, "pretax": null, "ctax": null, "emp_all": 750, "share": 0.1, "res": 0.5, "lis": null, "yr_hs": 0.5, "ind": "그 외 자동차용 신품 부품 제조업", "dong": "송동", "addr": "경기도 화성시 동탄구", "loc": "road"}, "geometry": {"type": "Point", "coordinates": [127.0886062003433, 37.196661172558095]}}, {"type": "Feature", "properties": {"n": "주식회사 오션", "base": "오션", "emp": 75, "kind": "미확인", "hq": null, "dart": null, "listed": false, "fy": null, "sales": null, "pretax": null, "ctax": null, "emp_all": 150, "share": 0.4, "res": 0.5, "lis": null, "yr_hs": 0.5, "ind": "기타 반도체 소자 제조업", "dong": "능동", "addr": "경기도 화성시 동탄구", "loc": "road"}, "geometry": {"type": "Point", "coordinates": [127.05761627925227, 37.21712723853013]}}, {"type": "Feature", "properties": {"n": "화성시청/고유가 피해지원금 지원 사업", "base": "화성시청고유가피해지원금지원사업", "emp": 75, "kind": "미확인", "hq": null, "dart": null, "listed": false, "fy": null, "sales": null, "pretax": null, "ctax": null, "emp_all": 75, "share": 1.0, "res": 0.5, "lis": null, "yr_hs": 0.5, "ind": "비주거용 건물 임대업(점포  자기땅)", "dong": "남양읍", "addr": "경기도 화성시 만세구 남양읍", "loc": "road"}, "geometry": {"type": "Point", "coordinates": [126.81863608303317, 37.20818831660475]}}, {"type": "Feature", "properties": {"n": "(주)포엔 화성2지사", "base": "포엔", "emp": 75, "kind": "관외 본사", "hq": "경기도 의왕시", "dart": "주식회사 포엔", "listed": false, "fy": null, "sales": null, "pretax": null, "ctax": null, "emp_all": 750, "share": 0.1, "res": 0.5, "lis": null, "yr_hs": 0.5, "ind": "그 외 기타 전자 부품 제조업", "dong": "마도면", "addr": "경기도 화성시 만세구 마도면", "loc": "road"}, "geometry": {"type": "Point", "coordinates": [126.76509775913371, 37.174985233147716]}}, {"type": "Feature", "properties": {"n": "주식회사시노펙스", "base": "시노펙스", "emp": 75, "kind": "관외 본사", "hq": "경상북도 포항시", "dart": "(주)시노펙스", "listed": true, "fy": 2025, "sales": 2000, "pretax": 65, "ctax": 7.5, "emp_all": 150, "share": 0.4, "res": 0.5, "lis": 0.5, "yr_hs": 0.5, "ind": "적층  합성 및 특수 표면처리 종이 제조업", "dong": "능동", "addr": "경기도 화성시 동탄구", "loc": "road"}, "geometry": {"type": "Point", "coordinates": [127.0612713223749, 37.215683101745384]}}, {"type": "Feature", "properties": {"n": "주식회사 감마누 안테나사업부", "base": "감마누안테나", "emp": 75, "kind": "관외 본사 추정(지점)", "hq": null, "dart": null, "listed": false, "fy": null, "sales": null, "pretax": null, "ctax": null, "emp_all": 75, "share": 1.0, "res": 0.5, "lis": null, "yr_hs": 0.5, "ind": "그 외 기타 전자 부품 제조업", "dong": "금곡동", "addr": "경기도 화성시 동탄구", "loc": "road"}, "geometry": {"type": "Point", "coordinates": [127.07835693074836, 37.169900457999105]}}, {"type": "Feature", "properties": {"n": "화성시아르딤복지관(활동지원사업)", "base": "화성시아르딤복지관", "emp": 75, "kind": "비영리", "hq": null, "dart": null, "listed": false, "fy": null, "sales": null, "pretax": null, "ctax": null, "emp_all": 150, "share": 0.5, "res": 0.5, "lis": null, "yr_hs": 0.5, "ind": "BIZ_NO미존재사업장", "dong": "향남읍", "addr": "경기도 화성시 만세구 향남읍", "loc": "road"}, "geometry": {"type": "Point", "coordinates": [126.91363313724521, 37.131931554760925]}}, {"type": "Feature", "properties": {"n": "화성시동탄노인복지관", "base": "화성시동탄노인복지관", "emp": 75, "kind": "비영리", "hq": null, "dart": null, "listed": false, "fy": null, "sales": null, "pretax": null, "ctax": null, "emp_all": 75, "share": 1.0, "res": 0.5, "lis": null, "yr_hs": 0.5, "ind": "BIZ_NO미존재사업장", "dong": "산척동", "addr": "경기도 화성시 동탄구", "loc": "road"}, "geometry": {"type": "Point", "coordinates": [127.11005863477601, 37.17045597250748]}}, {"type": "Feature", "properties": {"n": "주식회사 아이씨에이치 화성사업장", "base": "아이씨에이치", "emp": 75, "kind": "관외 본사", "hq": "경기도 군포시", "dart": "(주)아이씨에이치", "listed": true, "fy": 2025, "sales": 650, "pretax": -200, "ctax": 65, "emp_all": 150, "share": 0.3, "res": 0.5, "lis": 0.5, "yr_hs": 0.5, "ind": "플라스틱 창호 제조업", "dong": "장안면", "addr": "경기도 화성시 만세구 장안면", "loc": "road"}, "geometry": {"type": "Point", "coordinates": [126.81760283984092, 37.14457037111269]}}, {"type": "Feature", "properties": {"n": "화성시남부노인복지관(노인맞춤돌봄서비스사업)", "base": "화성시남부노인복지관", "emp": 75, "kind": "비영리", "hq": null, "dart": null, "listed": false, "fy": null, "sales": null, "pretax": null, "ctax": null, "emp_all": 75, "share": 0.7, "res": 0.5, "lis": null, "yr_hs": 0.5, "ind": "BIZ_NO미존재사업장", "dong": "향남읍", "addr": "경기도 화성시 만세구 향남읍", "loc": "road"}, "geometry": {"type": "Point", "coordinates": [126.93771750320788, 37.12422857077269]}}, {"type": "Feature", "properties": {"n": "(주)국전 향남", "base": "국전", "emp": 75, "kind": "관외 본사", "hq": "경기도 안양시", "dart": "(주)국전", "listed": true, "fy": 2025, "sales": 2000, "pretax": -65, "ctax": -7.5, "emp_all": 150, "share": 0.3, "res": 0.5, "lis": null, "yr_hs": 0.5, "ind": "의약용 화합물 및 항생물질 제조업", "dong": "향남읍", "addr": "경기도 화성시 만세구 향남읍", "loc": "road"}, "geometry": {"type": "Point", "coordinates": [126.9081435194962, 37.08678525874569]}}, {"type": "Feature", "properties": {"n": "(주)이엔씨테크놀리지", "base": "이엔씨테크놀리지", "emp": 75, "kind": "미확인", "hq": null, "dart": null, "listed": false, "fy": null, "sales": null, "pretax": null, "ctax": null, "emp_all": 75, "share": 1.0, "res": 0.5, "lis": null, "yr_hs": 0.5, "ind": "물질 검사  측정 및 분석 기구 제조업", "dong": "방교동", "addr": "경기도 화성시 동탄구", "loc": "road"}, "geometry": {"type": "Point", "coordinates": [127.08738145470653, 37.16902886955096]}}, {"type": "Feature", "properties": {"n": "(주)엠제트", "base": "엠제트", "emp": 75, "kind": "미확인", "hq": null, "dart": null, "listed": false, "fy": null, "sales": null, "pretax": null, "ctax": null, "emp_all": 75, "share": 0.9, "res": 0.5, "lis": null, "yr_hs": 0.5, "ind": "건물용 기계ㆍ장비 설치 공사업", "dong": "영천동", "addr": "경기도 화성시 동탄구", "loc": "road"}, "geometry": {"type": "Point", "coordinates": [127.10285951590791, 37.21175860729589]}}, {"type": "Feature", "properties": {"n": "화성시서부종합사회복지관", "base": "화성시서부종합사회복지관", "emp": 75, "kind": "비영리", "hq": null, "dart": null, "listed": false, "fy": null, "sales": null, "pretax": null, "ctax": null, "emp_all": 75, "share": 1.0, "res": 0.5, "lis": null, "yr_hs": 0.5, "ind": "BIZ_NO미존재사업장", "dong": "송산면", "addr": "경기도 화성시 만세구 송산면", "loc": "road"}, "geometry": {"type": "Point", "coordinates": [126.72837162823107, 37.21043218959089]}}, {"type": "Feature", "properties": {"n": "(주)대성후드텍", "base": "대성후드텍", "emp": 75, "kind": "관내 본사(KoDATA 누락)", "hq": "경기도 화성시", "dart": "(주)대성후드텍", "listed": false, "fy": null, "sales": null, "pretax": null, "ctax": null, "emp_all": 1500, "share": 0.0, "res": 0.5, "lis": null, "yr_hs": 0.5, "ind": "음ㆍ식료품 및 담배 가공기계 제조업", "dong": "봉담읍", "addr": "경기도 화성시 효행구 봉담읍", "loc": "road"}, "geometry": {"type": "Point", "coordinates": [126.95621255728081, 37.24160100157317]}}, {"type": "Feature", "properties": {"n": "(주)상록골프앤리조트(화성)", "base": "상록골프앤리조트", "emp": 75, "kind": "관외 본사", "hq": "충청남도 천안시", "dart": "(주)상록골프앤리조트", "listed": false, "fy": null, "sales": null, "pretax": null, "ctax": null, "emp_all": 1500, "share": 0.0, "res": 0.5, "lis": null, "yr_hs": 0.5, "ind": "그 외 기타 분류 안된 전문  과학 및 기술 서비스업", "dong": "중동", "addr": "경기도 화성시 동탄구", "loc": "road"}, "geometry": {"type": "Point", "coordinates": [127.13641339298493, 37.201913456471]}}, {"type": "Feature", "properties": {"n": "주식회사브이텐시스템", "base": "브이텐시스템", "emp": 75, "kind": "관외 본사", "hq": "경기도 오산시", "dart": "주식회사 브이텐시스템", "listed": false, "fy": null, "sales": null, "pretax": null, "ctax": null, "emp_all": 750, "share": 0.1, "res": 0.5, "lis": null, "yr_hs": 0.5, "ind": "응용 소프트웨어 개발 및 공급업", "dong": "반월동", "addr": "경기도 화성시 병점구", "loc": "road"}, "geometry": {"type": "Point", "coordinates": [127.06258822304316, 37.22434804253466]}}, {"type": "Feature", "properties": {"n": "주식회사우경축산(지점)", "base": "우경축산", "emp": 25, "kind": "관외 본사 추정(지점)", "hq": null, "dart": null, "listed": false, "fy": null, "sales": null, "pretax": null, "ctax": null, "emp_all": 25, "share": 1.0, "res": 0.5, "lis": null, "yr_hs": 0.5, "ind": "BIZ_NO미존재사업장", "dong": "정남면", "addr": "경기도 화성시 효행구 정남면", "loc": "road"}, "geometry": {"type": "Point", "coordinates": [126.98441579234935, 37.1446711536629]}}, {"type": "Feature", "properties": {"n": "비봉고등학교", "base": "비봉고등", "emp": 25, "kind": "비영리", "hq": null, "dart": null, "listed": false, "fy": null, "sales": null, "pretax": null, "ctax": null, "emp_all": 75, "share": 0.9, "res": 0.5, "lis": null, "yr_hs": 0.5, "ind": "BIZ_NO미존재사업장", "dong": "비봉면", "addr": "경기도 화성시 효행구 비봉면", "loc": "road"}, "geometry": {"type": "Point", "coordinates": [126.87323541109555, 37.2369433038844]}}, {"type": "Feature", "properties": {"n": "화성시가족센터", "base": "화성시가족", "emp": 25, "kind": "비영리", "hq": null, "dart": null, "listed": false, "fy": null, "sales": null, "pretax": null, "ctax": null, "emp_all": 25, "share": 1.0, "res": 0.5, "lis": null, "yr_hs": 0.5, "ind": "BIZ_NO미존재사업장", "dong": "향남읍", "addr": "경기도 화성시 만세구 향남읍 평2길", "loc": "bldg"}, "geometry": {"type": "Point", "coordinates": [126.908787, 37.132028]}}, {"type": "Feature", "properties": {"n": "화성시아르딤복지관", "base": "화성시아르딤복지관", "emp": 25, "kind": "비영리", "hq": null, "dart": null, "listed": false, "fy": null, "sales": null, "pretax": null, "ctax": null, "emp_all": 150, "share": 0.4, "res": 0.5, "lis": null, "yr_hs": 0.5, "ind": "BIZ_NO미존재사업장", "dong": "향남읍", "addr": "경기도 화성시 만세구 향남읍", "loc": "road"}, "geometry": {"type": "Point", "coordinates": [126.91363313724521, 37.131931554760925]}}, {"type": "Feature", "properties": {"n": "화성시육아종합지원센터", "base": "화성시육아종합지원", "emp": 25, "kind": "비영리", "hq": null, "dart": null, "listed": false, "fy": null, "sales": null, "pretax": null, "ctax": null, "emp_all": 25, "share": 1.0, "res": 0.5, "lis": null, "yr_hs": 0.5, "ind": "애완 동물 장묘 및 보호 서비스업", "dong": "봉담읍", "addr": "경기도 화성시 효행구 봉담읍", "loc": "road"}, "geometry": {"type": "Point", "coordinates": [126.97979741498588, 37.21402332022756]}}, {"type": "Feature", "properties": {"n": "주식회사 알엠 화성공장", "base": "알엠", "emp": 25, "kind": "관외 본사 추정(지점)", "hq": null, "dart": null, "listed": false, "fy": null, "sales": null, "pretax": null, "ctax": null, "emp_all": 75, "share": 0.5, "res": 0.5, "lis": null, "yr_hs": 0.5, "ind": "비금속류 원료 재생업", "dong": "양감면", "addr": "경기도 화성시 만세구 양감면 사격장길", "loc": "bldg"}, "geometry": {"type": "Point", "coordinates": [126.95873, 37.093282]}}, {"type": "Feature", "properties": {"n": "순환엔지니어링 주식회사(SOONHAN ENGINEERING CORP)", "base": "순환엔지니어링", "emp": 25, "kind": "관외 본사", "hq": "경기도 성남시", "dart": "순환엔지니어링(주)", "listed": false, "fy": null, "sales": null, "pretax": null, "ctax": null, "emp_all": 1500, "share": 0.0, "res": 0.5, "lis": null, "yr_hs": 0.5, "ind": "산업 처리공정 제어장비 제조업", "dong": "방교동", "addr": "경기도 화성시 동탄구", "loc": "road"}, "geometry": {"type": "Point", "coordinates": [127.08738145470653, 37.16902886955096]}}, {"type": "Feature", "properties": {"n": "(주)다인", "base": "다인", "emp": 25, "kind": "미확인", "hq": null, "dart": null, "listed": false, "fy": null, "sales": null, "pretax": null, "ctax": null, "emp_all": 250, "share": 0.2, "res": 0.5, "lis": null, "yr_hs": 0.5, "ind": "그 외 기타 분류 안된 사업 지원 서비스업(기타임가공", "dong": "송동", "addr": "경기도 화성시 동탄구", "loc": "road"}, "geometry": {"type": "Point", "coordinates": [127.10073561364877, 37.173548012157895]}}, {"type": "Feature", "properties": {"n": "화성시동탄치동천종합사회복지관", "base": "화성시동탄치동천종합사회복지관", "emp": 25, "kind": "비영리", "hq": null, "dart": null, "listed": false, "fy": null, "sales": null, "pretax": null, "ctax": null, "emp_all": 25, "share": 1.0, "res": 0.5, "lis": null, "yr_hs": 0.5, "ind": "BIZ_NO미존재사업장", "dong": "영천동", "addr": "경기도 화성시 동탄구", "loc": "road"}, "geometry": {"type": "Point", "coordinates": [127.12292654048052, 37.206227201292975]}}, {"type": "Feature", "properties": {"n": "（주）엔테크이엔지 공공대행사업부", "base": "엔테크이엔지공공대행", "emp": 25, "kind": "미확인", "hq": null, "dart": null, "listed": false, "fy": null, "sales": null, "pretax": null, "ctax": null, "emp_all": 25, "share": 1.0, "res": 0.5, "lis": null, "yr_hs": 0.5, "ind": "산업용 냉장 및 냉동장비 제조업", "dong": "정남면", "addr": "경기도 화성시 효행구 정남면", "loc": "road"}, "geometry": {"type": "Point", "coordinates": [126.97837924908325, 37.1930125257465]}}, {"type": "Feature", "properties": {"n": "VATKOREALTD", "base": "VATKOREALTD", "emp": 25, "kind": "미확인", "hq": null, "dart": null, "listed": false, "fy": null, "sales": null, "pretax": null, "ctax": null, "emp_all": 25, "share": 1.0, "res": 0.5, "lis": null, "yr_hs": 0.5, "ind": "상품 종합 도매업", "dong": "영천동", "addr": "경기도 화성시 동탄구", "loc": "road"}, "geometry": {"type": "Point", "coordinates": [127.08906497062337, 37.16984450078131]}}, {"type": "Feature", "properties": {"n": "(주)엠엠티", "base": "엠엠티", "emp": 25, "kind": "미확인", "hq": null, "dart": null, "listed": false, "fy": null, "sales": null, "pretax": null, "ctax": null, "emp_all": 75, "share": 0.6, "res": 0.5, "lis": null, "yr_hs": 0.5, "ind": "전기용 기계ㆍ장비 및 관련 기자재 도매업", "dong": "방교동", "addr": "경기도 화성시 동탄구", "loc": "road"}, "geometry": {"type": "Point", "coordinates": [127.08553243385776, 37.169745925707545]}}, {"type": "Feature", "properties": {"n": "주식회사 천산 화성점", "base": "천산", "emp": 25, "kind": "관외 본사 추정(지점)", "hq": null, "dart": null, "listed": false, "fy": null, "sales": null, "pretax": null, "ctax": null, "emp_all": 75, "share": 0.4, "res": 0.5, "lis": null, "yr_hs": 0.5, "ind": "절삭 가공 및 유사 처리업", "dong": "팔탄면", "addr": "경기도 화성시 만세구 팔탄면", "loc": "road"}, "geometry": {"type": "Point", "coordinates": [126.88133211560057, 37.19558800594432]}}, {"type": "Feature", "properties": {"n": "(주)대영공업(화성우정지점)", "base": "대영공업", "emp": 25, "kind": "관외 본사", "hq": "경기도 안산시", "dart": "(주)대영공업", "listed": false, "fy": null, "sales": null, "pretax": null, "ctax": null, "emp_all": 1500, "share": 0.0, "res": 0.5, "lis": null, "yr_hs": 0.5, "ind": "그 외 자동차용 신품 부품 제조업", "dong": "우정읍", "addr": "경기도 화성시 만세구 우정읍", "loc": "road"}, "geometry": {"type": "Point", "coordinates": [126.782916864193, 37.08721002403177]}}, {"type": "Feature", "properties": {"n": "삼괴고등학교", "base": "삼괴고등", "emp": 25, "kind": "비영리", "hq": null, "dart": null, "listed": false, "fy": null, "sales": null, "pretax": null, "ctax": null, "emp_all": 25, "share": 1.0, "res": 0.5, "lis": null, "yr_hs": 0.5, "ind": "화장터 운영  묘지 분양 및 관리업", "dong": "우정읍", "addr": "경기도 화성시 만세구 우정읍 장안로", "loc": "bldg"}, "geometry": {"type": "Point", "coordinates": [126.821493, 37.089933]}}, {"type": "Feature", "properties": {"n": "(주)유니켐 화성사업소", "base": "유니켐화성사업소", "emp": 25, "kind": "미확인", "hq": null, "dart": null, "listed": false, "fy": null, "sales": null, "pretax": null, "ctax": null, "emp_all": 25, "share": 1.0, "res": 0.5, "lis": null, "yr_hs": 0.5, "ind": "모피 및 가죽 제조업", "dong": "장안면", "addr": "경기도 화성시 만세구 장안면", "loc": "road"}, "geometry": {"type": "Point", "coordinates": [126.8559560854269, 37.07618368086365]}}, {"type": "Feature", "properties": {"n": "정신요양시설은혜원", "base": "정신요양시설은혜원", "emp": 25, "kind": "비영리", "hq": null, "dart": null, "listed": false, "fy": null, "sales": null, "pretax": null, "ctax": null, "emp_all": 25, "share": 1.0, "res": 0.5, "lis": null, "yr_hs": 0.5, "ind": "BIZ_NO미존재사업장", "dong": "장안면", "addr": "경기도 화성시 만세구 장안면", "loc": "road"}, "geometry": {"type": "Point", "coordinates": [126.85410340712176, 37.05464398596017]}}, {"type": "Feature", "properties": {"n": "주식회사 디와이에이 화성공장", "base": "디와이에이", "emp": 25, "kind": "관외 본사", "hq": "광주광역시 광산구", "dart": "(주)디와이에이", "listed": true, "fy": 2025, "sales": 6500, "pretax": 65, "ctax": 3, "emp_all": 400, "share": 0.1, "res": 0.5, "lis": 0.5, "yr_hs": 0.5, "ind": "BIZ_NO미존재사업장", "dong": "팔탄면", "addr": "경기도 화성시 만세구 팔탄면", "loc": "road"}, "geometry": {"type": "Point", "coordinates": [126.87062247953591, 37.159768453673635]}}, {"type": "Feature", "properties": {"n": "두레생협연합회", "base": "두레생협연합회", "emp": 25, "kind": "비영리", "hq": null, "dart": null, "listed": false, "fy": null, "sales": null, "pretax": null, "ctax": null, "emp_all": 25, "share": 1.0, "res": 0.5, "lis": null, "yr_hs": 0.5, "ind": "BIZ_NO미존재사업장", "dong": "남양읍", "addr": "경기도 화성시 만세구 남양읍", "loc": "road"}, "geometry": {"type": "Point", "coordinates": [126.82055711711848, 37.16293343901417]}}, {"type": "Feature", "properties": {"n": "의료법인 마리아의료재단 동탄마리아의원", "base": "마리아의료재단동탄마리아의원", "emp": 25, "kind": "비영리", "hq": null, "dart": null, "listed": false, "fy": null, "sales": null, "pretax": null, "ctax": null, "emp_all": 25, "share": 1.0, "res": 0.5, "lis": null, "yr_hs": 0.5, "ind": "일반병원", "dong": "여울동", "addr": "경기도 화성시 동탄구", "loc": "road"}, "geometry": {"type": "Point", "coordinates": [127.10354353750067, 37.185973970707096]}}, {"type": "Feature", "properties": {"n": "화성고등학교", "base": "화성고등", "emp": 25, "kind": "비영리", "hq": null, "dart": null, "listed": false, "fy": null, "sales": null, "pretax": null, "ctax": null, "emp_all": 25, "share": 1.0, "res": 0.5, "lis": null, "yr_hs": 0.5, "ind": "비주거용 건물 임대업(점포  자기땅)", "dong": "향남읍", "addr": "경기도 화성시 만세구 향남읍", "loc": "road"}, "geometry": {"type": "Point", "coordinates": [126.90608355136106, 37.13977409734245]}}, {"type": "Feature", "properties": {"n": "제3글라스주식회사", "base": "제3글라스", "emp": 25, "kind": "관외 본사", "hq": "경기도 시흥시", "dart": "제3글라스주식회사", "listed": false, "fy": null, "sales": null, "pretax": null, "ctax": null, "emp_all": 1500, "share": 0.0, "res": 0.5, "lis": null, "yr_hs": 0.5, "ind": "가정용 유리제품 제조업", "dong": "남양읍", "addr": "경기도 화성시 만세구 남양읍", "loc": "road"}, "geometry": {"type": "Point", "coordinates": [126.79803132312622, 37.185559929819114]}}, {"type": "Feature", "properties": {"n": "(주)용산중앙연구소", "base": "용산중앙", "emp": 25, "kind": "관외 본사 추정(지점)", "hq": null, "dart": null, "listed": false, "fy": null, "sales": null, "pretax": null, "ctax": null, "emp_all": 25, "share": 1.0, "res": 0.5, "lis": null, "yr_hs": 0.5, "ind": "그 외 자동차용 신품 부품 제조업", "dong": "영천동", "addr": "경기도 화성시 동탄구", "loc": "road"}, "geometry": {"type": "Point", "coordinates": [127.09727713125272, 37.212035782952945]}}, {"type": "Feature", "properties": {"n": "화성시장애아동재활센터", "base": "화성시장애아동재활", "emp": 25, "kind": "비영리", "hq": null, "dart": null, "listed": false, "fy": null, "sales": null, "pretax": null, "ctax": null, "emp_all": 25, "share": 1.0, "res": 0.5, "lis": null, "yr_hs": 0.5, "ind": "BIZ_NO미존재사업장", "dong": "진안동", "addr": "경기도 화성시 병점구", "loc": "road"}, "geometry": {"type": "Point", "coordinates": [127.04229934707999, 37.216607490790615]}}, {"type": "Feature", "properties": {"n": "휴로스주식회사/JIT", "base": "휴로스JIT", "emp": 25, "kind": "미확인", "hq": null, "dart": null, "listed": false, "fy": null, "sales": null, "pretax": null, "ctax": null, "emp_all": 25, "share": 1.0, "res": 0.5, "lis": null, "yr_hs": 0.5, "ind": "기타 육상 운송지원 서비스업", "dong": "우정읍", "addr": "경기도 화성시 만세구 우정읍", "loc": "road"}, "geometry": {"type": "Point", "coordinates": [126.7582470866173, 37.055092153854424]}}, {"type": "Feature", "properties": {"n": "주식회사동기피엔아이", "base": "동기피엔아이", "emp": 25, "kind": "관외 본사", "hq": "경기도 시흥시", "dart": "주식회사 동기피엔아이", "listed": false, "fy": null, "sales": null, "pretax": null, "ctax": null, "emp_all": 750, "share": 0.1, "res": 0.5, "lis": null, "yr_hs": 0.5, "ind": "주형 및 금형 제조업", "dong": "마도면", "addr": "경기도 화성시 만세구 마도면", "loc": "road"}, "geometry": {"type": "Point", "coordinates": [126.79083725269291, 37.185380588960086]}}, {"type": "Feature", "properties": {"n": "주식회사원해코퍼레이션", "base": "원해코퍼레이션", "emp": 25, "kind": "미확인", "hq": null, "dart": null, "listed": false, "fy": null, "sales": null, "pretax": null, "ctax": null, "emp_all": 25, "share": 1.0, "res": 0.5, "lis": null, "yr_hs": 0.5, "ind": "한식 일반 음식점업", "dong": "새솔동", "addr": "경기도 화성시 만세구", "loc": "road"}, "geometry": {"type": "Point", "coordinates": [126.81692704819257, 37.28568007583187]}}, {"type": "Feature", "properties": {"n": "이도테라원(주)-평택시흥고속도로", "base": "이도테라원평택시흥고속도로", "emp": 25, "kind": "미확인", "hq": null, "dart": null, "listed": false, "fy": null, "sales": null, "pretax": null, "ctax": null, "emp_all": 25, "share": 1.0, "res": 0.5, "lis": null, "yr_hs": 0.5, "ind": "사업시설 유지ㆍ관리 서비스업", "dong": "마도면", "addr": "경기도 화성시 만세구 마도면", "loc": "road"}, "geometry": {"type": "Point", "coordinates": [126.75453396918718, 37.209817628913704]}}, {"type": "Feature", "properties": {"n": "(주)유창하이텍화성공장", "base": "유창하이텍", "emp": 25, "kind": "관외 본사", "hq": "서울특별시 영등포구", "dart": "(주)유창하이텍", "listed": false, "fy": null, "sales": null, "pretax": null, "ctax": null, "emp_all": 1500, "share": 0.0, "res": 0.5, "lis": null, "yr_hs": 0.5, "ind": "제조 / 산업용강화플라스틱성형제품", "dong": "장안면", "addr": "경기도 화성시 만세구 장안면", "loc": "road"}, "geometry": {"type": "Point", "coordinates": [126.8559560854269, 37.07618368086365]}}, {"type": "Feature", "properties": {"n": "센서콘주식회사", "base": "센서콘", "emp": 25, "kind": "관내 본사(KoDATA 누락)", "hq": "경기도 화성시", "dart": "센서콘 주식회사", "listed": false, "fy": null, "sales": null, "pretax": null, "ctax": null, "emp_all": 400, "share": 0.1, "res": 0.5, "lis": null, "yr_hs": 0.5, "ind": "그 외 자동차용 신품 부품 제조업", "dong": "봉담읍", "addr": "경기도 화성시 효행구 봉담읍", "loc": "road"}, "geometry": {"type": "Point", "coordinates": [126.98252956014338, 37.200764189826316]}}, {"type": "Feature", "properties": {"n": "서연고등학교", "base": "서연고등", "emp": 25, "kind": "미확인", "hq": null, "dart": null, "listed": false, "fy": null, "sales": null, "pretax": null, "ctax": null, "emp_all": 25, "share": 1.0, "res": 0.5, "lis": null, "yr_hs": 0.5, "ind": "BIZ_NO미존재사업장", "dong": "장지동", "addr": "경기도 화성시 동탄구", "loc": "road"}, "geometry": {"type": "Point", "coordinates": [127.1112354996279, 37.1597127551542]}}, {"type": "Feature", "properties": {"n": "화성시청/장애인 일자리 사업", "base": "화성시청장애인일자리사업", "emp": 25, "kind": "미확인", "hq": null, "dart": null, "listed": false, "fy": null, "sales": null, "pretax": null, "ctax": null, "emp_all": 25, "share": 0.8, "res": 0.5, "lis": null, "yr_hs": 0.5, "ind": "비주거용 건물 임대업(점포  자기땅)", "dong": "남양읍", "addr": "경기도 화성시 만세구 남양읍", "loc": "road"}, "geometry": {"type": "Point", "coordinates": [126.81863608303317, 37.20818831660475]}}, {"type": "Feature", "properties": {"n": "주식회사 센트럴홀딩스(화성)", "base": "센트럴홀딩스", "emp": 25, "kind": "관외 본사", "hq": "경기도 수원시", "dart": "주식회사 센트럴홀딩스", "listed": false, "fy": null, "sales": null, "pretax": null, "ctax": null, "emp_all": 750, "share": 0.1, "res": 0.5, "lis": null, "yr_hs": 0.5, "ind": "기타 음ㆍ식료품 위주 종합 소매업", "dong": "기안동", "addr": "경기도 화성시 효행구", "loc": "road"}, "geometry": {"type": "Point", "coordinates": [126.99251120996095, 37.22722968391444]}}, {"type": "Feature", "properties": {"n": "불이원", "base": "불이원", "emp": 25, "kind": "비영리", "hq": null, "dart": null, "listed": false, "fy": null, "sales": null, "pretax": null, "ctax": null, "emp_all": 25, "share": 1.0, "res": 0.5, "lis": null, "yr_hs": 0.5, "ind": "BIZ_NO미존재사업장", "dong": "남양읍", "addr": "경기도 화성시 만세구 남양읍", "loc": "road"}, "geometry": {"type": "Point", "coordinates": [126.84376026173626, 37.16150503605452]}}, {"type": "Feature", "properties": {"n": "성준전기(주)동탄지점부설연구소", "base": "성준전기동탄지점부설", "emp": 25, "kind": "관외 본사", "hq": "서울특별시 종로구", "dart": "성준전기(주)", "listed": false, "fy": null, "sales": null, "pretax": null, "ctax": null, "emp_all": 1500, "share": 0.0, "res": 0.5, "lis": null, "yr_hs": 0.5, "ind": "산업용 로봇 제조업", "dong": "방교동", "addr": "경기도 화성시 동탄구", "loc": "road"}, "geometry": {"type": "Point", "coordinates": [127.08541373442844, 37.17293297334347]}}, {"type": "Feature", "properties": {"n": "(주)부영물산", "base": "부영물산", "emp": 25, "kind": "관외 본사", "hq": "경기도 오산시", "dart": "(주)부영물산", "listed": false, "fy": null, "sales": null, "pretax": null, "ctax": null, "emp_all": 1500, "share": 0.0, "res": 0.5, "lis": null, "yr_hs": 0.5, "ind": "그 외 기타 건축자재 도매업", "dong": "반송동", "addr": "경기도 화성시 동탄구", "loc": "road"}, "geometry": {"type": "Point", "coordinates": [127.07752185938634, 37.19715608596776]}}, {"type": "Feature", "properties": {"n": "롯데웰푸드(주)수원공장", "base": "롯데웰푸드", "emp": 25, "kind": "관외 본사", "hq": "서울특별시 영등포구", "dart": "롯데웰푸드(주)", "listed": true, "fy": 2025, "sales": 65000, "pretax": 650, "ctax": 200, "emp_all": 1500, "share": 0.0, "res": 0.5, "lis": 0.5, "yr_hs": 0.5, "ind": "과자류 및 코코아 제품 제조업", "dong": "정남면", "addr": "경기도 화성시 효행구 정남면", "loc": "road"}, "geometry": {"type": "Point", "coordinates": [126.9874806389474, 37.17976428435223]}}, {"type": "Feature", "properties": {"n": "파랑새주식회사", "base": "파랑새", "emp": 25, "kind": "관외 본사", "hq": "광주광역시 동구", "dart": "(주)파랑새", "listed": false, "fy": null, "sales": null, "pretax": null, "ctax": null, "emp_all": 400, "share": 0.1, "res": 0.5, "lis": null, "yr_hs": 0.5, "ind": "그 외 기타 플라스틱 제품 제조업", "dong": "정남면", "addr": "경기도 화성시 효행구 정남면", "loc": "road"}, "geometry": {"type": "Point", "coordinates": [126.9483561095081, 37.17378137716518]}}, {"type": "Feature", "properties": {"n": "(주)히든스페이스 동탄점 주렁주렁", "base": "히든스페이스동탄점주렁주렁", "emp": 25, "kind": "관외 본사", "hq": "경기도 고양시", "dart": "주식회사 히든스페이스", "listed": false, "fy": null, "sales": null, "pretax": null, "ctax": null, "emp_all": 1500, "share": 0.0, "res": 0.5, "lis": null, "yr_hs": 0.5, "ind": "식물원 및 동물원 운영업", "dong": "송동", "addr": "경기도 화성시 동탄구", "loc": "road"}, "geometry": {"type": "Point", "coordinates": [127.10495385534222, 37.167806355674934]}}, {"type": "Feature", "properties": {"n": "고문당피피에스", "base": "고문당피피에스", "emp": 25, "kind": "관외 본사 추정(지점)", "hq": null, "dart": null, "listed": false, "fy": null, "sales": null, "pretax": null, "ctax": null, "emp_all": 25, "share": 1.0, "res": 0.5, "lis": null, "yr_hs": 0.5, "ind": "스크린 인쇄업", "dong": "팔탄면", "addr": "경기도 화성시 만세구 팔탄면", "loc": "road"}, "geometry": {"type": "Point", "coordinates": [126.88595187843035, 37.13578244440404]}}, {"type": "Feature", "properties": {"n": "(주)아산-발안지점", "base": "아산", "emp": 25, "kind": "관외 본사 추정(지점)", "hq": null, "dart": null, "listed": false, "fy": null, "sales": null, "pretax": null, "ctax": null, "emp_all": 150, "share": 0.2, "res": 0.5, "lis": null, "yr_hs": 0.5, "ind": "포장용 플라스틱 성형용기 제조업", "dong": "팔탄면", "addr": "경기도 화성시 만세구 팔탄면 제암고주로", "loc": "bldg"}, "geometry": {"type": "Point", "coordinates": [126.872463, 37.178473]}}, {"type": "Feature", "properties": {"n": "신한곤도라(주)", "base": "신한곤도라", "emp": 25, "kind": "관외 본사", "hq": "경기도 광명시", "dart": "신한곤도라(주)", "listed": false, "fy": null, "sales": null, "pretax": null, "ctax": null, "emp_all": 1500, "share": 0.0, "res": 0.5, "lis": null, "yr_hs": 0.5, "ind": "건설 및 채광용 기계장비 제조업", "dong": "장안면", "addr": "경기도 화성시 만세구 장안면", "loc": "road"}, "geometry": {"type": "Point", "coordinates": [126.83564420072665, 37.104309844054264]}}, {"type": "Feature", "properties": {"n": "주식회사필링크", "base": "필링크", "emp": 25, "kind": "관외 본사", "hq": "경기도 수원시", "dart": "주식회사 필링크", "listed": false, "fy": null, "sales": null, "pretax": null, "ctax": null, "emp_all": 1500, "share": 0.0, "res": 0.5, "lis": null, "yr_hs": 0.5, "ind": "그 외 기타 플라스틱 제품 제조업", "dong": "마도면", "addr": "경기도 화성시 만세구 마도면", "loc": "road"}, "geometry": {"type": "Point", "coordinates": [126.77634132007407, 37.171451377745754]}}, {"type": "Feature", "properties": {"n": "주식회사 아침해의료기", "base": "아침해의료기", "emp": 25, "kind": "관내 본사(KoDATA 누락)", "hq": "경기도 화성시", "dart": "주식회사 아침해의료기", "listed": false, "fy": null, "sales": null, "pretax": null, "ctax": null, "emp_all": 1500, "share": 0.0, "res": 0.5, "lis": null, "yr_hs": 0.5, "ind": "BIZ_NO미존재사업장", "dong": "남양읍", "addr": "경기도 화성시 만세구 남양읍", "loc": "road"}, "geometry": {"type": "Point", "coordinates": [126.8326030365359, 37.219325353076265]}}, {"type": "Feature", "properties": {"n": "사회복지법인신명아이마루", "base": "신명아이마루", "emp": 25, "kind": "비영리", "hq": null, "dart": null, "listed": false, "fy": null, "sales": null, "pretax": null, "ctax": null, "emp_all": 25, "share": 1.0, "res": 0.5, "lis": null, "yr_hs": 0.5, "ind": "BIZ_NO미존재사업장", "dong": "기안동", "addr": "경기도 화성시 효행구", "loc": "road"}, "geometry": {"type": "Point", "coordinates": [126.97992400682591, 37.222725025325204]}}, {"type": "Feature", "properties": {"n": "주식회사쎄미엠(SEMIMCo.Ltd.)", "base": "쎄미엠", "emp": 25, "kind": "미확인", "hq": null, "dart": null, "listed": false, "fy": null, "sales": null, "pretax": null, "ctax": null, "emp_all": 25, "share": 1.0, "res": 0.5, "lis": null, "yr_hs": 0.5, "ind": "기타 반도체 소자 제조업", "dong": "반월동", "addr": "경기도 화성시 병점구", "loc": "road"}, "geometry": {"type": "Point", "coordinates": [127.06340933536492, 37.22846202272437]}}, {"type": "Feature", "properties": {"n": "이솔고등학교", "base": "이솔고등", "emp": 25, "kind": "미확인", "hq": null, "dart": null, "listed": false, "fy": null, "sales": null, "pretax": null, "ctax": null, "emp_all": 25, "share": 1.0, "res": 0.5, "lis": null, "yr_hs": 0.5, "ind": "BIZ_NO미존재사업장", "dong": "산척동", "addr": "경기도 화성시 동탄구", "loc": "road"}, "geometry": {"type": "Point", "coordinates": [127.11098766356989, 37.166787929794666]}}, {"type": "Feature", "properties": {"n": "치동고등학교(직장)", "base": "치동고등", "emp": 25, "kind": "미확인", "hq": null, "dart": null, "listed": false, "fy": null, "sales": null, "pretax": null, "ctax": null, "emp_all": 25, "share": 1.0, "res": 0.5, "lis": null, "yr_hs": 0.5, "ind": "BIZ_NO미존재사업장", "dong": "영천동", "addr": "경기도 화성시 동탄구", "loc": "road"}, "geometry": {"type": "Point", "coordinates": [127.09463141102063, 37.16454318950708]}}, {"type": "Feature", "properties": {"n": "화성남부종합사회복지관", "base": "화성남부종합사회복지관", "emp": 25, "kind": "비영리", "hq": null, "dart": null, "listed": false, "fy": null, "sales": null, "pretax": null, "ctax": null, "emp_all": 25, "share": 1.0, "res": 0.5, "lis": null, "yr_hs": 0.5, "ind": "BIZ_NO미존재사업장", "dong": "향남읍", "addr": "경기도 화성시 만세구 향남읍", "loc": "road"}, "geometry": {"type": "Point", "coordinates": [126.91942264145379, 37.13048967112911]}}, {"type": "Feature", "properties": {"n": "화성시어린이문화센터", "base": "화성시어린이", "emp": 25, "kind": "비영리", "hq": null, "dart": null, "listed": false, "fy": null, "sales": null, "pretax": null, "ctax": null, "emp_all": 25, "share": 1.0, "res": 0.5, "lis": null, "yr_hs": 0.5, "ind": "기타 기술 및 직업 훈련학원", "dong": "봉담읍", "addr": "경기도 화성시 효행구 봉담읍", "loc": "road"}, "geometry": {"type": "Point", "coordinates": [126.96042435029656, 37.21439159778299]}}, {"type": "Feature", "properties": {"n": "노인요양원 다정마을", "base": "노인요양원다정마을", "emp": 25, "kind": "비영리", "hq": null, "dart": null, "listed": false, "fy": null, "sales": null, "pretax": null, "ctax": null, "emp_all": 25, "share": 1.0, "res": 0.5, "lis": null, "yr_hs": 0.5, "ind": "해당없음", "dong": "반송동", "addr": "경기도 화성시 동탄구", "loc": "road"}, "geometry": {"type": "Point", "coordinates": [127.05141802309154, 37.19924869178286]}}, {"type": "Feature", "properties": {"n": "육군제5067부대", "base": "육군제5067", "emp": 25, "kind": "미확인", "hq": null, "dart": null, "listed": false, "fy": null, "sales": null, "pretax": null, "ctax": null, "emp_all": 25, "share": 1.0, "res": 0.5, "lis": null, "yr_hs": 0.5, "ind": "BIZ_NO미존재사업장", "dong": "매송면", "addr": "경기도 화성시 효행구 매송면", "loc": "road"}, "geometry": {"type": "Point", "coordinates": [126.89513726405437, 37.24861463840023]}}, {"type": "Feature", "properties": {"n": "화성시니어클럽", "base": "화성시니어클럽", "emp": 25, "kind": "비영리", "hq": null, "dart": null, "listed": false, "fy": null, "sales": null, "pretax": null, "ctax": null, "emp_all": 25, "share": 1.0, "res": 0.5, "lis": null, "yr_hs": 0.5, "ind": "커피 전문점", "dong": "봉담읍", "addr": "경기도 화성시 효행구 봉담읍", "loc": "road"}, "geometry": {"type": "Point", "coordinates": [126.95003385459873, 37.22827363074507]}}, {"type": "Feature", "properties": {"n": "주식회사아이젤", "base": "아이젤", "emp": 25, "kind": "관내 본사(KoDATA 누락)", "hq": "경기도 화성시", "dart": "주식회사 아이젤", "listed": false, "fy": null, "sales": null, "pretax": null, "ctax": null, "emp_all": 1500, "share": 0.0, "res": 0.5, "lis": null, "yr_hs": 0.5, "ind": "생활용 가구 도매업", "dong": "영천동", "addr": "경기도 화성시 동탄구", "loc": "road"}, "geometry": {"type": "Point", "coordinates": [127.09727713125272, 37.212035782952945]}}, {"type": "Feature", "properties": {"n": "(주)휘일 화성공장", "base": "휘일", "emp": 25, "kind": "관외 본사", "hq": "충청남도 아산시", "dart": "(주)휘일", "listed": false, "fy": null, "sales": null, "pretax": null, "ctax": null, "emp_all": 1500, "share": 0.0, "res": 0.5, "lis": null, "yr_hs": 0.5, "ind": "그 외 자동차용 신품 부품 제조업", "dong": "양감면", "addr": "경기도 화성시 만세구 양감면", "loc": "road"}, "geometry": {"type": "Point", "coordinates": [126.9365765898116, 37.06568988843284]}}, {"type": "Feature", "properties": {"n": "(주)퓨어엔비텍", "base": "퓨어엔비텍", "emp": 25, "kind": "관외 본사", "hq": "경기도 시흥시", "dart": "(주)퓨어엔비텍", "listed": false, "fy": null, "sales": null, "pretax": null, "ctax": null, "emp_all": 1500, "share": 0.0, "res": 0.5, "lis": null, "yr_hs": 0.5, "ind": "산업용 냉장 및 냉동장비 제조업", "dong": "팔탄면", "addr": "경기도 화성시 만세구 팔탄면", "loc": "road"}, "geometry": {"type": "Point", "coordinates": [126.86994371826992, 37.16345084874886]}}, {"type": "Feature", "properties": {"n": "(주)JH시스템즈", "base": "JH시스템즈", "emp": 25, "kind": "미확인", "hq": null, "dart": null, "listed": false, "fy": null, "sales": null, "pretax": null, "ctax": null, "emp_all": 25, "share": 1.0, "res": 0.5, "lis": null, "yr_hs": 0.5, "ind": "전자 감지장치 제조업", "dong": "반송동", "addr": "경기도 화성시 동탄구", "loc": "road"}, "geometry": {"type": "Point", "coordinates": [127.06627716778925, 37.19862366262666]}}, {"type": "Feature", "properties": {"n": "주식회사 더클이엔지", "base": "더클이엔지", "emp": 25, "kind": "미확인", "hq": null, "dart": null, "listed": false, "fy": null, "sales": null, "pretax": null, "ctax": null, "emp_all": 25, "share": 1.0, "res": 0.5, "lis": null, "yr_hs": 0.5, "ind": "BIZ_NO미존재사업장", "dong": "서신면", "addr": "경기도 화성시 만세구 서신면", "loc": "road"}, "geometry": {"type": "Point", "coordinates": [126.67466562326437, 37.1865667527048]}}, {"type": "Feature", "properties": {"n": "주식회사명성화성공장", "base": "명성", "emp": 25, "kind": "관외 본사 추정(지점)", "hq": null, "dart": null, "listed": false, "fy": null, "sales": null, "pretax": null, "ctax": null, "emp_all": 750, "share": 0.0, "res": 0.5, "lis": null, "yr_hs": 0.5, "ind": "그 외 자동차용 신품 부품 제조업", "dong": "정남면", "addr": "경기도 화성시 효행구 정남면", "loc": "road"}, "geometry": {"type": "Point", "coordinates": [127.02965356481477, 37.1451485694096]}}, {"type": "Feature", "properties": {"n": "새솔초등학교(직장)", "base": "새솔초등", "emp": 25, "kind": "미확인", "hq": null, "dart": null, "listed": false, "fy": null, "sales": null, "pretax": null, "ctax": null, "emp_all": 25, "share": 1.0, "res": 0.5, "lis": null, "yr_hs": 0.5, "ind": "BIZ_NO미존재사업장", "dong": "새솔동", "addr": "경기도 화성시 만세구 수노을1로", "loc": "bldg"}, "geometry": {"type": "Point", "coordinates": [126.819058, 37.289142]}}, {"type": "Feature", "properties": {"n": "주식회사 서진아이오", "base": "서진아이오", "emp": 25, "kind": "관외 본사 추정(지점)", "hq": null, "dart": null, "listed": false, "fy": null, "sales": null, "pretax": null, "ctax": null, "emp_all": 25, "share": 1.0, "res": 0.5, "lis": null, "yr_hs": 0.5, "ind": "농림업용 기계 및 장비 도매업", "dong": "남양읍", "addr": "경기도 화성시 만세구 남양읍", "loc": "road"}, "geometry": {"type": "Point", "coordinates": [126.82869885794653, 37.20120003638003]}}, {"type": "Feature", "properties": {"n": "수원여자대학교 식품분석연구센터", "base": "수원여자대학교식품분석연구", "emp": 25, "kind": "비영리", "hq": null, "dart": null, "listed": false, "fy": null, "sales": null, "pretax": null, "ctax": null, "emp_all": 25, "share": 1.0, "res": 0.5, "lis": null, "yr_hs": 0.5, "ind": "해당없음", "dong": "봉담읍", "addr": "경기도 화성시 효행구 봉담읍", "loc": "road"}, "geometry": {"type": "Point", "coordinates": [126.92393007578724, 37.20069628508145]}}, {"type": "Feature", "properties": {"n": "（주）우석AT", "base": "우석AT", "emp": 25, "kind": "미확인", "hq": null, "dart": null, "listed": false, "fy": null, "sales": null, "pretax": null, "ctax": null, "emp_all": 25, "share": 1.0, "res": 0.5, "lis": null, "yr_hs": 0.5, "ind": "철물  금속 파스너 및 수공구 도매업", "dong": "향남읍", "addr": "경기도 화성시 만세구 향남읍", "loc": "road"}, "geometry": {"type": "Point", "coordinates": [126.97932656666342, 37.13652906492118]}}, {"type": "Feature", "properties": {"n": "이솔초등학교", "base": "이솔초등", "emp": 25, "kind": "미확인", "hq": null, "dart": null, "listed": false, "fy": null, "sales": null, "pretax": null, "ctax": null, "emp_all": 25, "share": 1.0, "res": 0.5, "lis": null, "yr_hs": 0.5, "ind": "BIZ_NO미존재사업장", "dong": "장지동", "addr": "경기도 화성시 동탄구", "loc": "road"}, "geometry": {"type": "Point", "coordinates": [127.11140320764204, 37.16508030011565]}}, {"type": "Feature", "properties": {"n": "주식회사 커멘스", "base": "커멘스", "emp": 25, "kind": "미확인", "hq": null, "dart": null, "listed": false, "fy": null, "sales": null, "pretax": null, "ctax": null, "emp_all": 25, "share": 1.0, "res": 0.5, "lis": null, "yr_hs": 0.5, "ind": "일식 음식점업", "dong": "반송동", "addr": "경기도 화성시 동탄구", "loc": "road"}, "geometry": {"type": "Point", "coordinates": [127.08203024145828, 37.19488302321599]}}, {"type": "Feature", "properties": {"n": "(주)클라루스호텔푸르미르", "base": "클라루스호텔푸르미르", "emp": 25, "kind": "관외 본사 추정(지점)", "hq": null, "dart": null, "listed": false, "fy": null, "sales": null, "pretax": null, "ctax": null, "emp_all": 25, "share": 1.0, "res": 0.5, "lis": null, "yr_hs": 0.5, "ind": "호텔업", "dong": "안녕동", "addr": "경기도 화성시 병점구", "loc": "road"}, "geometry": {"type": "Point", "coordinates": [127.03723717946158, 37.21172945217518]}}, {"type": "Feature", "properties": {"n": "행복한일터", "base": "행복한일터", "emp": 25, "kind": "비영리", "hq": null, "dart": null, "listed": false, "fy": null, "sales": null, "pretax": null, "ctax": null, "emp_all": 75, "share": 0.3, "res": 0.5, "lis": null, "yr_hs": 0.5, "ind": "기타 반도체 소자 제조업", "dong": "남양읍", "addr": "경기도 화성시 만세구 남양읍", "loc": "road"}, "geometry": {"type": "Point", "coordinates": [126.84376026173626, 37.16150503605452]}}, {"type": "Feature", "properties": {"n": "(주) 신방유통 송산점", "base": "신방유통", "emp": 25, "kind": "관외 본사", "hq": "경기도 시흥시", "dart": "주식회사 신방유통", "listed": false, "fy": null, "sales": null, "pretax": null, "ctax": null, "emp_all": 750, "share": 0.0, "res": 0.5, "lis": null, "yr_hs": 0.5, "ind": "슈퍼마켓", "dong": "새솔동", "addr": "경기도 화성시 만세구", "loc": "road"}, "geometry": {"type": "Point", "coordinates": [126.82039377936076, 37.27911346700327]}}, {"type": "Feature", "properties": {"n": "주식회사 YG산업", "base": "YG산업", "emp": 25, "kind": "미확인", "hq": null, "dart": null, "listed": false, "fy": null, "sales": null, "pretax": null, "ctax": null, "emp_all": 25, "share": 1.0, "res": 0.5, "lis": null, "yr_hs": 0.5, "ind": "BIZ_NO미존재사업장", "dong": "향남읍", "addr": "경기도 화성시 만세구 향남읍", "loc": "road"}, "geometry": {"type": "Point", "coordinates": [126.89853830912327, 37.08271462319324]}}, {"type": "Feature", "properties": {"n": "묘희원", "base": "묘희원", "emp": 25, "kind": "비영리", "hq": null, "dart": null, "listed": false, "fy": null, "sales": null, "pretax": null, "ctax": null, "emp_all": 25, "share": 1.0, "res": 0.5, "lis": null, "yr_hs": 0.5, "ind": "BIZ_NO미존재사업장", "dong": "남양읍", "addr": "경기도 화성시 만세구 남양읍", "loc": "road"}, "geometry": {"type": "Point", "coordinates": [126.84376026173626, 37.16150503605452]}}, {"type": "Feature", "properties": {"n": "주식회사 스톤위즈", "base": "스톤위즈", "emp": 25, "kind": "미확인", "hq": null, "dart": null, "listed": false, "fy": null, "sales": null, "pretax": null, "ctax": null, "emp_all": 25, "share": 1.0, "res": 0.5, "lis": null, "yr_hs": 0.5, "ind": "BIZ_NO미존재사업장", "dong": "여울동", "addr": "경기도 화성시 동탄구", "loc": "road"}, "geometry": {"type": "Point", "coordinates": [127.08703478529581, 37.202663323913114]}}, {"type": "Feature", "properties": {"n": "(주)뉴원", "base": "뉴원", "emp": 25, "kind": "관외 본사", "hq": "경기도 수원시", "dart": "(주)뉴원", "listed": false, "fy": null, "sales": null, "pretax": null, "ctax": null, "emp_all": 1500, "share": 0.0, "res": 0.5, "lis": null, "yr_hs": 0.5, "ind": "BIZ_NO미존재사업장", "dong": "배양동", "addr": "경기도 화성시 효행구", "loc": "road"}, "geometry": {"type": "Point", "coordinates": [126.98929151208988, 37.22058381570435]}}, {"type": "Feature", "properties": {"n": "주식회사와이유", "base": "와이유", "emp": 25, "kind": "관외 본사", "hq": "울산광역시 중구", "dart": "주식회사 와이유", "listed": false, "fy": null, "sales": null, "pretax": null, "ctax": null, "emp_all": 750, "share": 0.1, "res": 0.5, "lis": null, "yr_hs": 0.5, "ind": "기타 전문 서비스업", "dong": "양감면", "addr": "경기도 화성시 만세구 양감면", "loc": "road"}, "geometry": {"type": "Point", "coordinates": [126.98801842136344, 37.08171495651678]}}, {"type": "Feature", "properties": {"n": "주식회사네오아이오티", "base": "네오아이오티", "emp": 25, "kind": "미확인", "hq": null, "dart": null, "listed": false, "fy": null, "sales": null, "pretax": null, "ctax": null, "emp_all": 25, "share": 1.0, "res": 0.5, "lis": null, "yr_hs": 0.5, "ind": "그 외 기타 기계 및 장비 도매업", "dong": "영천동", "addr": "경기도 화성시 동탄구", "loc": "road"}, "geometry": {"type": "Point", "coordinates": [127.09727713125272, 37.212035782952945]}}, {"type": "Feature", "properties": {"n": "상상이앤에스 주식회사", "base": "상상이앤에스", "emp": 25, "kind": "미확인", "hq": null, "dart": null, "listed": false, "fy": null, "sales": null, "pretax": null, "ctax": null, "emp_all": 25, "share": 1.0, "res": 0.5, "lis": null, "yr_hs": 0.5, "ind": "배관 및 냉ㆍ난방 공사업", "dong": "반정동", "addr": "경기도 화성시 병점구", "loc": "road"}, "geometry": {"type": "Point", "coordinates": [127.02647716903546, 37.22081671583067]}}, {"type": "Feature", "properties": {"n": "서영푸드주식회사", "base": "서영푸드", "emp": 25, "kind": "미확인", "hq": null, "dart": null, "listed": false, "fy": null, "sales": null, "pretax": null, "ctax": null, "emp_all": 25, "share": 1.0, "res": 0.5, "lis": null, "yr_hs": 0.5, "ind": "기타 가공식품 도매업", "dong": "안녕동", "addr": "경기도 화성시", "loc": "road"}, "geometry": {"type": "Point", "coordinates": [127.00393737856822, 37.19658120234197]}}, {"type": "Feature", "properties": {"n": "(주)아산-팔탄지점", "base": "아산", "emp": 25, "kind": "관외 본사 추정(지점)", "hq": null, "dart": null, "listed": false, "fy": null, "sales": null, "pretax": null, "ctax": null, "emp_all": 150, "share": 0.2, "res": 0.5, "lis": null, "yr_hs": 0.5, "ind": "그 외 자동차용 신품 부품 제조업", "dong": "팔탄면", "addr": "경기도 화성시 만세구 팔탄면 푸른들판로", "loc": "bldg"}, "geometry": {"type": "Point", "coordinates": [126.872463, 37.178473]}}, {"type": "Feature", "properties": {"n": "주식회사프린테크케이알(화성공장)", "base": "프린테크케이알", "emp": 25, "kind": "관외 본사 추정(지점)", "hq": null, "dart": null, "listed": false, "fy": null, "sales": null, "pretax": null, "ctax": null, "emp_all": 75, "share": 0.4, "res": 0.5, "lis": null, "yr_hs": 0.5, "ind": "스크린 인쇄업", "dong": "송산면", "addr": "경기도 화성시 만세구 송산면", "loc": "road"}, "geometry": {"type": "Point", "coordinates": [126.69541905071962, 37.215984081637075]}}, {"type": "Feature", "properties": {"n": "화담중학교", "base": "화담중", "emp": 25, "kind": "미확인", "hq": null, "dart": null, "listed": false, "fy": null, "sales": null, "pretax": null, "ctax": null, "emp_all": 25, "share": 1.0, "res": 0.5, "lis": null, "yr_hs": 0.5, "ind": "BIZ_NO미존재사업장", "dong": "봉담읍", "addr": "경기도 화성시 효행구 봉담읍", "loc": "road"}, "geometry": {"type": "Point", "coordinates": [126.94207376968689, 37.22731982992715]}}, {"type": "Feature", "properties": {"n": "화성아름마을", "base": "화성아름마을", "emp": 25, "kind": "비영리", "hq": null, "dart": null, "listed": false, "fy": null, "sales": null, "pretax": null, "ctax": null, "emp_all": 25, "share": 1.0, "res": 0.5, "lis": null, "yr_hs": 0.5, "ind": "BIZ_NO미존재사업장", "dong": "송산면", "addr": "경기도 화성시 만세구 송산면", "loc": "road"}, "geometry": {"type": "Point", "coordinates": [126.73319700215968, 37.233831523231316]}}, {"type": "Feature", "properties": {"n": "다우실란트산업(주)화성지점", "base": "다우실란트산업", "emp": 25, "kind": "관외 본사", "hq": "서울특별시 구로구", "dart": "다우실란트산업(주)", "listed": false, "fy": null, "sales": null, "pretax": null, "ctax": null, "emp_all": 1500, "share": 0.0, "res": 0.5, "lis": null, "yr_hs": 0.5, "ind": "포장용 플라스틱 성형용기 제조업", "dong": "팔탄면", "addr": "경기도 화성시 만세구 팔탄면", "loc": "road"}, "geometry": {"type": "Point", "coordinates": [126.86538912243793, 37.1831790852566]}}, {"type": "Feature", "properties": {"n": "주식회사 VALID", "base": "VALID", "emp": 25, "kind": "관내 본사(KoDATA 누락)", "hq": "경기도 화성시", "dart": "주식회사 VALID", "listed": false, "fy": null, "sales": null, "pretax": null, "ctax": null, "emp_all": 1500, "share": 0.0, "res": 0.5, "lis": null, "yr_hs": 0.5, "ind": "전기식 진단 및 요법 기기 제조업", "dong": "정남면", "addr": "경기도 화성시 효행구 정남면", "loc": "road"}, "geometry": {"type": "Point", "coordinates": [127.02965356481477, 37.1451485694096]}}, {"type": "Feature", "properties": {"n": "(주)명일건설", "base": "명일건설", "emp": 25, "kind": "관내 본사(KoDATA 누락)", "hq": "경기도 화성시", "dart": "(주) 명일건설", "listed": false, "fy": null, "sales": null, "pretax": null, "ctax": null, "emp_all": 750, "share": 0.1, "res": 0.5, "lis": null, "yr_hs": 0.5, "ind": "BIZ_NO미존재사업장", "dong": "영천동", "addr": "경기도 화성시 동탄구", "loc": "road"}, "geometry": {"type": "Point", "coordinates": [127.10285951590791, 37.21175860729589]}}, {"type": "Feature", "properties": {"n": "주식회사에코프로에이치엔 화성사업장", "base": "에코프로에이치엔", "emp": 25, "kind": "관외 본사", "hq": "충청북도 청주시", "dart": "주식회사 에코프로에이치엔", "listed": true, "fy": 2025, "sales": 2000, "pretax": 200, "ctax": 20, "emp_all": 400, "share": 0.1, "res": 0.5, "lis": 0.5, "yr_hs": 0.5, "ind": "기체 여과기 제조업", "dong": "반월동", "addr": "경기도 화성시 병점구", "loc": "road"}, "geometry": {"type": "Point", "coordinates": [127.06397206942594, 37.235219528941826]}}, {"type": "Feature", "properties": {"n": "(주)유니코넥션(화성)", "base": "유니코넥션", "emp": 25, "kind": "관외 본사", "hq": "세종특별자치시 전동면", "dart": "(주)유니코넥션", "listed": false, "fy": null, "sales": null, "pretax": null, "ctax": null, "emp_all": 750, "share": 0.1, "res": 0.5, "lis": null, "yr_hs": 0.5, "ind": "포장용 플라스틱 성형용기 제조업", "dong": "향남읍", "addr": "경기도 화성시 만세구 향남읍", "loc": "road"}, "geometry": {"type": "Point", "coordinates": [126.95924791576883, 37.13065672747372]}}, {"type": "Feature", "properties": {"n": "법무법인제이엘동탄분사무소", "base": "법무법인제이엘동탄분사무소", "emp": 25, "kind": "관외 본사 추정(지점)", "hq": null, "dart": null, "listed": false, "fy": null, "sales": null, "pretax": null, "ctax": null, "emp_all": 25, "share": 1.0, "res": 0.5, "lis": null, "yr_hs": 0.5, "ind": "변호사업", "dong": "산척동", "addr": "경기도 화성시 동탄구", "loc": "road"}, "geometry": {"type": "Point", "coordinates": [127.09463141102063, 37.16454318950708]}}, {"type": "Feature", "properties": {"n": "화성시아름장애인보호작업장동탄점", "base": "화성시아름장애인보호작업장", "emp": 25, "kind": "비영리", "hq": null, "dart": null, "listed": false, "fy": null, "sales": null, "pretax": null, "ctax": null, "emp_all": 25, "share": 0.6, "res": 0.5, "lis": null, "yr_hs": 0.5, "ind": "기타 직물제품 제조업", "dong": "산척동", "addr": "경기도 화성시 동탄구", "loc": "road"}, "geometry": {"type": "Point", "coordinates": [127.10631454578882, 37.176317801597094]}}, {"type": "Feature", "properties": {"n": "근로복지공단 경기요양병원 부설 케어센터", "base": "근로복지공단경기요양병원부설케어", "emp": 25, "kind": "관외 본사", "hq": "서울특별시 영등포구", "dart": "근로복지공단", "listed": false, "fy": null, "sales": null, "pretax": null, "ctax": null, "emp_all": 1500, "share": 0.0, "res": 0.5, "lis": null, "yr_hs": 0.5, "ind": "애완 동물 장묘 및 보호 서비스업", "dong": "우정읍", "addr": "경기도 화성시 만세구 우정읍", "loc": "road"}, "geometry": {"type": "Point", "coordinates": [126.81521647490489, 37.088196317318626]}}, {"type": "Feature", "properties": {"n": "근로복지공단화성어린이집", "base": "근로복지공단화성어린이집", "emp": 25, "kind": "관외 본사", "hq": "서울특별시 영등포구", "dart": "근로복지공단", "listed": false, "fy": null, "sales": null, "pretax": null, "ctax": null, "emp_all": 1500, "share": 0.0, "res": 0.5, "lis": null, "yr_hs": 0.5, "ind": "BIZ_NO미존재사업장", "dong": "영천동", "addr": "경기도 화성시 동탄구", "loc": "road"}, "geometry": {"type": "Point", "coordinates": [127.08906497062337, 37.16984450078131]}}, {"type": "Feature", "properties": {"n": "(주)포엔 화성지사", "base": "포엔", "emp": 25, "kind": "관외 본사", "hq": "경기도 의왕시", "dart": "주식회사 포엔", "listed": false, "fy": null, "sales": null, "pretax": null, "ctax": null, "emp_all": 750, "share": 0.0, "res": 0.5, "lis": null, "yr_hs": 0.5, "ind": "그 외 기타 전자 부품 제조업", "dong": "마도면", "addr": "경기도 화성시 만세구 마도면", "loc": "road"}, "geometry": {"type": "Point", "coordinates": [126.79083725269291, 37.185380588960086]}}, {"type": "Feature", "properties": {"n": "(주)MIR미르산업", "base": "MIR미르산업", "emp": 25, "kind": "미확인", "hq": null, "dart": null, "listed": false, "fy": null, "sales": null, "pretax": null, "ctax": null, "emp_all": 25, "share": 1.0, "res": 0.5, "lis": null, "yr_hs": 0.5, "ind": "주형 및 금형 제조업", "dong": "팔탄면", "addr": "경기도 화성시 만세구 팔탄면", "loc": "road"}, "geometry": {"type": "Point", "coordinates": [126.85379260673992, 37.12571638513356]}}, {"type": "Feature", "properties": {"n": "남동탄서비스기아오토큐 주식회사", "base": "남동탄서비스기아오토큐", "emp": 25, "kind": "미확인", "hq": null, "dart": null, "listed": false, "fy": null, "sales": null, "pretax": null, "ctax": null, "emp_all": 25, "share": 1.0, "res": 0.5, "lis": null, "yr_hs": 0.5, "ind": "자동차 전문 수리업", "dong": "동탄면", "addr": "경기도 화성시", "loc": "road"}, "geometry": {"type": "Point", "coordinates": [127.09458290283935, 37.1591179483425]}}, {"type": "Feature", "properties": {"n": "주식회사 노바링크", "base": "노바링크", "emp": 25, "kind": "미확인", "hq": null, "dart": null, "listed": false, "fy": null, "sales": null, "pretax": null, "ctax": null, "emp_all": 25, "share": 1.0, "res": 0.5, "lis": null, "yr_hs": 0.5, "ind": "그 외 기타 분류 안된 사업 지원 서비스업", "dong": "반송동", "addr": "경기도 화성시 동탄구", "loc": "road"}, "geometry": {"type": "Point", "coordinates": [127.07237227693632, 37.20058085141049]}}, {"type": "Feature", "properties": {"n": "더편한방문간호요양센터", "base": "더편한방문간호요양", "emp": 25, "kind": "미확인", "hq": null, "dart": null, "listed": false, "fy": null, "sales": null, "pretax": null, "ctax": null, "emp_all": 25, "share": 1.0, "res": 0.5, "lis": null, "yr_hs": 0.5, "ind": "BIZ_NO미존재사업장", "dong": "반송동", "addr": "경기도 화성시 동탄구", "loc": "road"}, "geometry": {"type": "Point", "coordinates": [127.06959272035105, 37.2015938265105]}}, {"type": "Feature", "properties": {"n": "(주)비주 지점", "base": "비주", "emp": 25, "kind": "관외 본사 추정(지점)", "hq": null, "dart": null, "listed": false, "fy": null, "sales": null, "pretax": null, "ctax": null, "emp_all": 150, "share": 0.1, "res": 0.5, "lis": null, "yr_hs": 0.5, "ind": "일반 창고업", "dong": "장지동", "addr": "경기도 화성시 동탄구", "loc": "road"}, "geometry": {"type": "Point", "coordinates": [127.09458290283935, 37.1591179483425]}}, {"type": "Feature", "properties": {"n": "수현초등학교(직장)", "base": "수현초등", "emp": 25, "kind": "미확인", "hq": null, "dart": null, "listed": false, "fy": null, "sales": null, "pretax": null, "ctax": null, "emp_all": 25, "share": 1.0, "res": 0.5, "lis": null, "yr_hs": 0.5, "ind": "BIZ_NO미존재사업장", "dong": "봉담읍", "addr": "경기도 화성시 효행구 봉담읍 상리3길", "loc": "bldg"}, "geometry": {"type": "Point", "coordinates": [126.95027, 37.227752]}}, {"type": "Feature", "properties": {"n": "시립능동어린이집", "base": "시립능동어린이집", "emp": 25, "kind": "미확인", "hq": null, "dart": null, "listed": false, "fy": null, "sales": null, "pretax": null, "ctax": null, "emp_all": 25, "share": 1.0, "res": 0.5, "lis": null, "yr_hs": 0.5, "ind": "BIZ_NO미존재사업장", "dong": "능동", "addr": "경기도 화성시 동탄구", "loc": "road"}, "geometry": {"type": "Point", "coordinates": [127.0744847143385, 37.2068601585413]}}, {"type": "Feature", "properties": {"n": "(주)진일텍프라", "base": "진일텍프라", "emp": 25, "kind": "미확인", "hq": null, "dart": null, "listed": false, "fy": null, "sales": null, "pretax": null, "ctax": null, "emp_all": 25, "share": 1.0, "res": 0.5, "lis": null, "yr_hs": 0.5, "ind": "해당없음", "dong": "정남면", "addr": "경기도 화성시 효행구 정남면", "loc": "road"}, "geometry": {"type": "Point", "coordinates": [127.0158626534215, 37.13046579528029]}}, {"type": "Feature", "properties": {"n": "화성시남부노인복지관", "base": "화성시남부노인복지관", "emp": 25, "kind": "비영리", "hq": null, "dart": null, "listed": false, "fy": null, "sales": null, "pretax": null, "ctax": null, "emp_all": 75, "share": 0.3, "res": 0.5, "lis": null, "yr_hs": 0.5, "ind": "BIZ_NO미존재사업장", "dong": "향남읍", "addr": "경기도 화성시 만세구 향남읍", "loc": "road"}, "geometry": {"type": "Point", "coordinates": [126.93771750320788, 37.12422857077269]}}, {"type": "Feature", "properties": {"n": "현대자동차남양연구소 어린이집", "base": "현대자동차남양연구소어린이집", "emp": 25, "kind": "관외 본사", "hq": "서울특별시 서초구", "dart": "현대자동차(주)", "listed": true, "fy": 2025, "sales": 65000, "pretax": 65000, "ctax": 6500, "emp_all": 1500, "share": 0.0, "res": 0.5, "lis": 0.5, "yr_hs": 0.5, "ind": "BIZ_NO미존재사업장", "dong": "남양읍", "addr": "경기도 화성시 만세구 남양읍", "loc": "road"}, "geometry": {"type": "Point", "coordinates": [126.82246021707593, 37.19603811296943]}}, {"type": "Feature", "properties": {"n": "주식회사시노펙스", "base": "시노펙스", "emp": 25, "kind": "관외 본사", "hq": "경상북도 포항시", "dart": "(주)시노펙스", "listed": true, "fy": 2025, "sales": 2000, "pretax": 65, "ctax": 7.5, "emp_all": 150, "share": 0.2, "res": 0.5, "lis": 0.5, "yr_hs": 0.5, "ind": "판지 상자 및 용기 제조업", "dong": "방교동", "addr": "경기도 화성시 동탄구", "loc": "road"}, "geometry": {"type": "Point", "coordinates": [127.08541373442844, 37.17293297334347]}}, {"type": "Feature", "properties": {"n": "주식회사에스에이치비", "base": "에스에이치비", "emp": 25, "kind": "관외 본사", "hq": "경상북도 경산시", "dart": "(주)에스에이치비", "listed": false, "fy": null, "sales": null, "pretax": null, "ctax": null, "emp_all": 1500, "share": 0.0, "res": 0.5, "lis": null, "yr_hs": 0.5, "ind": "그 외 자동차용 신품 부품 제조업", "dong": "우정읍", "addr": "경기도 화성시 만세구 우정읍", "loc": "road"}, "geometry": {"type": "Point", "coordinates": [126.79801490472747, 37.016105645901334]}}, {"type": "Feature", "properties": {"n": "(주)푸딩", "base": "푸딩", "emp": 25, "kind": "관외 본사", "hq": "대구광역시 동구", "dart": "주식회사 푸딩", "listed": false, "fy": null, "sales": null, "pretax": null, "ctax": null, "emp_all": 750, "share": 0.1, "res": 0.5, "lis": null, "yr_hs": 0.5, "ind": "광고 대행업", "dong": "영천동", "addr": "경기도 화성시 동탄구", "loc": "road"}, "geometry": {"type": "Point", "coordinates": [127.09727713125272, 37.212035782952945]}}, {"type": "Feature", "properties": {"n": "(주)대석proto", "base": "대석PROTO", "emp": 25, "kind": "미확인", "hq": null, "dart": null, "listed": false, "fy": null, "sales": null, "pretax": null, "ctax": null, "emp_all": 25, "share": 1.0, "res": 0.5, "lis": null, "yr_hs": 0.5, "ind": "그 외 자동차용 신품 부품 제조업", "dong": "남양읍", "addr": "경기도 화성시 만세구 남양읍", "loc": "road"}, "geometry": {"type": "Point", "coordinates": [126.84313933093993, 37.217947968811465]}}, {"type": "Feature", "properties": {"n": "주식회사 리턴모빌리티 (Return Mobility Inc.)", "base": "리턴모빌리티", "emp": 25, "kind": "미확인", "hq": null, "dart": null, "listed": false, "fy": null, "sales": null, "pretax": null, "ctax": null, "emp_all": 25, "share": 1.0, "res": 0.5, "lis": null, "yr_hs": 0.5, "ind": "시스템 소프트웨어 개발 및 공급업", "dong": "서신면", "addr": "경기도 화성시 만세구 서신면", "loc": "road"}, "geometry": {"type": "Point", "coordinates": [126.71044282398813, 37.179667999961055]}}, {"type": "Feature", "properties": {"n": "새솔고등학교(직장)", "base": "새솔고등", "emp": 25, "kind": "미확인", "hq": null, "dart": null, "listed": false, "fy": null, "sales": null, "pretax": null, "ctax": null, "emp_all": 25, "share": 1.0, "res": 0.5, "lis": null, "yr_hs": 0.5, "ind": "BIZ_NO미존재사업장", "dong": "새솔동", "addr": "경기도 화성시 만세구", "loc": "road"}, "geometry": {"type": "Point", "coordinates": [126.82761044589313, 37.27345001495092]}}, {"type": "Feature", "properties": {"n": "신남초등학교(직장)", "base": "신남초등", "emp": 25, "kind": "미확인", "hq": null, "dart": null, "listed": false, "fy": null, "sales": null, "pretax": null, "ctax": null, "emp_all": 25, "share": 0.6, "res": 0.5, "lis": null, "yr_hs": 0.5, "ind": "BIZ_NO미존재사업장", "dong": "남양읍", "addr": "경기도 화성시 만세구 남양읍", "loc": "road"}, "geometry": {"type": "Point", "coordinates": [126.81755860431548, 37.19283546538712]}}, {"type": "Feature", "properties": {"n": "해원학교", "base": "해원학교", "emp": 25, "kind": "비영리", "hq": null, "dart": null, "listed": false, "fy": null, "sales": null, "pretax": null, "ctax": null, "emp_all": 25, "share": 1.0, "res": 0.5, "lis": null, "yr_hs": 0.5, "ind": "해당없음", "dong": "장안면", "addr": "경기도 화성시 만세구 장안면", "loc": "road"}, "geometry": {"type": "Point", "coordinates": [126.83649456057276, 37.09307823435989]}}, {"type": "Feature", "properties": {"n": "화성동탄우체국", "base": "화성동탄우체국", "emp": 25, "kind": "미확인", "hq": null, "dart": null, "listed": false, "fy": null, "sales": null, "pretax": null, "ctax": null, "emp_all": 25, "share": 1.0, "res": 0.5, "lis": null, "yr_hs": 0.5, "ind": "택배업", "dong": "석우동", "addr": "경기도 화성시 동탄구", "loc": "road"}, "geometry": {"type": "Point", "coordinates": [127.08511458293322, 37.19502719881835]}}, {"type": "Feature", "properties": {"n": "화성시청/2026년 농지이용실태조사 지원사업", "base": "화성시청2026년농지이용실태조사지원사업", "emp": 25, "kind": "미확인", "hq": null, "dart": null, "listed": false, "fy": null, "sales": null, "pretax": null, "ctax": null, "emp_all": 25, "share": 1.0, "res": 0.5, "lis": null, "yr_hs": 0.5, "ind": "비주거용 건물 임대업(점포  자기땅)", "dong": "남양읍", "addr": "경기도 화성시 만세구 남양읍", "loc": "road"}, "geometry": {"type": "Point", "coordinates": [126.81507393180863, 37.2077560746863]}}, {"type": "Feature", "properties": {"n": "(주)파워클", "base": "파워클", "emp": 25, "kind": "관외 본사", "hq": "경기도 안양시", "dart": "(주)파워클", "listed": false, "fy": null, "sales": null, "pretax": null, "ctax": null, "emp_all": 1500, "share": 0.0, "res": 0.5, "lis": null, "yr_hs": 0.5, "ind": "산업용 로봇 제조업", "dong": "서신면", "addr": "경기도 화성시 만세구 서신면", "loc": "road"}, "geometry": {"type": "Point", "coordinates": [126.68373664511462, 37.11540144353182]}}, {"type": "Feature", "properties": {"n": "주식회사위플러스", "base": "위플러스", "emp": 25, "kind": "관외 본사", "hq": "서울특별시 서초구", "dart": "위플러스자산운용", "listed": false, "fy": null, "sales": null, "pretax": null, "ctax": null, "emp_all": 1500, "share": 0.0, "res": 0.5, "lis": null, "yr_hs": 0.5, "ind": "그 외 기타 분류 안된 사업 지원 서비스업", "dong": "봉담읍", "addr": "경기도 화성시 효행구 봉담읍", "loc": "road"}, "geometry": {"type": "Point", "coordinates": [126.96119943416276, 37.21706078172946]}}, {"type": "Feature", "properties": {"n": "주식회사쎌텍어드밴스트", "base": "쎌텍어드밴스트", "emp": 25, "kind": "관외 본사", "hq": "경기도 수원시", "dart": "주식회사 쎌텍어드밴스트", "listed": false, "fy": null, "sales": null, "pretax": null, "ctax": null, "emp_all": 1500, "share": 0.0, "res": 0.5, "lis": null, "yr_hs": 0.5, "ind": "기타 반도체 소자 제조업", "dong": "안녕동", "addr": "경기도 화성시 병점구", "loc": "road"}, "geometry": {"type": "Point", "coordinates": [126.99434867205315, 37.19745201464154]}}, {"type": "Feature", "properties": {"n": "주식회사한창인터내셔날/물류창고", "base": "한창인터내셔날물류창고", "emp": 25, "kind": "관외 본사", "hq": "경기도 안양시", "dart": "(주)한창인터내셔날", "listed": false, "fy": null, "sales": null, "pretax": null, "ctax": null, "emp_all": 1500, "share": 0.0, "res": 0.5, "lis": null, "yr_hs": 0.5, "ind": "전자상거래 소매 중개업", "dong": "남양읍", "addr": "경기도 화성시 만세구 남양읍", "loc": "road"}, "geometry": {"type": "Point", "coordinates": [126.83516264814939, 37.16770941164511]}}, {"type": "Feature", "properties": {"n": "더샘물학교", "base": "더샘물", "emp": 25, "kind": "비영리", "hq": null, "dart": null, "listed": false, "fy": null, "sales": null, "pretax": null, "ctax": null, "emp_all": 25, "share": 1.0, "res": 0.5, "lis": null, "yr_hs": 0.5, "ind": "BIZ_NO미존재사업장", "dong": "여울동", "addr": "경기도 화성시 동탄구", "loc": "road"}, "geometry": {"type": "Point", "coordinates": [127.10354353750067, 37.185973970707096]}}, {"type": "Feature", "properties": {"n": "수원가톨릭대학교", "base": "수원가톨릭대", "emp": 25, "kind": "비영리", "hq": null, "dart": null, "listed": false, "fy": null, "sales": null, "pretax": null, "ctax": null, "emp_all": 25, "share": 1.0, "res": 0.5, "lis": null, "yr_hs": 0.5, "ind": "해당없음", "dong": "봉담읍", "addr": "경기도 화성시 효행구 봉담읍", "loc": "road"}, "geometry": {"type": "Point", "coordinates": [126.93757072539715, 37.18971484957613]}}, {"type": "Feature", "properties": {"n": "우진에프에이(주)", "base": "우진에프에이", "emp": 25, "kind": "미확인", "hq": null, "dart": null, "listed": false, "fy": null, "sales": null, "pretax": null, "ctax": null, "emp_all": 75, "share": 0.4, "res": 0.5, "lis": null, "yr_hs": 0.5, "ind": "컴퓨터 프로그래밍 서비스업", "dong": "영천동", "addr": "경기도 화성시 동탄구", "loc": "road"}, "geometry": {"type": "Point", "coordinates": [127.09140681114013, 37.210223562598784]}}, {"type": "Feature", "properties": {"n": "(사)한국장애인협회 생산시설", "base": "한국장애인협회생산시설", "emp": 25, "kind": "비영리", "hq": null, "dart": null, "listed": false, "fy": null, "sales": null, "pretax": null, "ctax": null, "emp_all": 25, "share": 1.0, "res": 0.5, "lis": null, "yr_hs": 0.5, "ind": "생활용 포장 및 위생용품  봉투 및 유사 제품 도매업", "dong": "양감면", "addr": "경기도 화성시 만세구 양감면", "loc": "road"}, "geometry": {"type": "Point", "coordinates": [126.98326663861074, 37.10073734036213]}}, {"type": "Feature", "properties": {"n": "해뜨는마을", "base": "해뜨는마을", "emp": 25, "kind": "비영리", "hq": null, "dart": null, "listed": false, "fy": null, "sales": null, "pretax": null, "ctax": null, "emp_all": 25, "share": 1.0, "res": 0.5, "lis": null, "yr_hs": 0.5, "ind": "BIZ_NO미존재사업장", "dong": "봉담읍", "addr": "경기도 화성시 효행구 봉담읍", "loc": "road"}, "geometry": {"type": "Point", "coordinates": [126.95216478791657, 37.20094404982966]}}, {"type": "Feature", "properties": {"n": "화성세정중학교", "base": "화성세정중", "emp": 25, "kind": "미확인", "hq": null, "dart": null, "listed": false, "fy": null, "sales": null, "pretax": null, "ctax": null, "emp_all": 25, "share": 1.0, "res": 0.5, "lis": null, "yr_hs": 0.5, "ind": "BIZ_NO미존재사업장", "dong": "산척동", "addr": "경기도 화성시 동탄구", "loc": "road"}, "geometry": {"type": "Point", "coordinates": [127.11985036390809, 37.16922452266564]}}, {"type": "Feature", "properties": {"n": "화성시근로자종합복지관", "base": "화성시근로자종합복지관", "emp": 25, "kind": "미확인", "hq": null, "dart": null, "listed": false, "fy": null, "sales": null, "pretax": null, "ctax": null, "emp_all": 25, "share": 1.0, "res": 0.5, "lis": null, "yr_hs": 0.5, "ind": "볼링장 운영업", "dong": "안녕동", "addr": "경기도 화성시 병점구", "loc": "road"}, "geometry": {"type": "Point", "coordinates": [127.0147176776735, 37.20448796967316]}}, {"type": "Feature", "properties": {"n": "(주)소화화성지점", "base": "소화", "emp": 25, "kind": "관외 본사", "hq": "서울특별시 서초구", "dart": "주식회사 소화", "listed": false, "fy": null, "sales": null, "pretax": null, "ctax": null, "emp_all": 1500, "share": 0.0, "res": 0.5, "lis": null, "yr_hs": 0.5, "ind": "그 외 기타 의료용 기기 제조업", "dong": "양감면", "addr": "경기도 화성시 만세구 양감면", "loc": "road"}, "geometry": {"type": "Point", "coordinates": [126.95567837030802, 37.07816328332497]}}, {"type": "Feature", "properties": {"n": "동서화학공업（주）(화성현장)", "base": "동서화학공업", "emp": 25, "kind": "관외 본사", "hq": "경상북도 포항시", "dart": "동서화학공업주식회사", "listed": false, "fy": null, "sales": null, "pretax": null, "ctax": null, "emp_all": 1500, "share": 0.0, "res": 0.5, "lis": null, "yr_hs": 0.5, "ind": "일반용 도료 및 관련제품 제조업", "dong": "장안면", "addr": "경기도 화성시 만세구 장안면", "loc": "road"}, "geometry": {"type": "Point", "coordinates": [126.85711189883548, 37.09696963374677]}}, {"type": "Feature", "properties": {"n": "경기도장애인생산품판매시설", "base": "경기도장애인생산품판매시설", "emp": 25, "kind": "비영리", "hq": null, "dart": null, "listed": false, "fy": null, "sales": null, "pretax": null, "ctax": null, "emp_all": 25, "share": 1.0, "res": 0.5, "lis": null, "yr_hs": 0.5, "ind": "해당없음", "dong": "배양동", "addr": "경기도 화성시 효행구", "loc": "road"}, "geometry": {"type": "Point", "coordinates": [126.99719008126613, 37.22385134382929]}}, {"type": "Feature", "properties": {"n": "사회적협동조합해누리", "base": "사회적협동조합해", "emp": 25, "kind": "비영리", "hq": null, "dart": null, "listed": false, "fy": null, "sales": null, "pretax": null, "ctax": null, "emp_all": 25, "share": 1.0, "res": 0.5, "lis": null, "yr_hs": 0.5, "ind": "BIZ_NO미존재사업장", "dong": "능동", "addr": "경기도 화성시 동탄구", "loc": "road"}, "geometry": {"type": "Point", "coordinates": [127.05141802309154, 37.19924869178286]}}, {"type": "Feature", "properties": {"n": "와~우리장애인보호작업장", "base": "와우리장애인보호작업장", "emp": 25, "kind": "비영리", "hq": null, "dart": null, "listed": false, "fy": null, "sales": null, "pretax": null, "ctax": null, "emp_all": 25, "share": 1.0, "res": 0.5, "lis": null, "yr_hs": 0.5, "ind": "커피 전문점", "dong": "봉담읍", "addr": "경기도 화성시 효행구 봉담읍", "loc": "road"}, "geometry": {"type": "Point", "coordinates": [126.97344918199357, 37.219252543735266]}}, {"type": "Feature", "properties": {"n": "주식회사 와이즈덴", "base": "와이즈덴", "emp": 25, "kind": "미확인", "hq": null, "dart": null, "listed": false, "fy": null, "sales": null, "pretax": null, "ctax": null, "emp_all": 25, "share": 1.0, "res": 0.5, "lis": null, "yr_hs": 0.5, "ind": "그 외 자동차용 신품 부품 제조업", "dong": "반송동", "addr": "경기도 화성시 동탄구", "loc": "road"}, "geometry": {"type": "Point", "coordinates": [127.07330867323344, 37.20574131485071]}}, {"type": "Feature", "properties": {"n": "주식회사이네트(INET)", "base": "이네트", "emp": 25, "kind": "미확인", "hq": null, "dart": null, "listed": false, "fy": null, "sales": null, "pretax": null, "ctax": null, "emp_all": 25, "share": 1.0, "res": 0.5, "lis": null, "yr_hs": 0.5, "ind": "건물용 기계ㆍ장비 설치 공사업", "dong": "여울동", "addr": "경기도 화성시 동탄구", "loc": "road"}, "geometry": {"type": "Point", "coordinates": [127.09098431426274, 37.19801067079216]}}, {"type": "Feature", "properties": {"n": "(주)하나셀트론", "base": "하나셀트론", "emp": 25, "kind": "미확인", "hq": null, "dart": null, "listed": false, "fy": null, "sales": null, "pretax": null, "ctax": null, "emp_all": 25, "share": 1.0, "res": 0.5, "lis": null, "yr_hs": 0.5, "ind": "기타 반도체 소자 제조업", "dong": "팔탄면", "addr": "경기도 화성시 만세구 팔탄면", "loc": "road"}, "geometry": {"type": "Point", "coordinates": [126.85951884976868, 37.13193234974621]}}, {"type": "Feature", "properties": {"n": "화성 서해마루 유스호스텔", "base": "화성서해마루유스호스텔", "emp": 25, "kind": "비영리", "hq": null, "dart": null, "listed": false, "fy": null, "sales": null, "pretax": null, "ctax": null, "emp_all": 25, "share": 1.0, "res": 0.5, "lis": null, "yr_hs": 0.5, "ind": "해당없음", "dong": "서신면", "addr": "경기도 화성시 만세구 서신면", "loc": "road"}, "geometry": {"type": "Point", "coordinates": [126.68140597763355, 37.131612031448824]}}, {"type": "Feature", "properties": {"n": "화성소방서", "base": "화성소", "emp": 25, "kind": "미확인", "hq": null, "dart": null, "listed": false, "fy": null, "sales": null, "pretax": null, "ctax": null, "emp_all": 25, "share": 1.0, "res": 0.5, "lis": null, "yr_hs": 0.5, "ind": "BIZ_NO미존재사업장", "dong": "향남읍", "addr": "경기도 화성시 만세구 향남읍 향남로", "loc": "bldg"}, "geometry": {"type": "Point", "coordinates": [126.920606, 37.131013]}}, {"type": "Feature", "properties": {"n": "화성신동초등학교", "base": "화성신동초등", "emp": 25, "kind": "미확인", "hq": null, "dart": null, "listed": false, "fy": null, "sales": null, "pretax": null, "ctax": null, "emp_all": 25, "share": 1.0, "res": 0.5, "lis": null, "yr_hs": 0.5, "ind": "BIZ_NO미존재사업장", "dong": "신동", "addr": "", "loc": "dong"}, "geometry": {"type": "Point", "coordinates": [127.15724140883472, 37.18704129223333]}}, {"type": "Feature", "properties": {"n": "(주)아르디온지점", "base": "아르디온", "emp": 25, "kind": "관외 본사", "hq": "서울특별시 송파구", "dart": "(주)아르디온", "listed": false, "fy": null, "sales": null, "pretax": null, "ctax": null, "emp_all": 1500, "share": 0.0, "res": 0.5, "lis": null, "yr_hs": 0.5, "ind": "그 외 기타 상품 전문 도매업", "dong": "양감면", "addr": "경기도 화성시 만세구 양감면", "loc": "road"}, "geometry": {"type": "Point", "coordinates": [126.92338366859536, 37.07946084713869]}}, {"type": "Feature", "properties": {"n": "주식회사윌테크", "base": "윌테크", "emp": 25, "kind": "관외 본사", "hq": "경상북도 구미시", "dart": "주식회사 윌테크", "listed": false, "fy": null, "sales": null, "pretax": null, "ctax": null, "emp_all": 1500, "share": 0.0, "res": 0.5, "lis": null, "yr_hs": 0.5, "ind": "유선 통신장비 제조업", "dong": "영천동", "addr": "경기도 화성시 동탄구", "loc": "road"}, "geometry": {"type": "Point", "coordinates": [127.10285951590791, 37.21175860729589]}}, {"type": "Feature", "properties": {"n": "관세법인 정상 경기지사", "base": "관세법인", "emp": 25, "kind": "관외 본사 추정(지점)", "hq": null, "dart": null, "listed": false, "fy": null, "sales": null, "pretax": null, "ctax": null, "emp_all": 250, "share": 0.1, "res": 0.5, "lis": null, "yr_hs": 0.5, "ind": "통관 대리 및 관련서비스업 / 화물 운송 중개  대리", "dong": "영천동", "addr": "경기도 화성시 동탄구", "loc": "road"}, "geometry": {"type": "Point", "coordinates": [127.09463141102063, 37.16454318950708]}}, {"type": "Feature", "properties": {"n": "라온유치원(직장)", "base": "라온유치원", "emp": 25, "kind": "미확인", "hq": null, "dart": null, "listed": false, "fy": null, "sales": null, "pretax": null, "ctax": null, "emp_all": 25, "share": 0.7, "res": 0.5, "lis": null, "yr_hs": 0.5, "ind": "BIZ_NO미존재사업장", "dong": "산척동", "addr": "경기도 화성시 동탄구", "loc": "road"}, "geometry": {"type": "Point", "coordinates": [127.12066980308501, 37.172677173636174]}}, {"type": "Feature", "properties": {"n": "시립반송어린이집", "base": "시립반송어린이집", "emp": 25, "kind": "미확인", "hq": null, "dart": null, "listed": false, "fy": null, "sales": null, "pretax": null, "ctax": null, "emp_all": 25, "share": 1.0, "res": 0.5, "lis": null, "yr_hs": 0.5, "ind": "BIZ_NO미존재사업장", "dong": "반송동", "addr": "경기도 화성시 동탄구", "loc": "road"}, "geometry": {"type": "Point", "coordinates": [127.08511458293322, 37.19502719881835]}}, {"type": "Feature", "properties": {"n": "신백중학교(직장)", "base": "신백중", "emp": 25, "kind": "미확인", "hq": null, "dart": null, "listed": false, "fy": null, "sales": null, "pretax": null, "ctax": null, "emp_all": 25, "share": 1.0, "res": 0.5, "lis": null, "yr_hs": 0.5, "ind": "BIZ_NO미존재사업장", "dong": "남양읍", "addr": "경기도 화성시 만세구 남양읍 역골중앙로", "loc": "bldg"}, "geometry": {"type": "Point", "coordinates": [126.830195, 37.203396]}}, {"type": "Feature", "properties": {"n": "여울초등학교", "base": "여울초등", "emp": 25, "kind": "미확인", "hq": null, "dart": null, "listed": false, "fy": null, "sales": null, "pretax": null, "ctax": null, "emp_all": 25, "share": 0.8, "res": 0.5, "lis": null, "yr_hs": 0.5, "ind": "BIZ_NO미존재사업장", "dong": "여울동", "addr": "경기도 화성시 동탄구", "loc": "road"}, "geometry": {"type": "Point", "coordinates": [127.09098431426274, 37.19801067079216]}}, {"type": "Feature", "properties": {"n": "(주)종우&종우소방기술단", "base": "종우종우소방기술단", "emp": 25, "kind": "미확인", "hq": null, "dart": null, "listed": false, "fy": null, "sales": null, "pretax": null, "ctax": null, "emp_all": 25, "share": 1.0, "res": 0.5, "lis": null, "yr_hs": 0.5, "ind": "그 외 기타 분류 안된 상품 전문 소매업", "dong": "비봉면", "addr": "경기도 화성시 효행구 비봉면", "loc": "road"}, "geometry": {"type": "Point", "coordinates": [126.82904534641705, 37.24809296411327]}}, {"type": "Feature", "properties": {"n": "금곡초등학교", "base": "금곡초등", "emp": 25, "kind": "미확인", "hq": null, "dart": null, "listed": false, "fy": null, "sales": null, "pretax": null, "ctax": null, "emp_all": 25, "share": 0.5, "res": 0.5, "lis": null, "yr_hs": 0.5, "ind": "비주거용 건물 임대업(점포  자기땅)", "dong": "반송동", "addr": "경기도 화성시 동탄구", "loc": "road"}, "geometry": {"type": "Point", "coordinates": [127.06627716778925, 37.19862366262666]}}, {"type": "Feature", "properties": {"n": "내리숲초등학교", "base": "내리숲초등", "emp": 25, "kind": "미확인", "hq": null, "dart": null, "listed": false, "fy": null, "sales": null, "pretax": null, "ctax": null, "emp_all": 25, "share": 1.0, "res": 0.5, "lis": null, "yr_hs": 0.5, "ind": "BIZ_NO미존재사업장", "dong": "봉담읍", "addr": "경기도 화성시 효행구 봉담읍", "loc": "road"}, "geometry": {"type": "Point", "coordinates": [126.92450217029314, 37.22601842505438]}}, {"type": "Feature", "properties": {"n": "동탄어울림사회복지관", "base": "동탄어울림사회복지관", "emp": 25, "kind": "비영리", "hq": null, "dart": null, "listed": false, "fy": null, "sales": null, "pretax": null, "ctax": null, "emp_all": 25, "share": 1.0, "res": 0.5, "lis": null, "yr_hs": 0.5, "ind": "BIZ_NO미존재사업장", "dong": "청계동", "addr": "경기도 화성시 동탄구", "loc": "road"}, "geometry": {"type": "Point", "coordinates": [127.11088512166691, 37.19874593733847]}}, {"type": "Feature", "properties": {"n": "문서지기(주)", "base": "문서지기", "emp": 25, "kind": "미확인", "hq": null, "dart": null, "listed": false, "fy": null, "sales": null, "pretax": null, "ctax": null, "emp_all": 25, "share": 1.0, "res": 0.5, "lis": null, "yr_hs": 0.5, "ind": "항공 및 육상 화물 취급업", "dong": "영천동", "addr": "경기도 화성시 동탄구", "loc": "road"}, "geometry": {"type": "Point", "coordinates": [127.10414111853503, 37.172068388707345]}}, {"type": "Feature", "properties": {"n": "시립반송보듬이나눔이어린이집", "base": "시립반송보듬이나눔이어린이집", "emp": 25, "kind": "비영리", "hq": null, "dart": null, "listed": false, "fy": null, "sales": null, "pretax": null, "ctax": null, "emp_all": 25, "share": 1.0, "res": 0.5, "lis": null, "yr_hs": 0.5, "ind": "그 외 기타 달리 분류되지 않은 개인 서비스업", "dong": "반송동", "addr": "경기도 화성시 동탄구", "loc": "road"}, "geometry": {"type": "Point", "coordinates": [127.0716417897898, 37.19961498466155]}}, {"type": "Feature", "properties": {"n": "시립숲속어린이집", "base": "시립숲속어린이집", "emp": 25, "kind": "비영리", "hq": null, "dart": null, "listed": false, "fy": null, "sales": null, "pretax": null, "ctax": null, "emp_all": 25, "share": 1.0, "res": 0.5, "lis": null, "yr_hs": 0.5, "ind": "BIZ_NO미존재사업장", "dong": "능동", "addr": "경기도 화성시 동탄구", "loc": "road"}, "geometry": {"type": "Point", "coordinates": [127.05875324235276, 37.207216321577015]}}, {"type": "Feature", "properties": {"n": "와우고등학교", "base": "와우고등", "emp": 25, "kind": "미확인", "hq": null, "dart": null, "listed": false, "fy": null, "sales": null, "pretax": null, "ctax": null, "emp_all": 25, "share": 1.0, "res": 0.5, "lis": null, "yr_hs": 0.5, "ind": "BIZ_NO미존재사업장", "dong": "봉담읍", "addr": "경기도 화성시 효행구 봉담읍 동화서북안길", "loc": "bldg"}, "geometry": {"type": "Point", "coordinates": [126.967426, 37.219737]}}, {"type": "Feature", "properties": {"n": "치동중학교", "base": "치동중", "emp": 25, "kind": "미확인", "hq": null, "dart": null, "listed": false, "fy": null, "sales": null, "pretax": null, "ctax": null, "emp_all": 25, "share": 1.0, "res": 0.5, "lis": null, "yr_hs": 0.5, "ind": "BIZ_NO미존재사업장", "dong": "영천동", "addr": "경기도 화성시 동탄구", "loc": "road"}, "geometry": {"type": "Point", "coordinates": [127.09463141102063, 37.16454318950708]}}, {"type": "Feature", "properties": {"n": "(주)한국AIR브레이크", "base": "한국AIR브레이크", "emp": 25, "kind": "미확인", "hq": null, "dart": null, "listed": false, "fy": null, "sales": null, "pretax": null, "ctax": null, "emp_all": 25, "share": 1.0, "res": 0.5, "lis": null, "yr_hs": 0.5, "ind": "그 외 자동차용 신품 부품 제조업", "dong": "팔탄면", "addr": "경기도 화성시 만세구 팔탄면", "loc": "road"}, "geometry": {"type": "Point", "coordinates": [126.88133211560057, 37.19558800594432]}}, {"type": "Feature", "properties": {"n": "행복플러스보호작업장", "base": "행복플러스보호작업장", "emp": 25, "kind": "비영리", "hq": null, "dart": null, "listed": false, "fy": null, "sales": null, "pretax": null, "ctax": null, "emp_all": 25, "share": 0.5, "res": 0.5, "lis": null, "yr_hs": 0.5, "ind": "위생용 종이제품 제조업", "dong": "팔탄면", "addr": "경기도 화성시 만세구 팔탄면", "loc": "road"}, "geometry": {"type": "Point", "coordinates": [126.91613090211015, 37.141910516230695]}}, {"type": "Feature", "properties": {"n": "홍익디자인고등학교", "base": "홍익디", "emp": 25, "kind": "비영리", "hq": null, "dart": null, "listed": false, "fy": null, "sales": null, "pretax": null, "ctax": null, "emp_all": 25, "share": 0.5, "res": 0.5, "lis": null, "yr_hs": 0.5, "ind": "해당없음", "dong": "기안동", "addr": "경기도 화성시 효행구", "loc": "road"}, "geometry": {"type": "Point", "coordinates": [126.97158445921796, 37.22834175381035]}}, {"type": "Feature", "properties": {"n": "화성시의회", "base": "화성시의회", "emp": 25, "kind": "미확인", "hq": null, "dart": null, "listed": false, "fy": null, "sales": null, "pretax": null, "ctax": null, "emp_all": 25, "share": 1.0, "res": 0.5, "lis": null, "yr_hs": 0.5, "ind": "BIZ_NO미존재사업장", "dong": "남양읍", "addr": "경기도 화성시 만세구 남양읍", "loc": "road"}, "geometry": {"type": "Point", "coordinates": [126.81863608303317, 37.20818831660475]}}, {"type": "Feature", "properties": {"n": "화성시장애인체육회", "base": "화성시장애인체육회", "emp": 25, "kind": "비영리", "hq": null, "dart": null, "listed": false, "fy": null, "sales": null, "pretax": null, "ctax": null, "emp_all": 25, "share": 1.0, "res": 0.5, "lis": null, "yr_hs": 0.5, "ind": "BIZ_NO미존재사업장", "dong": "향남읍", "addr": "경기도 화성시 만세구 향남읍", "loc": "road"}, "geometry": {"type": "Point", "coordinates": [126.91145658484682, 37.10578050981097]}}, {"type": "Feature", "properties": {"n": "아이에스에코솔루션 주식회사", "base": "아이에스에코솔루션", "emp": 25, "kind": "관외 본사", "hq": "경기도 고양시", "dart": "아이에스에코솔루션 주식회사", "listed": false, "fy": null, "sales": null, "pretax": null, "ctax": null, "emp_all": 1500, "share": 0.0, "res": 0.5, "lis": null, "yr_hs": 0.5, "ind": "금속류 원료 재생업", "dong": "장안면", "addr": "경기도 화성시 만세구 장안면", "loc": "road"}, "geometry": {"type": "Point", "coordinates": [126.84184648714492, 37.086920745959915]}}, {"type": "Feature", "properties": {"n": "(주)에스와이폴리텍화성공장", "base": "에스와이폴리텍", "emp": 25, "kind": "관외 본사", "hq": "충청북도 진천군", "dart": "(주)에스와이폴리텍", "listed": false, "fy": null, "sales": null, "pretax": null, "ctax": null, "emp_all": 1500, "share": 0.0, "res": 0.5, "lis": null, "yr_hs": 0.5, "ind": "혼성 및 재생 플라스틱 소재 물질 제조업", "dong": "양감면", "addr": "경기도 화성시 만세구 양감면", "loc": "road"}, "geometry": {"type": "Point", "coordinates": [126.98326663861074, 37.10073734036213]}}, {"type": "Feature", "properties": {"n": "주식회사 리에나", "base": "리에나", "emp": 25, "kind": "관외 본사", "hq": "서울특별시 서초구", "dart": "주식회사 리에나", "listed": false, "fy": null, "sales": null, "pretax": null, "ctax": null, "emp_all": 1500, "share": 0.0, "res": 0.5, "lis": null, "yr_hs": 0.5, "ind": "재생용 재료 수집 및 판매업", "dong": "우정읍", "addr": "경기도 화성시 만세구 우정읍", "loc": "road"}, "geometry": {"type": "Point", "coordinates": [126.79442876881046, 37.081278420570094]}}, {"type": "Feature", "properties": {"n": "(주)썬랩", "base": "썬랩", "emp": 25, "kind": "관내 본사(KoDATA 누락)", "hq": "경기도 화성시", "dart": "(주)썬랩", "listed": false, "fy": null, "sales": null, "pretax": null, "ctax": null, "emp_all": 750, "share": 0.1, "res": 0.5, "lis": null, "yr_hs": 0.5, "ind": "기타 비주거용 건물 건설업", "dong": "팔탄면", "addr": "경기도 화성시 만세구 팔탄면", "loc": "road"}, "geometry": {"type": "Point", "coordinates": [126.898953478095, 37.169197485005384]}}, {"type": "Feature", "properties": {"n": "사랑밭", "base": "사랑밭", "emp": 25, "kind": "비영리", "hq": null, "dart": null, "listed": false, "fy": null, "sales": null, "pretax": null, "ctax": null, "emp_all": 25, "share": 0.8, "res": 0.5, "lis": null, "yr_hs": 0.5, "ind": "BIZ_NO미존재사업장", "dong": "반송동", "addr": "경기도 화성시 동탄구", "loc": "road"}, "geometry": {"type": "Point", "coordinates": [127.05141802309154, 37.19924869178286]}}, {"type": "Feature", "properties": {"n": "새봄유치원", "base": "새봄유치원", "emp": 25, "kind": "미확인", "hq": null, "dart": null, "listed": false, "fy": null, "sales": null, "pretax": null, "ctax": null, "emp_all": 25, "share": 1.0, "res": 0.5, "lis": null, "yr_hs": 0.5, "ind": "BIZ_NO미존재사업장", "dong": "능동", "addr": "경기도 화성시 병점구", "loc": "road"}, "geometry": {"type": "Point", "coordinates": [127.04560122485734, 37.20168242874486]}}, {"type": "Feature", "properties": {"n": "이도테라원(주)-비봉매송고속도로", "base": "이도테라원비봉매송고속도로", "emp": 25, "kind": "미확인", "hq": null, "dart": null, "listed": false, "fy": null, "sales": null, "pretax": null, "ctax": null, "emp_all": 25, "share": 1.0, "res": 0.5, "lis": null, "yr_hs": 0.5, "ind": "사업시설 유지ㆍ관리 서비스업", "dong": "비봉면", "addr": "경기도 화성시 효행구 비봉면", "loc": "road"}, "geometry": {"type": "Point", "coordinates": [126.90314976789529, 37.23332862868037]}}, {"type": "Feature", "properties": {"n": "해병대사령부/인사근무처 병영정책과", "base": "해병대사령부인사근무처병영정책과", "emp": 25, "kind": "미확인", "hq": null, "dart": null, "listed": false, "fy": null, "sales": null, "pretax": null, "ctax": null, "emp_all": 25, "share": 1.0, "res": 0.5, "lis": null, "yr_hs": 0.5, "ind": "골프장 운영업", "dong": "봉담읍", "addr": "경기도 화성시 효행구 봉담읍", "loc": "road"}, "geometry": {"type": "Point", "coordinates": [126.9277750331274, 37.17352437270807]}}, {"type": "Feature", "properties": {"n": "(주)코아테크코리아 화성1공장", "base": "코아테크코리아", "emp": 25, "kind": "관외 본사", "hq": "경기도 안양시", "dart": "(주)코아테크코리아", "listed": false, "fy": null, "sales": null, "pretax": null, "ctax": null, "emp_all": 1500, "share": 0.0, "res": 0.5, "lis": null, "yr_hs": 0.5, "ind": "전기용 기계ㆍ장비 및 관련 기자재 도매업", "dong": "향남읍", "addr": "경기도 화성시 만세구 향남읍", "loc": "road"}, "geometry": {"type": "Point", "coordinates": [126.91412651341398, 37.101066198615385]}}, {"type": "Feature", "properties": {"n": "주식회사 이안로지스틱스", "base": "이안로지스틱스", "emp": 25, "kind": "관외 본사", "hq": "경기도 이천시", "dart": "주식회사 이안로지스", "listed": false, "fy": null, "sales": null, "pretax": null, "ctax": null, "emp_all": 1500, "share": 0.0, "res": 0.5, "lis": null, "yr_hs": 0.5, "ind": "BIZ_NO미존재사업장", "dong": "영천동", "addr": "경기도 화성시 동탄구", "loc": "road"}, "geometry": {"type": "Point", "coordinates": [127.08906497062337, 37.16984450078131]}}, {"type": "Feature", "properties": {"n": "주식회사가이오(GAIO)", "base": "가이오", "emp": 25, "kind": "미확인", "hq": null, "dart": null, "listed": false, "fy": null, "sales": null, "pretax": null, "ctax": null, "emp_all": 25, "share": 0.9, "res": 0.5, "lis": null, "yr_hs": 0.5, "ind": "상품 종합 도매업", "dong": "남양읍", "addr": "경기도 화성시 만세구 남양읍", "loc": "road"}, "geometry": {"type": "Point", "coordinates": [126.79803132312622, 37.185559929819114]}}, {"type": "Feature", "properties": {"n": "다원초등학교(직장)", "base": "다원초등", "emp": 25, "kind": "미확인", "hq": null, "dart": null, "listed": false, "fy": null, "sales": null, "pretax": null, "ctax": null, "emp_all": 25, "share": 1.0, "res": 0.5, "lis": null, "yr_hs": 0.5, "ind": "BIZ_NO미존재사업장", "dong": "영천동", "addr": "경기도 화성시 동탄구", "loc": "road"}, "geometry": {"type": "Point", "coordinates": [127.11195320313917, 37.21366465459707]}}, {"type": "Feature", "properties": {"n": "(주)서강대에스엘피", "base": "서강대에스엘피", "emp": 25, "kind": "미확인", "hq": null, "dart": null, "listed": false, "fy": null, "sales": null, "pretax": null, "ctax": null, "emp_all": 25, "share": 1.0, "res": 0.5, "lis": null, "yr_hs": 0.5, "ind": "일반 교과학원", "dong": "여울동", "addr": "경기도 화성시 동탄구", "loc": "road"}, "geometry": {"type": "Point", "coordinates": [127.08560636981301, 37.18784098626428]}}, {"type": "Feature", "properties": {"n": "수노을유치원", "base": "수노을유치원", "emp": 25, "kind": "미확인", "hq": null, "dart": null, "listed": false, "fy": null, "sales": null, "pretax": null, "ctax": null, "emp_all": 25, "share": 1.0, "res": 0.5, "lis": null, "yr_hs": 0.5, "ind": "BIZ_NO미존재사업장", "dong": "새솔동", "addr": "경기도 화성시 만세구 수노을1로", "loc": "bldg"}, "geometry": {"type": "Point", "coordinates": [126.819058, 37.289142]}}, {"type": "Feature", "properties": {"n": "주식회사오엠텍", "base": "오엠텍", "emp": 25, "kind": "미확인", "hq": null, "dart": null, "listed": false, "fy": null, "sales": null, "pretax": null, "ctax": null, "emp_all": 75, "share": 0.4, "res": 0.5, "lis": null, "yr_hs": 0.5, "ind": "반도체 제조용 기계 제조업", "dong": "능동", "addr": "경기도 화성시 동탄구", "loc": "road"}, "geometry": {"type": "Point", "coordinates": [127.0612713223749, 37.215683101745384]}}, {"type": "Feature", "properties": {"n": "(주）자여 화성공장", "base": "주자여", "emp": 25, "kind": "미확인", "hq": null, "dart": null, "listed": false, "fy": null, "sales": null, "pretax": null, "ctax": null, "emp_all": 25, "share": 1.0, "res": 0.5, "lis": null, "yr_hs": 0.5, "ind": "자동차용 엔진 제조업", "dong": "마도면", "addr": "경기도 화성시 만세구 마도면", "loc": "road"}, "geometry": {"type": "Point", "coordinates": [126.76668716725209, 37.17125798353044]}}, {"type": "Feature", "properties": {"n": "참나리(사회서비스)센터", "base": "참나리", "emp": 25, "kind": "비영리", "hq": null, "dart": null, "listed": false, "fy": null, "sales": null, "pretax": null, "ctax": null, "emp_all": 25, "share": 0.8, "res": 0.5, "lis": null, "yr_hs": 0.5, "ind": "BIZ_NO미존재사업장", "dong": "반송동", "addr": "경기도 화성시 동탄구", "loc": "road"}, "geometry": {"type": "Point", "coordinates": [127.06627716778925, 37.19862366262666]}}, {"type": "Feature", "properties": {"n": "(주)팻더맨", "base": "팻더맨", "emp": 25, "kind": "미확인", "hq": null, "dart": null, "listed": false, "fy": null, "sales": null, "pretax": null, "ctax": null, "emp_all": 25, "share": 1.0, "res": 0.5, "lis": null, "yr_hs": 0.5, "ind": "그 외 기타 상품 전문 도매업", "dong": "향남읍", "addr": "경기도 화성시 만세구 향남읍", "loc": "road"}, "geometry": {"type": "Point", "coordinates": [126.92161265797094, 37.13184750492138]}}, {"type": "Feature", "properties": {"n": "화성중학교", "base": "화성중", "emp": 25, "kind": "비영리", "hq": null, "dart": null, "listed": false, "fy": null, "sales": null, "pretax": null, "ctax": null, "emp_all": 25, "share": 1.0, "res": 0.5, "lis": null, "yr_hs": 0.5, "ind": "BIZ_NO미존재사업장", "dong": "향남읍", "addr": "경기도 화성시 만세구 향남읍 장짐길", "loc": "bldg"}, "geometry": {"type": "Point", "coordinates": [126.907159, 37.13906]}}, {"type": "Feature", "properties": {"n": "오성첨단소재(주) 화성지점", "base": "오성첨단소재", "emp": 25, "kind": "관외 본사", "hq": "전라북도 익산시", "dart": "오성첨단소재(주)", "listed": true, "fy": 2025, "sales": 2000, "pretax": 650, "ctax": -65, "emp_all": 150, "share": 0.2, "res": 0.5, "lis": null, "yr_hs": 0.5, "ind": "그 외 기타 전자 부품 제조업", "dong": "장안면", "addr": "경기도 화성시 만세구 장안면", "loc": "road"}, "geometry": {"type": "Point", "coordinates": [126.82616243597795, 37.13410505734835]}}, {"type": "Feature", "properties": {"n": "양지기업 주식회사", "base": "양지기업", "emp": 25, "kind": "관외 본사", "hq": "충청북도 청주시", "dart": "양지기업주식회사", "listed": false, "fy": null, "sales": null, "pretax": null, "ctax": null, "emp_all": 1500, "share": 0.0, "res": 0.5, "lis": null, "yr_hs": 0.5, "ind": "그 외 자동차용 신품 부품 제조업", "dong": "향남읍", "addr": "경기도 화성시 만세구 향남읍", "loc": "road"}, "geometry": {"type": "Point", "coordinates": [126.9081435194962, 37.08678525874569]}}, {"type": "Feature", "properties": {"n": "농업회사법인주식회사고구려푸드", "base": "고구려푸드", "emp": 25, "kind": "관내 본사(KoDATA 누락)", "hq": "경기도 화성시", "dart": "농업회사법인 주식회사 고구려푸드", "listed": false, "fy": null, "sales": null, "pretax": null, "ctax": null, "emp_all": 750, "share": 0.0, "res": 0.5, "lis": null, "yr_hs": 0.5, "ind": "육지 동물 및 애완 동물 도매업", "dong": "송산면", "addr": "경기도 화성시 만세구 송산면", "loc": "road"}, "geometry": {"type": "Point", "coordinates": [126.72954086240165, 37.21726084689155]}}, {"type": "Feature", "properties": {"n": "주식회사 다이닝원 동탄직영점", "base": "다이닝원동탄직영", "emp": 25, "kind": "관외 본사 추정(지점)", "hq": null, "dart": null, "listed": false, "fy": null, "sales": null, "pretax": null, "ctax": null, "emp_all": 25, "share": 1.0, "res": 0.5, "lis": null, "yr_hs": 0.5, "ind": "한식 일반 음식점업", "dong": "송동", "addr": "경기도 화성시 동탄구", "loc": "road"}, "geometry": {"type": "Point", "coordinates": [127.10495385534222, 37.167806355674934]}}, {"type": "Feature", "properties": {"n": "대안교육기관은혜의동산기독교학교", "base": "대안교육기관은혜의동산기독교", "emp": 25, "kind": "비영리", "hq": null, "dart": null, "listed": false, "fy": null, "sales": null, "pretax": null, "ctax": null, "emp_all": 25, "share": 1.0, "res": 0.5, "lis": null, "yr_hs": 0.5, "ind": "BIZ_NO미존재사업장", "dong": "남양읍", "addr": "경기도 화성시 만세구 남양읍", "loc": "road"}, "geometry": {"type": "Point", "coordinates": [126.81201899990994, 37.208727101302]}}, {"type": "Feature", "properties": {"n": "(주)두성프라스틱/시흥지점", "base": "두성프라스틱", "emp": 25, "kind": "미확인", "hq": null, "dart": null, "listed": false, "fy": null, "sales": null, "pretax": null, "ctax": null, "emp_all": 25, "share": 1.0, "res": 0.5, "lis": null, "yr_hs": 0.5, "ind": "포장용 플라스틱 성형용기 제조업", "dong": "팔탄면", "addr": "경기도 화성시 만세구 팔탄면", "loc": "road"}, "geometry": {"type": "Point", "coordinates": [126.86620327010647, 37.10434128111275]}}, {"type": "Feature", "properties": {"n": "마루테크협동조합", "base": "마루테크협동조합", "emp": 25, "kind": "미확인", "hq": null, "dart": null, "listed": false, "fy": null, "sales": null, "pretax": null, "ctax": null, "emp_all": 25, "share": 1.0, "res": 0.5, "lis": null, "yr_hs": 0.5, "ind": "천연 및 혼합 조제 조미료 제조업", "dong": "마도면", "addr": "경기도 화성시 만세구 마도면", "loc": "road"}, "geometry": {"type": "Point", "coordinates": [126.77839577189594, 37.17739632444514]}}, {"type": "Feature", "properties": {"n": "빛여울유치원", "base": "빛여울유치원", "emp": 25, "kind": "미확인", "hq": null, "dart": null, "listed": false, "fy": null, "sales": null, "pretax": null, "ctax": null, "emp_all": 25, "share": 1.0, "res": 0.5, "lis": null, "yr_hs": 0.5, "ind": "BIZ_NO미존재사업장", "dong": "장지동", "addr": "경기도 화성시 동탄구", "loc": "road"}, "geometry": {"type": "Point", "coordinates": [127.10345852461433, 37.16088754107534]}}, {"type": "Feature", "properties": {"n": "새봄초등학교", "base": "새봄초등", "emp": 25, "kind": "미확인", "hq": null, "dart": null, "listed": false, "fy": null, "sales": null, "pretax": null, "ctax": null, "emp_all": 25, "share": 1.0, "res": 0.5, "lis": null, "yr_hs": 0.5, "ind": "BIZ_NO미존재사업장", "dong": "병점동", "addr": "경기도 화성시 병점구", "loc": "road"}, "geometry": {"type": "Point", "coordinates": [127.03013252761968, 37.201285276886864]}}, {"type": "Feature", "properties": {"n": "수현중학교", "base": "수현중", "emp": 25, "kind": "미확인", "hq": null, "dart": null, "listed": false, "fy": null, "sales": null, "pretax": null, "ctax": null, "emp_all": 25, "share": 1.0, "res": 0.5, "lis": null, "yr_hs": 0.5, "ind": "BIZ_NO미존재사업장", "dong": "봉담읍", "addr": "", "loc": "bldg"}, "geometry": {"type": "Point", "coordinates": [126.950614, 37.226542]}}, {"type": "Feature", "properties": {"n": "화성시아동보호전문기관(경기화성지부)", "base": "화성시아동보호전문기관", "emp": 25, "kind": "비영리", "hq": null, "dart": null, "listed": false, "fy": null, "sales": null, "pretax": null, "ctax": null, "emp_all": 25, "share": 1.0, "res": 0.5, "lis": null, "yr_hs": 0.5, "ind": "BIZ_NO미존재사업장", "dong": "봉담읍", "addr": "경기도 화성시 효행구 봉담읍", "loc": "road"}, "geometry": {"type": "Point", "coordinates": [126.94027892863002, 37.197044181769556]}}, {"type": "Feature", "properties": {"n": "(주)세일인터내쇼날전곡지점", "base": "세일인터내쇼날", "emp": 25, "kind": "관외 본사", "hq": "서울특별시 강남구", "dart": "(주)세일인터내쇼날", "listed": false, "fy": null, "sales": null, "pretax": null, "ctax": null, "emp_all": 1500, "share": 0.0, "res": 0.5, "lis": null, "yr_hs": 0.5, "ind": "화장품 제조업", "dong": "서신면", "addr": "경기도 화성시 만세구 서신면", "loc": "road"}, "geometry": {"type": "Point", "coordinates": [126.6838736794441, 37.187510820603606]}}, {"type": "Feature", "properties": {"n": "신흥전자 주식회사", "base": "신흥전자", "emp": 25, "kind": "관외 본사", "hq": "충청남도 천안시", "dart": "주식회사 신흥전자", "listed": false, "fy": null, "sales": null, "pretax": null, "ctax": null, "emp_all": 1500, "share": 0.0, "res": 0.5, "lis": null, "yr_hs": 0.5, "ind": "그 외 기타 전자 부품 제조업", "dong": "우정읍", "addr": "경기도 화성시 만세구 우정읍", "loc": "road"}, "geometry": {"type": "Point", "coordinates": [126.80077311753939, 37.13441678627716]}}, {"type": "Feature", "properties": {"n": "제이엠투어주식회사", "base": "제이엠투어", "emp": 25, "kind": "관외 본사", "hq": "서울특별시 성동구", "dart": "주식회사 제이엠투", "listed": false, "fy": null, "sales": null, "pretax": null, "ctax": null, "emp_all": 750, "share": 0.0, "res": 0.5, "lis": null, "yr_hs": 0.5, "ind": "전세버스 운송업", "dong": "정남면", "addr": "경기도 화성시 효행구 정남면", "loc": "road"}, "geometry": {"type": "Point", "coordinates": [126.96931899377066, 37.168637616488866]}}, {"type": "Feature", "properties": {"n": "늘봄초등학교", "base": "늘봄초등", "emp": 25, "kind": "미확인", "hq": null, "dart": null, "listed": false, "fy": null, "sales": null, "pretax": null, "ctax": null, "emp_all": 25, "share": 0.9, "res": 0.5, "lis": null, "yr_hs": 0.5, "ind": "BIZ_NO미존재사업장", "dong": "영천동", "addr": "경기도 화성시 동탄구", "loc": "road"}, "geometry": {"type": "Point", "coordinates": [127.11195320313917, 37.21366465459707]}}, {"type": "Feature", "properties": {"n": "주식회사 비전웨이", "base": "비전웨이", "emp": 25, "kind": "미확인", "hq": null, "dart": null, "listed": false, "fy": null, "sales": null, "pretax": null, "ctax": null, "emp_all": 25, "share": 1.0, "res": 0.5, "lis": null, "yr_hs": 0.5, "ind": "기체 펌프 및 압축기 제조업", "dong": "정남면", "addr": "경기도 화성시 효행구 정남면", "loc": "road"}, "geometry": {"type": "Point", "coordinates": [127.02771581138049, 37.14268913212131]}}, {"type": "Feature", "properties": {"n": "삼괴중학교", "base": "삼괴중", "emp": 25, "kind": "비영리", "hq": null, "dart": null, "listed": false, "fy": null, "sales": null, "pretax": null, "ctax": null, "emp_all": 25, "share": 1.0, "res": 0.5, "lis": null, "yr_hs": 0.5, "ind": "해당없음", "dong": "우정읍", "addr": "경기도 화성시 만세구 우정읍 장안로", "loc": "bldg"}, "geometry": {"type": "Point", "coordinates": [126.822345, 37.088545]}}, {"type": "Feature", "properties": {"n": "서경초등학교(직장)", "base": "서경초등", "emp": 25, "kind": "미확인", "hq": null, "dart": null, "listed": false, "fy": null, "sales": null, "pretax": null, "ctax": null, "emp_all": 25, "share": 0.6, "res": 0.5, "lis": null, "yr_hs": 0.5, "ind": "BIZ_NO미존재사업장", "dong": "기산동", "addr": "경기도 화성시 병점구", "loc": "road"}, "geometry": {"type": "Point", "coordinates": [127.05817089038567, 37.21028284844829]}}, {"type": "Feature", "properties": {"n": "(주)세광테이프화성지점", "base": "세광테이프", "emp": 25, "kind": "관외 본사 추정(지점)", "hq": null, "dart": null, "listed": false, "fy": null, "sales": null, "pretax": null, "ctax": null, "emp_all": 25, "share": 0.8, "res": 0.5, "lis": null, "yr_hs": 0.5, "ind": "플라스틱 창호 제조업", "dong": "마도면", "addr": "경기도 화성시 만세구 마도면", "loc": "road"}, "geometry": {"type": "Point", "coordinates": [126.7884615808527, 37.184852874744635]}}, {"type": "Feature", "properties": {"n": "주식회사 스위머스", "base": "스위머스", "emp": 25, "kind": "관외 본사 추정(지점)", "hq": null, "dart": null, "listed": false, "fy": null, "sales": null, "pretax": null, "ctax": null, "emp_all": 25, "share": 0.5, "res": 0.5, "lis": null, "yr_hs": 0.5, "ind": "수영장 운영업", "dong": "청계동", "addr": "경기도 화성시 동탄구", "loc": "road"}, "geometry": {"type": "Point", "coordinates": [127.10414111853503, 37.172068388707345]}}, {"type": "Feature", "properties": {"n": "시립향남어린이집", "base": "시립향남어린이집", "emp": 25, "kind": "비영리", "hq": null, "dart": null, "listed": false, "fy": null, "sales": null, "pretax": null, "ctax": null, "emp_all": 25, "share": 1.0, "res": 0.5, "lis": null, "yr_hs": 0.5, "ind": "그 외 기타 달리 분류되지 않은 개인 서비스업", "dong": "향남읍", "addr": "경기도 화성시 만세구 향남읍", "loc": "road"}, "geometry": {"type": "Point", "coordinates": [126.91942264145379, 37.13048967112911]}}, {"type": "Feature", "properties": {"n": "주식회사 에이비스", "base": "에이비스", "emp": 25, "kind": "미확인", "hq": null, "dart": null, "listed": false, "fy": null, "sales": null, "pretax": null, "ctax": null, "emp_all": 75, "share": 0.3, "res": 0.5, "lis": null, "yr_hs": 0.5, "ind": "기타 반도체 소자 제조업", "dong": "진안동", "addr": "경기도 화성시 병점구", "loc": "road"}, "geometry": {"type": "Point", "coordinates": [127.03016408684545, 37.20783574106572]}}, {"type": "Feature", "properties": {"n": "주식회사영동", "base": "영동", "emp": 25, "kind": "미확인", "hq": null, "dart": null, "listed": false, "fy": null, "sales": null, "pretax": null, "ctax": null, "emp_all": 75, "share": 0.2, "res": 0.5, "lis": null, "yr_hs": 0.5, "ind": "도장 및 기타 피막 처리업", "dong": "마도면", "addr": "경기도 화성시 만세구 마도면", "loc": "road"}, "geometry": {"type": "Point", "coordinates": [126.79083725269291, 37.185380588960086]}}, {"type": "Feature", "properties": {"n": "(주)영신금속(화성)", "base": "영신금속", "emp": 25, "kind": "관외 본사 추정(지점)", "hq": null, "dart": null, "listed": false, "fy": null, "sales": null, "pretax": null, "ctax": null, "emp_all": 75, "share": 0.3, "res": 0.5, "lis": null, "yr_hs": 0.5, "ind": "도장 및 기타 피막 처리업", "dong": "마도면", "addr": "경기도 화성시 만세구 마도면", "loc": "road"}, "geometry": {"type": "Point", "coordinates": [126.7957539989245, 37.19312820583375]}}, {"type": "Feature", "properties": {"n": "주식회사유엠", "base": "유엠", "emp": 25, "kind": "미확인", "hq": null, "dart": null, "listed": false, "fy": null, "sales": null, "pretax": null, "ctax": null, "emp_all": 25, "share": 0.6, "res": 0.5, "lis": null, "yr_hs": 0.5, "ind": "남녀용 겉옷 및 셔츠 도매업", "dong": "영천동", "addr": "경기도 화성시 동탄구", "loc": "road"}, "geometry": {"type": "Point", "coordinates": [127.10414111853503, 37.172068388707345]}}, {"type": "Feature", "properties": {"n": "청연초등학교(비공무원)", "base": "청연초등", "emp": 25, "kind": "미확인", "hq": null, "dart": null, "listed": false, "fy": null, "sales": null, "pretax": null, "ctax": null, "emp_all": 25, "share": 1.0, "res": 0.5, "lis": null, "yr_hs": 0.5, "ind": "BIZ_NO미존재사업장", "dong": "비봉면", "addr": "경기도 화성시 효행구 비봉면", "loc": "road"}, "geometry": {"type": "Point", "coordinates": [126.87131173053345, 37.2468119379576]}}, {"type": "Feature", "properties": {"n": "(주)케어링 방문요양센터 화성점", "base": "케어링방문요양", "emp": 25, "kind": "관외 본사 추정(지점)", "hq": null, "dart": null, "listed": false, "fy": null, "sales": null, "pretax": null, "ctax": null, "emp_all": 750, "share": 0.0, "res": 0.5, "lis": null, "yr_hs": 0.5, "ind": "노인 양로 복지시설 운영업", "dong": "송산면", "addr": "경기도 화성시 만세구 송산면", "loc": "road"}, "geometry": {"type": "Point", "coordinates": [126.7313866082587, 37.21488868700543]}}, {"type": "Feature", "properties": {"n": "탑모델에이스 주식회사", "base": "탑모델에이스", "emp": 25, "kind": "미확인", "hq": null, "dart": null, "listed": false, "fy": null, "sales": null, "pretax": null, "ctax": null, "emp_all": 25, "share": 1.0, "res": 0.5, "lis": null, "yr_hs": 0.5, "ind": "주형 및 금형 제조업", "dong": "팔탄면", "addr": "경기도 화성시 만세구 팔탄면", "loc": "road"}, "geometry": {"type": "Point", "coordinates": [126.85856053252435, 37.15856336743278]}}, {"type": "Feature", "properties": {"n": "해병대체력단련장", "base": "해병대체력단련장", "emp": 25, "kind": "미확인", "hq": null, "dart": null, "listed": false, "fy": null, "sales": null, "pretax": null, "ctax": null, "emp_all": 25, "share": 1.0, "res": 0.5, "lis": null, "yr_hs": 0.5, "ind": "골프장 운영업", "dong": "봉담읍", "addr": "경기도 화성시 효행구 봉담읍", "loc": "road"}, "geometry": {"type": "Point", "coordinates": [126.93346858611432, 37.16208017995732]}}, {"type": "Feature", "properties": {"n": "주식회사 향남에너지", "base": "향남에너지", "emp": 25, "kind": "미확인", "hq": null, "dart": null, "listed": false, "fy": null, "sales": null, "pretax": null, "ctax": null, "emp_all": 25, "share": 1.0, "res": 0.5, "lis": null, "yr_hs": 0.5, "ind": "그 외 기타 분류 안된 사업 지원 서비스업", "dong": "향남읍", "addr": "경기도 화성시 만세구 향남읍", "loc": "road"}, "geometry": {"type": "Point", "coordinates": [126.92161265797094, 37.13184750492138]}}, {"type": "Feature", "properties": {"n": "화성시청/징수과 체납자 실태조사팀", "base": "화성시청징수과체납자실태조사팀", "emp": 25, "kind": "미확인", "hq": null, "dart": null, "listed": false, "fy": null, "sales": null, "pretax": null, "ctax": null, "emp_all": 25, "share": 1.0, "res": 0.5, "lis": null, "yr_hs": 0.5, "ind": "비주거용 건물 임대업(점포  자기땅)", "dong": "남양읍", "addr": "경기도 화성시 만세구 남양읍", "loc": "road"}, "geometry": {"type": "Point", "coordinates": [126.81507393180863, 37.2077560746863]}}, {"type": "Feature", "properties": {"n": "화성신동중학교", "base": "화성신동중", "emp": 25, "kind": "미확인", "hq": null, "dart": null, "listed": false, "fy": null, "sales": null, "pretax": null, "ctax": null, "emp_all": 25, "share": 1.0, "res": 0.5, "lis": null, "yr_hs": 0.5, "ind": "BIZ_NO미존재사업장", "dong": "신동", "addr": "경기도 화성시 동탄구", "loc": "road"}, "geometry": {"type": "Point", "coordinates": [127.12977265955078, 37.174655393013076]}}, {"type": "Feature", "properties": {"n": "벤다선광공업（주）마도지점", "base": "벤다선광공업", "emp": 25, "kind": "관외 본사", "hq": "인천광역시 남동구", "dart": "벤다선광공업(주)", "listed": false, "fy": null, "sales": null, "pretax": null, "ctax": null, "emp_all": 750, "share": 0.0, "res": 0.5, "lis": null, "yr_hs": 0.5, "ind": "자동차용 신품 조향장치 및 현가장치 제조업", "dong": "마도면", "addr": "경기도 화성시 만세구 마도면", "loc": "road"}, "geometry": {"type": "Point", "coordinates": [126.77667897148793, 37.21608607423737]}}, {"type": "Feature", "properties": {"n": "(주)썬앤쉴드(2공장)", "base": "썬앤쉴드", "emp": 25, "kind": "관외 본사", "hq": "경기도 시흥시", "dart": "(주)썬앤쉴드", "listed": false, "fy": null, "sales": null, "pretax": null, "ctax": null, "emp_all": 1500, "share": 0.0, "res": 0.5, "lis": null, "yr_hs": 0.5, "ind": "건설 및 채광용 기계장비 제조업", "dong": "장안면", "addr": "경기도 화성시 만세구 장안면", "loc": "road"}, "geometry": {"type": "Point", "coordinates": [126.83559375762185, 37.062630067973174]}}, {"type": "Feature", "properties": {"n": "세화종합관리주식회사 동탄금강펜테리움IX타워", "base": "세화종합관리동탄금강펜테리움IX타워", "emp": 25, "kind": "관외 본사", "hq": "서울특별시 관악구", "dart": "세화종합관리 주식회사", "listed": false, "fy": null, "sales": null, "pretax": null, "ctax": null, "emp_all": 1500, "share": 0.0, "res": 0.5, "lis": null, "yr_hs": 0.5, "ind": "건축물 일반 청소업", "dong": "영천동", "addr": "경기도 화성시 동탄구", "loc": "road"}, "geometry": {"type": "Point", "coordinates": [127.09140681114013, 37.210223562598784]}}, {"type": "Feature", "properties": {"n": "람다마이크로주식회사", "base": "람다마이크로", "emp": 25, "kind": "관외 본사", "hq": "경기도 시흥시", "dart": "람다마이크로 주식회사", "listed": false, "fy": null, "sales": null, "pretax": null, "ctax": null, "emp_all": 750, "share": 0.0, "res": 0.5, "lis": null, "yr_hs": 0.5, "ind": "반도체 제조용 기계 제조업", "dong": "영천동", "addr": "경기도 화성시 동탄구", "loc": "road"}, "geometry": {"type": "Point", "coordinates": [127.09140681114013, 37.210223562598784]}}, {"type": "Feature", "properties": {"n": "J.C몰드（주）", "base": "JC몰드", "emp": 25, "kind": "미확인", "hq": null, "dart": null, "listed": false, "fy": null, "sales": null, "pretax": null, "ctax": null, "emp_all": 25, "share": 1.0, "res": 0.5, "lis": null, "yr_hs": 0.5, "ind": "주형 및 금형 제조업", "dong": "정남면", "addr": "경기도 화성시 효행구 정남면", "loc": "road"}, "geometry": {"type": "Point", "coordinates": [127.00164837388121, 37.16962291471289]}}, {"type": "Feature", "properties": {"n": "경기분체(주)", "base": "경기분체", "emp": 25, "kind": "미확인", "hq": null, "dart": null, "listed": false, "fy": null, "sales": null, "pretax": null, "ctax": null, "emp_all": 25, "share": 1.0, "res": 0.5, "lis": null, "yr_hs": 0.5, "ind": "도장 및 기타 피막 처리업", "dong": "봉담읍", "addr": "경기도 화성시 효행구 봉담읍", "loc": "road"}, "geometry": {"type": "Point", "coordinates": [126.94773928677195, 37.17549005172475]}}, {"type": "Feature", "properties": {"n": "동탄유치원(직장)", "base": "동탄유치원", "emp": 25, "kind": "미확인", "hq": null, "dart": null, "listed": false, "fy": null, "sales": null, "pretax": null, "ctax": null, "emp_all": 25, "share": 1.0, "res": 0.5, "lis": null, "yr_hs": 0.5, "ind": "BIZ_NO미존재사업장", "dong": "여울동", "addr": "경기도 화성시 동탄구", "loc": "road"}, "geometry": {"type": "Point", "coordinates": [127.08560636981301, 37.18784098626428]}}, {"type": "Feature", "properties": {"n": "주식회사백운인터내셔널", "base": "백운인터내셔널", "emp": 25, "kind": "미확인", "hq": null, "dart": null, "listed": false, "fy": null, "sales": null, "pretax": null, "ctax": null, "emp_all": 25, "share": 1.0, "res": 0.5, "lis": null, "yr_hs": 0.5, "ind": "비주거용 부동산 관리업", "dong": "병점동", "addr": "경기도 화성시 병점구", "loc": "road"}, "geometry": {"type": "Point", "coordinates": [127.03723717946158, 37.21172945217518]}}, {"type": "Feature", "properties": {"n": "(유)병점주류", "base": "병점주류", "emp": 25, "kind": "미확인", "hq": null, "dart": null, "listed": false, "fy": null, "sales": null, "pretax": null, "ctax": null, "emp_all": 25, "share": 1.0, "res": 0.5, "lis": null, "yr_hs": 0.5, "ind": "해당없음", "dong": "반월동", "addr": "경기도 화성시 병점구", "loc": "road"}, "geometry": {"type": "Point", "coordinates": [127.06340933536492, 37.22846202272437]}}, {"type": "Feature", "properties": {"n": "(주)비엔비케이", "base": "비엔비케이", "emp": 25, "kind": "미확인", "hq": null, "dart": null, "listed": false, "fy": null, "sales": null, "pretax": null, "ctax": null, "emp_all": 25, "share": 1.0, "res": 0.5, "lis": null, "yr_hs": 0.5, "ind": "조경 건설업", "dong": "영천동", "addr": "경기도 화성시 동탄구", "loc": "road"}, "geometry": {"type": "Point", "coordinates": [127.08906497062337, 37.16984450078131]}}, {"type": "Feature", "properties": {"n": "선명씨엔티（주）", "base": "선명씨엔티", "emp": 25, "kind": "미확인", "hq": null, "dart": null, "listed": false, "fy": null, "sales": null, "pretax": null, "ctax": null, "emp_all": 25, "share": 1.0, "res": 0.5, "lis": null, "yr_hs": 0.5, "ind": "금속 문  창  셔터 및 관련제품 제조업", "dong": "팔탄면", "addr": "경기도 화성시 만세구 팔탄면", "loc": "road"}, "geometry": {"type": "Point", "coordinates": [126.88133211560057, 37.19558800594432]}}, {"type": "Feature", "properties": {"n": "(주)선민팔탄지점", "base": "선민", "emp": 25, "kind": "관외 본사 추정(지점)", "hq": null, "dart": null, "listed": false, "fy": null, "sales": null, "pretax": null, "ctax": null, "emp_all": 25, "share": 0.6, "res": 0.5, "lis": null, "yr_hs": 0.5, "ind": "수산물 가공식품 도매업", "dong": "팔탄면", "addr": "경기도 화성시 만세구 팔탄면", "loc": "road"}, "geometry": {"type": "Point", "coordinates": [126.85851223284435, 37.18410858384841]}}, {"type": "Feature", "properties": {"n": "시립예원어린이집", "base": "시립예원어린이집", "emp": 25, "kind": "비영리", "hq": null, "dart": null, "listed": false, "fy": null, "sales": null, "pretax": null, "ctax": null, "emp_all": 25, "share": 1.0, "res": 0.5, "lis": null, "yr_hs": 0.5, "ind": "BIZ_NO미존재사업장", "dong": "석우동", "addr": "경기도 화성시 동탄구", "loc": "road"}, "geometry": {"type": "Point", "coordinates": [127.0716417897898, 37.19961498466155]}}, {"type": "Feature", "properties": {"n": "예스텍피 유한회사", "base": "예스텍피", "emp": 25, "kind": "미확인", "hq": null, "dart": null, "listed": false, "fy": null, "sales": null, "pretax": null, "ctax": null, "emp_all": 25, "share": 1.0, "res": 0.5, "lis": null, "yr_hs": 0.5, "ind": "합성수지 및 기타 플라스틱 물질 제조업", "dong": "장안면", "addr": "경기도 화성시 만세구 장안면", "loc": "road"}, "geometry": {"type": "Point", "coordinates": [126.83907269866735, 37.11757879446137]}}, {"type": "Feature", "properties": {"n": "장안여자중학교", "base": "장안여자중", "emp": 25, "kind": "비영리", "hq": null, "dart": null, "listed": false, "fy": null, "sales": null, "pretax": null, "ctax": null, "emp_all": 25, "share": 1.0, "res": 0.5, "lis": null, "yr_hs": 0.5, "ind": "BIZ_NO미존재사업장", "dong": "장안면", "addr": "경기도 화성시 만세구 장안면 기아자동차로", "loc": "bldg"}, "geometry": {"type": "Point", "coordinates": [126.815686, 37.077212]}}, {"type": "Feature", "properties": {"n": "주시회사 하나승강기", "base": "주시회사하나승강기", "emp": 25, "kind": "미확인", "hq": null, "dart": null, "listed": false, "fy": null, "sales": null, "pretax": null, "ctax": null, "emp_all": 25, "share": 1.0, "res": 0.5, "lis": null, "yr_hs": 0.5, "ind": "사업시설 유지ㆍ관리 서비스업", "dong": "봉담읍", "addr": "경기도 화성시 효행구 봉담읍", "loc": "road"}, "geometry": {"type": "Point", "coordinates": [126.97979741498588, 37.21402332022756]}}, {"type": "Feature", "properties": {"n": "(주）한라이비텍화성공장", "base": "주한라이비텍", "emp": 25, "kind": "관외 본사 추정(지점)", "hq": null, "dart": null, "listed": false, "fy": null, "sales": null, "pretax": null, "ctax": null, "emp_all": 25, "share": 1.0, "res": 0.5, "lis": null, "yr_hs": 0.5, "ind": "기타 반도체 소자 제조업", "dong": "정남면", "addr": "경기도 화성시 효행구 정남면 내향안길", "loc": "bldg"}, "geometry": {"type": "Point", "coordinates": [126.991143, 37.143083]}}, {"type": "Feature", "properties": {"n": "주식회사 케이제이엠솔루션", "base": "케이제이엠솔루션", "emp": 25, "kind": "미확인", "hq": null, "dart": null, "listed": false, "fy": null, "sales": null, "pretax": null, "ctax": null, "emp_all": 25, "share": 1.0, "res": 0.5, "lis": null, "yr_hs": 0.5, "ind": "그 외 기타 분류 안된 사업 지원 서비스업", "dong": "팔탄면", "addr": "경기도 화성시 만세구 팔탄면", "loc": "road"}, "geometry": {"type": "Point", "coordinates": [126.898953478095, 37.169197485005384]}}, {"type": "Feature", "properties": {"n": "(주)파인텍-화성5D설계", "base": "파인텍화성5D설계", "emp": 25, "kind": "미확인", "hq": null, "dart": null, "listed": false, "fy": null, "sales": null, "pretax": null, "ctax": null, "emp_all": 25, "share": 1.0, "res": 0.5, "lis": null, "yr_hs": 0.5, "ind": "산업 생산시설 종합 건설업", "dong": "석우동", "addr": "경기도 화성시 동탄구", "loc": "road"}, "geometry": {"type": "Point", "coordinates": [127.0712921611705, 37.22454506083231]}}, {"type": "Feature", "properties": {"n": "풀향기어린이집", "base": "풀향기어린이집", "emp": 25, "kind": "미확인", "hq": null, "dart": null, "listed": false, "fy": null, "sales": null, "pretax": null, "ctax": null, "emp_all": 25, "share": 1.0, "res": 0.5, "lis": null, "yr_hs": 0.5, "ind": "BIZ_NO미존재사업장", "dong": "봉담읍", "addr": "경기도 화성시 효행구 봉담읍", "loc": "road"}, "geometry": {"type": "Point", "coordinates": [126.95546851065993, 37.212948274530945]}}, {"type": "Feature", "properties": {"n": "(주)한성I.M.P 제3공장", "base": "한성IMP", "emp": 25, "kind": "관외 본사 추정(지점)", "hq": null, "dart": null, "listed": false, "fy": null, "sales": null, "pretax": null, "ctax": null, "emp_all": 150, "share": 0.2, "res": 0.5, "lis": null, "yr_hs": 0.5, "ind": "금속 절삭기계 제조업", "dong": "양감면", "addr": "경기도 화성시 만세구 양감면", "loc": "road"}, "geometry": {"type": "Point", "coordinates": [126.96967341349698, 37.10747776247881]}}, {"type": "Feature", "properties": {"n": "한우리학교", "base": "한우리", "emp": 25, "kind": "비영리", "hq": null, "dart": null, "listed": false, "fy": null, "sales": null, "pretax": null, "ctax": null, "emp_all": 150, "share": 0.1, "res": 0.5, "lis": null, "yr_hs": 0.5, "ind": "BIZ_NO미존재사업장", "dong": "정남면", "addr": "경기도 화성시 효행구 정남면 관항길", "loc": "bldg"}, "geometry": {"type": "Point", "coordinates": [126.96202, 37.180833]}}, {"type": "Feature", "properties": {"n": "사단법인 해오름장애인협회이든사업단", "base": "해오름장애인협회이든사업단", "emp": 25, "kind": "비영리", "hq": null, "dart": null, "listed": false, "fy": null, "sales": null, "pretax": null, "ctax": null, "emp_all": 25, "share": 1.0, "res": 0.5, "lis": null, "yr_hs": 0.5, "ind": "배전반 및 전기 자동제어반 제조업", "dong": "마도면", "addr": "경기도 화성시 만세구 마도면", "loc": "road"}, "geometry": {"type": "Point", "coordinates": [126.72153851926086, 37.19409362578752]}}, {"type": "Feature", "properties": {"n": "현대아주의원", "base": "현대아주의원", "emp": 25, "kind": "비영리", "hq": null, "dart": null, "listed": false, "fy": null, "sales": null, "pretax": null, "ctax": null, "emp_all": 25, "share": 1.0, "res": 0.5, "lis": null, "yr_hs": 0.5, "ind": "일반의원", "dong": "남양읍", "addr": "경기도 화성시 만세구 남양읍", "loc": "road"}, "geometry": {"type": "Point", "coordinates": [126.81872174443114, 37.163253898525355]}}, {"type": "Feature", "properties": {"n": "현진SNT(주)", "base": "현진SNT", "emp": 25, "kind": "미확인", "hq": null, "dart": null, "listed": false, "fy": null, "sales": null, "pretax": null, "ctax": null, "emp_all": 25, "share": 1.0, "res": 0.5, "lis": null, "yr_hs": 0.5, "ind": "금속 절삭기계 제조업", "dong": "장안면", "addr": "경기도 화성시 만세구 장안면", "loc": "road"}, "geometry": {"type": "Point", "coordinates": [126.83958204241598, 37.138908787305915]}}, {"type": "Feature", "properties": {"n": "화성바른초등학교", "base": "화성바른초등", "emp": 25, "kind": "미확인", "hq": null, "dart": null, "listed": false, "fy": null, "sales": null, "pretax": null, "ctax": null, "emp_all": 25, "share": 1.0, "res": 0.5, "lis": null, "yr_hs": 0.5, "ind": "해당없음", "dong": "신동", "addr": "경기도 화성시 동탄구", "loc": "road"}, "geometry": {"type": "Point", "coordinates": [127.13903420587559, 37.18207345951592]}}, {"type": "Feature", "properties": {"n": "화성시청 햇살어린이집", "base": "화성시청햇살어린이집", "emp": 25, "kind": "비영리", "hq": null, "dart": null, "listed": false, "fy": null, "sales": null, "pretax": null, "ctax": null, "emp_all": 25, "share": 1.0, "res": 0.5, "lis": null, "yr_hs": 0.5, "ind": "BIZ_NO미존재사업장", "dong": "남양읍", "addr": "경기도 화성시 만세구 남양읍", "loc": "road"}, "geometry": {"type": "Point", "coordinates": [126.81863608303317, 37.20818831660475]}}, {"type": "Feature", "properties": {"n": "화성우체국", "base": "화성우체국", "emp": 25, "kind": "미확인", "hq": null, "dart": null, "listed": false, "fy": null, "sales": null, "pretax": null, "ctax": null, "emp_all": 25, "share": 1.0, "res": 0.5, "lis": null, "yr_hs": 0.5, "ind": "BIZ_NO미존재사업장", "dong": "남양읍", "addr": "경기도 화성시 만세구 남양읍 시청로202번길", "loc": "bldg"}, "geometry": {"type": "Point", "coordinates": [126.827669, 37.19738]}}, {"type": "Feature", "properties": {"n": "효성티앤에스(주)동탄사업장", "base": "효성티앤에스", "emp": 25, "kind": "관외 본사", "hq": "서울특별시 강남구", "dart": "효성티앤에스(주)", "listed": false, "fy": null, "sales": null, "pretax": null, "ctax": null, "emp_all": 1500, "share": 0.0, "res": 0.5, "lis": null, "yr_hs": 0.5, "ind": "사무용 기계 및 장비 제조업", "dong": "금곡동", "addr": "경기도 화성시 동탄구", "loc": "road"}, "geometry": {"type": "Point", "coordinates": [127.07835693074836, 37.169900457999105]}}, {"type": "Feature", "properties": {"n": "(주)심텍（SIMTECH）", "base": "심텍", "emp": 25, "kind": "관외 본사", "hq": "충청북도 청주시", "dart": "(주)심텍", "listed": true, "fy": 2025, "sales": 20000, "pretax": -2000, "ctax": 200, "emp_all": 1500, "share": 0.0, "res": 0.5, "lis": 0.5, "yr_hs": 0.5, "ind": "컴퓨터 제조업", "dong": "새솔동", "addr": "경기도 화성시 만세구", "loc": "road"}, "geometry": {"type": "Point", "coordinates": [126.81707231151152, 37.284662309348676]}}, {"type": "Feature", "properties": {"n": "(주)한국종합물류", "base": "한국종합물류", "emp": 25, "kind": "관외 본사", "hq": "서울특별시 강서구", "dart": "한국종합물류(주)", "listed": false, "fy": null, "sales": null, "pretax": null, "ctax": null, "emp_all": 1500, "share": 0.0, "res": 0.5, "lis": null, "yr_hs": 0.5, "ind": "생활용 포장 및 위생용품  봉투 및 유사 제품 도매업", "dong": "비봉면", "addr": "경기도 화성시 효행구 비봉면", "loc": "road"}, "geometry": {"type": "Point", "coordinates": [126.86587942150547, 37.25319215318511]}}, {"type": "Feature", "properties": {"n": "(주)파마피아 향남공장", "base": "파마피아", "emp": 25, "kind": "관외 본사", "hq": "서울특별시 송파구", "dart": "주식회사 파마피아", "listed": false, "fy": null, "sales": null, "pretax": null, "ctax": null, "emp_all": 1500, "share": 0.0, "res": 0.5, "lis": null, "yr_hs": 0.5, "ind": "의약품 도매업", "dong": "향남읍", "addr": "경기도 화성시 만세구 향남읍", "loc": "road"}, "geometry": {"type": "Point", "coordinates": [126.92224106180036, 37.09071174222218]}}, {"type": "Feature", "properties": {"n": "주식회사 에이치지컴퍼니", "base": "에이치지컴퍼니", "emp": 25, "kind": "관내 본사(KoDATA 누락)", "hq": "경기도 화성시", "dart": "주식회사 에이치지컴퍼니", "listed": false, "fy": null, "sales": null, "pretax": null, "ctax": null, "emp_all": 750, "share": 0.0, "res": 0.5, "lis": null, "yr_hs": 0.5, "ind": "기타 음ㆍ식료품 위주 종합 소매업", "dong": "영천동", "addr": "경기도 화성시 동탄구", "loc": "road"}, "geometry": {"type": "Point", "coordinates": [127.10414111853503, 37.172068388707345]}}, {"type": "Feature", "properties": {"n": "(주)대승엔지니어링", "base": "대승엔지니어링", "emp": 25, "kind": "관외 본사", "hq": "전라북도 전주시", "dart": "(주)대승엔지니어링", "listed": false, "fy": null, "sales": null, "pretax": null, "ctax": null, "emp_all": 1500, "share": 0.0, "res": 0.5, "lis": null, "yr_hs": 0.5, "ind": "아파트 건설업", "dong": "여울동", "addr": "경기도 화성시 동탄구", "loc": "road"}, "geometry": {"type": "Point", "coordinates": [127.09098431426274, 37.19801067079216]}}, {"type": "Feature", "properties": {"n": "도우누리화성협동조합", "base": "도우누리화성협동조합", "emp": 25, "kind": "미확인", "hq": null, "dart": null, "listed": false, "fy": null, "sales": null, "pretax": null, "ctax": null, "emp_all": 25, "share": 1.0, "res": 0.5, "lis": null, "yr_hs": 0.5, "ind": "그 외 기타 달리 분류되지 않은 개인 서비스업", "dong": "여울동", "addr": "경기도 화성시 동탄구", "loc": "road"}, "geometry": {"type": "Point", "coordinates": [127.09098431426274, 37.19801067079216]}}, {"type": "Feature", "properties": {"n": "동원요양원", "base": "동원요양원", "emp": 25, "kind": "미확인", "hq": null, "dart": null, "listed": false, "fy": null, "sales": null, "pretax": null, "ctax": null, "emp_all": 25, "share": 1.0, "res": 0.5, "lis": null, "yr_hs": 0.5, "ind": "BIZ_NO미존재사업장", "dong": "봉담읍", "addr": "경기도 화성시 효행구 봉담읍 최루백로", "loc": "bldg"}, "geometry": {"type": "Point", "coordinates": [126.954558, 37.210406]}}, {"type": "Feature", "properties": {"n": "주식회사 링컴즈(동탄지점)", "base": "링컴즈", "emp": 25, "kind": "미확인", "hq": null, "dart": null, "listed": false, "fy": null, "sales": null, "pretax": null, "ctax": null, "emp_all": 25, "share": 0.6, "res": 0.5, "lis": null, "yr_hs": 0.5, "ind": "광고 대행업", "dong": "영천동", "addr": "경기도 화성시 동탄구", "loc": "road"}, "geometry": {"type": "Point", "coordinates": [127.09140681114013, 37.210223562598784]}}, {"type": "Feature", "properties": {"n": "버드나무크래프트", "base": "버드나무크래프트", "emp": 25, "kind": "관외 본사 추정(지점)", "hq": null, "dart": null, "listed": false, "fy": null, "sales": null, "pretax": null, "ctax": null, "emp_all": 25, "share": 1.0, "res": 0.5, "lis": null, "yr_hs": 0.5, "ind": "한식 일반 음식점업", "dong": "송동", "addr": "경기도 화성시 동탄구", "loc": "road"}, "geometry": {"type": "Point", "coordinates": [127.10414111853503, 37.172068388707345]}}, {"type": "Feature", "properties": {"n": "서연유치원(직장)", "base": "서연유치원", "emp": 25, "kind": "미확인", "hq": null, "dart": null, "listed": false, "fy": null, "sales": null, "pretax": null, "ctax": null, "emp_all": 25, "share": 1.0, "res": 0.5, "lis": null, "yr_hs": 0.5, "ind": "BIZ_NO미존재사업장", "dong": "장지동", "addr": "경기도 화성시 동탄구", "loc": "road"}, "geometry": {"type": "Point", "coordinates": [127.11140320764204, 37.16508030011565]}}, {"type": "Feature", "properties": {"n": "수현유치원", "base": "수현유치원", "emp": 25, "kind": "미확인", "hq": null, "dart": null, "listed": false, "fy": null, "sales": null, "pretax": null, "ctax": null, "emp_all": 25, "share": 1.0, "res": 0.5, "lis": null, "yr_hs": 0.5, "ind": "BIZ_NO미존재사업장", "dong": "봉담읍", "addr": "경기도 화성시 효행구 봉담읍", "loc": "road"}, "geometry": {"type": "Point", "coordinates": [126.95003385459873, 37.22827363074507]}}, {"type": "Feature", "properties": {"n": "주식회사 에스와이플랜트", "base": "에스와이플랜트", "emp": 25, "kind": "미확인", "hq": null, "dart": null, "listed": false, "fy": null, "sales": null, "pretax": null, "ctax": null, "emp_all": 25, "share": 0.7, "res": 0.5, "lis": null, "yr_hs": 0.5, "ind": "축전지 제조업", "dong": "영천동", "addr": "경기도 화성시 동탄구", "loc": "road"}, "geometry": {"type": "Point", "coordinates": [127.10414111853503, 37.172068388707345]}}, {"type": "Feature", "properties": {"n": "（주）엔씨티엔지니어링종합건축사무소", "base": "엔씨티엔지니어링종합건축사무소", "emp": 25, "kind": "미확인", "hq": null, "dart": null, "listed": false, "fy": null, "sales": null, "pretax": null, "ctax": null, "emp_all": 25, "share": 1.0, "res": 0.5, "lis": null, "yr_hs": 0.5, "ind": "건축 설계 및 관련 서비스업(건축사)", "dong": "병점동", "addr": "경기도 화성시 병점구", "loc": "road"}, "geometry": {"type": "Point", "coordinates": [127.03723717946158, 37.21172945217518]}}, {"type": "Feature", "properties": {"n": "주식회사 이안웰푸드", "base": "이안웰푸드", "emp": 25, "kind": "미확인", "hq": null, "dart": null, "listed": false, "fy": null, "sales": null, "pretax": null, "ctax": null, "emp_all": 25, "share": 1.0, "res": 0.5, "lis": null, "yr_hs": 0.5, "ind": "산업용 농ㆍ축산물  섬유 원료 및 동물 중개업", "dong": "비봉면", "addr": "경기도 화성시 효행구 비봉면", "loc": "road"}, "geometry": {"type": "Point", "coordinates": [126.88039182744275, 37.19641707423479]}}, {"type": "Feature", "properties": {"n": "주식회사지우엘레베이터", "base": "지우엘레베이터", "emp": 25, "kind": "미확인", "hq": null, "dart": null, "listed": false, "fy": null, "sales": null, "pretax": null, "ctax": null, "emp_all": 25, "share": 1.0, "res": 0.5, "lis": null, "yr_hs": 0.5, "ind": "건물용 기계ㆍ장비 설치 공사업", "dong": "반월동", "addr": "경기도 화성시 병점구", "loc": "road"}, "geometry": {"type": "Point", "coordinates": [127.06302396838183, 37.23747353419367]}}, {"type": "Feature", "properties": {"n": "하나재활요양원", "base": "하나재활요양원", "emp": 25, "kind": "미확인", "hq": null, "dart": null, "listed": false, "fy": null, "sales": null, "pretax": null, "ctax": null, "emp_all": 25, "share": 0.4, "res": 0.5, "lis": null, "yr_hs": 0.5, "ind": "BIZ_NO미존재사업장", "dong": "남양읍", "addr": "경기도 화성시 만세구 남양읍", "loc": "road"}, "geometry": {"type": "Point", "coordinates": [126.8052158151489, 37.20732721818044]}}, {"type": "Feature", "properties": {"n": "사회복지법인한국노인생활지원재단/화성문화재단", "base": "한국노인생활지원재단화성문화재단", "emp": 25, "kind": "비영리", "hq": null, "dart": null, "listed": false, "fy": null, "sales": null, "pretax": null, "ctax": null, "emp_all": 25, "share": 1.0, "res": 0.5, "lis": null, "yr_hs": 0.5, "ind": "소독  구충 및 방제 서비스업", "dong": "반송동", "addr": "경기도 화성시 동탄구", "loc": "road"}, "geometry": {"type": "Point", "coordinates": [127.08511458293322, 37.19502719881835]}}, {"type": "Feature", "properties": {"n": "향남서비스주식회사", "base": "향남서비스", "emp": 25, "kind": "미확인", "hq": null, "dart": null, "listed": false, "fy": null, "sales": null, "pretax": null, "ctax": null, "emp_all": 25, "share": 1.0, "res": 0.5, "lis": null, "yr_hs": 0.5, "ind": "자동차 종합 수리업", "dong": "팔탄면", "addr": "경기도 화성시 만세구 팔탄면", "loc": "road"}, "geometry": {"type": "Point", "coordinates": [126.9255034945597, 37.15705700512528]}}, {"type": "Feature", "properties": {"n": "주식회사현진세이코", "base": "현진세이코", "emp": 25, "kind": "미확인", "hq": null, "dart": null, "listed": false, "fy": null, "sales": null, "pretax": null, "ctax": null, "emp_all": 25, "share": 1.0, "res": 0.5, "lis": null, "yr_hs": 0.5, "ind": "그 외 기타 금속 가공업", "dong": "봉담읍", "addr": "경기도 화성시 효행구 봉담읍", "loc": "road"}, "geometry": {"type": "Point", "coordinates": [126.93225127268533, 37.146652355511776]}}, {"type": "Feature", "properties": {"n": "화담고등학교", "base": "화담고등", "emp": 25, "kind": "미확인", "hq": null, "dart": null, "listed": false, "fy": null, "sales": null, "pretax": null, "ctax": null, "emp_all": 25, "share": 1.0, "res": 0.5, "lis": null, "yr_hs": 0.5, "ind": "BIZ_NO미존재사업장", "dong": "봉담읍", "addr": "경기도 화성시 효행구 봉담읍", "loc": "road"}, "geometry": {"type": "Point", "coordinates": [126.94207376968689, 37.22731982992715]}}, {"type": "Feature", "properties": {"n": "화성시청소년상담복지센터", "base": "화성시청소년상담복지", "emp": 25, "kind": "비영리", "hq": null, "dart": null, "listed": false, "fy": null, "sales": null, "pretax": null, "ctax": null, "emp_all": 25, "share": 1.0, "res": 0.5, "lis": null, "yr_hs": 0.5, "ind": "BIZ_NO미존재사업장", "dong": "병점동", "addr": "경기도 화성시 병점구", "loc": "road"}, "geometry": {"type": "Point", "coordinates": [127.03378358862446, 37.20330083265769]}}, {"type": "Feature", "properties": {"n": "(주)의성개발", "base": "의성개발", "emp": 25, "kind": "관외 본사", "hq": "서울특별시 마포구", "dart": "주식회사 의성개발", "listed": false, "fy": null, "sales": null, "pretax": null, "ctax": null, "emp_all": 1500, "share": 0.0, "res": 0.5, "lis": null, "yr_hs": 0.5, "ind": "톱 및 호환성 공구 제조업", "dong": "마도면", "addr": "경기도 화성시 만세구 마도면", "loc": "road"}, "geometry": {"type": "Point", "coordinates": [126.77568783157625, 37.20775653520295]}}, {"type": "Feature", "properties": {"n": "주식회사앰플리튜드코리아", "base": "앰플리튜드코리아", "emp": 25, "kind": "관외 본사", "hq": "경기도 수원시", "dart": "(주)앰플리튜드코리아", "listed": false, "fy": null, "sales": null, "pretax": null, "ctax": null, "emp_all": 750, "share": 0.0, "res": 0.5, "lis": null, "yr_hs": 0.5, "ind": "상품 종합 도매업", "dong": "영천동", "addr": "경기도 화성시 동탄구", "loc": "road"}, "geometry": {"type": "Point", "coordinates": [127.09727713125272, 37.212035782952945]}}, {"type": "Feature", "properties": {"n": "(주)우리산업환경비봉지점", "base": "우리산업환경", "emp": 25, "kind": "관외 본사", "hq": "경기도 안산시", "dart": "주식회사 우리산업환경", "listed": false, "fy": null, "sales": null, "pretax": null, "ctax": null, "emp_all": 750, "share": 0.0, "res": 0.5, "lis": null, "yr_hs": 0.5, "ind": "재생용 재료 수집 및 판매업", "dong": "비봉면", "addr": "경기도 화성시 효행구 비봉면", "loc": "road"}, "geometry": {"type": "Point", "coordinates": [126.88039182744275, 37.19641707423479]}}, {"type": "Feature", "properties": {"n": "주식회사 더바우스", "base": "더바우스", "emp": 25, "kind": "미확인", "hq": null, "dart": null, "listed": false, "fy": null, "sales": null, "pretax": null, "ctax": null, "emp_all": 25, "share": 1.0, "res": 0.5, "lis": null, "yr_hs": 0.5, "ind": "도배  실내 장식 및 내장 목공사업", "dong": "정남면", "addr": "경기도 화성시 효행구 정남면", "loc": "road"}, "geometry": {"type": "Point", "coordinates": [126.9483561095081, 37.17378137716518]}}, {"type": "Feature", "properties": {"n": "더아름다운세상", "base": "더아름다운세상", "emp": 25, "kind": "비영리", "hq": null, "dart": null, "listed": false, "fy": null, "sales": null, "pretax": null, "ctax": null, "emp_all": 25, "share": 1.0, "res": 0.5, "lis": null, "yr_hs": 0.5, "ind": "컨베이어 장치 제조업", "dong": "봉담읍", "addr": "경기도 화성시 효행구 봉담읍", "loc": "road"}, "geometry": {"type": "Point", "coordinates": [126.95146744591074, 37.216503645159605]}}, {"type": "Feature", "properties": {"n": "두레자연고등학교", "base": "두레자연", "emp": 25, "kind": "비영리", "hq": null, "dart": null, "listed": false, "fy": null, "sales": null, "pretax": null, "ctax": null, "emp_all": 25, "share": 1.0, "res": 0.5, "lis": null, "yr_hs": 0.5, "ind": "해당없음", "dong": "우정읍", "addr": "경기도 화성시 만세구 우정읍 두레길", "loc": "bldg"}, "geometry": {"type": "Point", "coordinates": [126.795763, 37.059377]}}, {"type": "Feature", "properties": {"n": "농업회사법인두레플러스주식회사", "base": "두레플러스", "emp": 25, "kind": "미확인", "hq": null, "dart": null, "listed": false, "fy": null, "sales": null, "pretax": null, "ctax": null, "emp_all": 25, "share": 1.0, "res": 0.5, "lis": null, "yr_hs": 0.5, "ind": "산업용 농ㆍ축산물  섬유 원료 및 동물 중개업", "dong": "남양읍", "addr": "경기도 화성시 만세구 남양읍", "loc": "road"}, "geometry": {"type": "Point", "coordinates": [126.82055711711848, 37.16293343901417]}}, {"type": "Feature", "properties": {"n": "(주)멀텍", "base": "멀텍", "emp": 25, "kind": "미확인", "hq": null, "dart": null, "listed": false, "fy": null, "sales": null, "pretax": null, "ctax": null, "emp_all": 25, "share": 1.0, "res": 0.5, "lis": null, "yr_hs": 0.5, "ind": "그 외 기타 전기장비 제조업", "dong": "영천동", "addr": "경기도 화성시 동탄구", "loc": "road"}, "geometry": {"type": "Point", "coordinates": [127.10285951590791, 37.21175860729589]}}, {"type": "Feature", "properties": {"n": "(주)무한엔지니어링", "base": "무한엔지니어링", "emp": 25, "kind": "미확인", "hq": null, "dart": null, "listed": false, "fy": null, "sales": null, "pretax": null, "ctax": null, "emp_all": 25, "share": 1.0, "res": 0.5, "lis": null, "yr_hs": 0.5, "ind": "BIZ_NO미존재사업장", "dong": "팔탄면", "addr": "경기도 화성시 만세구 팔탄면", "loc": "road"}, "geometry": {"type": "Point", "coordinates": [126.8783825798059, 37.17328063026922]}}, {"type": "Feature", "properties": {"n": "바른중학교", "base": "바른중", "emp": 25, "kind": "미확인", "hq": null, "dart": null, "listed": false, "fy": null, "sales": null, "pretax": null, "ctax": null, "emp_all": 25, "share": 1.0, "res": 0.5, "lis": null, "yr_hs": 0.5, "ind": "해당없음", "dong": "신동", "addr": "경기도 화성시 동탄구", "loc": "road"}, "geometry": {"type": "Point", "coordinates": [127.13786580670484, 37.181969030674395]}}, {"type": "Feature", "properties": {"n": "비엠자산관리 주식회사", "base": "비엠자산관리", "emp": 25, "kind": "미확인", "hq": null, "dart": null, "listed": false, "fy": null, "sales": null, "pretax": null, "ctax": null, "emp_all": 25, "share": 1.0, "res": 0.5, "lis": null, "yr_hs": 0.5, "ind": "사업시설 유지ㆍ관리 서비스업", "dong": "송동", "addr": "경기도 화성시 동탄구", "loc": "road"}, "geometry": {"type": "Point", "coordinates": [127.09463141102063, 37.16454318950708]}}, {"type": "Feature", "properties": {"n": "(주)삼경코스텍", "base": "삼경코스텍", "emp": 25, "kind": "미확인", "hq": null, "dart": null, "listed": false, "fy": null, "sales": null, "pretax": null, "ctax": null, "emp_all": 25, "share": 1.0, "res": 0.5, "lis": null, "yr_hs": 0.5, "ind": "치약  비누 및 기타 세제 제조업", "dong": "영천동", "addr": "경기도 화성시 동탄구", "loc": "road"}, "geometry": {"type": "Point", "coordinates": [127.10285951590791, 37.21175860729589]}}, {"type": "Feature", "properties": {"n": "(주)상록수자동차운전전문학원", "base": "상록수자동차운전전문학원", "emp": 25, "kind": "미확인", "hq": null, "dart": null, "listed": false, "fy": null, "sales": null, "pretax": null, "ctax": null, "emp_all": 25, "share": 1.0, "res": 0.5, "lis": null, "yr_hs": 0.5, "ind": "운전학원", "dong": "비봉면", "addr": "경기도 화성시 효행구 비봉면", "loc": "road"}, "geometry": {"type": "Point", "coordinates": [126.87503435141895, 37.19398886190088]}}, {"type": "Feature", "properties": {"n": "송산고등학교", "base": "송산고등", "emp": 25, "kind": "비영리", "hq": null, "dart": null, "listed": false, "fy": null, "sales": null, "pretax": null, "ctax": null, "emp_all": 25, "share": 1.0, "res": 0.5, "lis": null, "yr_hs": 0.5, "ind": "비주거용 건물 임대업(점포  자기땅)", "dong": "송산면", "addr": "경기도 화성시 만세구 송산면", "loc": "road"}, "geometry": {"type": "Point", "coordinates": [126.74813641254742, 37.211859968824044]}}, {"type": "Feature", "properties": {"n": "시립달빛숲어린이집", "base": "시립달빛숲어린이집", "emp": 25, "kind": "미확인", "hq": null, "dart": null, "listed": false, "fy": null, "sales": null, "pretax": null, "ctax": null, "emp_all": 25, "share": 1.0, "res": 0.5, "lis": null, "yr_hs": 0.5, "ind": "BIZ_NO미존재사업장", "dong": "신동", "addr": "경기도 화성시 동탄구", "loc": "road"}, "geometry": {"type": "Point", "coordinates": [127.14722689206518, 37.17650719987271]}}, {"type": "Feature", "properties": {"n": "신동고등학교", "base": "신동고등", "emp": 25, "kind": "미확인", "hq": null, "dart": null, "listed": false, "fy": null, "sales": null, "pretax": null, "ctax": null, "emp_all": 25, "share": 1.0, "res": 0.5, "lis": null, "yr_hs": 0.5, "ind": "BIZ_NO미존재사업장", "dong": "신동", "addr": "경기도 화성시 동탄구", "loc": "road"}, "geometry": {"type": "Point", "coordinates": [127.13847327310899, 37.17540820385557]}}, {"type": "Feature", "properties": {"n": "안용중학교", "base": "안용중", "emp": 25, "kind": "비영리", "hq": null, "dart": null, "listed": false, "fy": null, "sales": null, "pretax": null, "ctax": null, "emp_all": 25, "share": 1.0, "res": 0.5, "lis": null, "yr_hs": 0.5, "ind": "해당없음", "dong": "송산동", "addr": "", "loc": "dong"}, "geometry": {"type": "Point", "coordinates": [127.02327562815816, 37.215467580628825]}}, {"type": "Feature", "properties": {"n": "주식회사웨이스", "base": "웨이스", "emp": 25, "kind": "미확인", "hq": null, "dart": null, "listed": false, "fy": null, "sales": null, "pretax": null, "ctax": null, "emp_all": 25, "share": 1.0, "res": 0.5, "lis": null, "yr_hs": 0.5, "ind": "응용 소프트웨어 개발 및 공급업", "dong": "영천동", "addr": "경기도 화성시 동탄구", "loc": "road"}, "geometry": {"type": "Point", "coordinates": [127.10285951590791, 37.21175860729589]}}, {"type": "Feature", "properties": {"n": "화성시아름장애인보호작업장양감점", "base": "화성시아름장애인보호작업장", "emp": 25, "kind": "비영리", "hq": null, "dart": null, "listed": false, "fy": null, "sales": null, "pretax": null, "ctax": null, "emp_all": 25, "share": 0.4, "res": 0.5, "lis": null, "yr_hs": 0.5, "ind": "골판지 제조업", "dong": "양감면", "addr": "경기도 화성시 만세구 양감면", "loc": "road"}, "geometry": {"type": "Point", "coordinates": [126.92839283312708, 37.09105074894994]}}, {"type": "Feature", "properties": {"n": "화성의료복지사회적협동조합모두의원", "base": "화성의료복지사회적협동조합모두의원", "emp": 25, "kind": "비영리", "hq": null, "dart": null, "listed": false, "fy": null, "sales": null, "pretax": null, "ctax": null, "emp_all": 25, "share": 1.0, "res": 0.5, "lis": null, "yr_hs": 0.5, "ind": "BIZ_NO미존재사업장", "dong": "향남읍", "addr": "경기도 화성시 만세구 향남읍", "loc": "road"}, "geometry": {"type": "Point", "coordinates": [126.91694223398284, 37.12949410225882]}}, {"type": "Feature", "properties": {"n": "(주)성지화학화성공장", "base": "성지화학", "emp": 25, "kind": "관외 본사", "hq": "경기도 김포시", "dart": "(주)성지화학", "listed": false, "fy": null, "sales": null, "pretax": null, "ctax": null, "emp_all": 1500, "share": 0.0, "res": 0.5, "lis": null, "yr_hs": 0.5, "ind": "플라스틱 합성피혁 제조업", "dong": "장안면", "addr": "경기도 화성시 만세구 장안면", "loc": "road"}, "geometry": {"type": "Point", "coordinates": [126.81760283984092, 37.14457037111269]}}, {"type": "Feature", "properties": {"n": "주식회사 경수산업", "base": "경수산업", "emp": 25, "kind": "관외 본사", "hq": "충청북도 진천군", "dart": "경수산업주식회사", "listed": false, "fy": null, "sales": null, "pretax": null, "ctax": null, "emp_all": 1500, "share": 0.0, "res": 0.5, "lis": null, "yr_hs": 0.5, "ind": "아파트 건설업", "dong": "병점동", "addr": "경기도 화성시 병점구", "loc": "road"}, "geometry": {"type": "Point", "coordinates": [127.03019909923111, 37.205815422572044]}}, {"type": "Feature", "properties": {"n": "주식회사 화진테크", "base": "화진테크", "emp": 25, "kind": "관외 본사", "hq": "경상북도 영천시", "dart": "(주)화진테크", "listed": false, "fy": null, "sales": null, "pretax": null, "ctax": null, "emp_all": 1500, "share": 0.0, "res": 0.5, "lis": null, "yr_hs": 0.5, "ind": "기타 건축용 플라스틱 조립제품 제조업", "dong": "장안면", "addr": "경기도 화성시 만세구 장안면", "loc": "road"}, "geometry": {"type": "Point", "coordinates": [126.84184648714492, 37.086920745959915]}}, {"type": "Feature", "properties": {"n": "주식회사기륭산업", "base": "기륭산업", "emp": 25, "kind": "관외 본사 추정(지점)", "hq": null, "dart": null, "listed": false, "fy": null, "sales": null, "pretax": null, "ctax": null, "emp_all": 25, "share": 0.4, "res": 0.5, "lis": null, "yr_hs": 0.5, "ind": "치약  비누 및 기타 세제 제조업", "dong": "마도면", "addr": "경기도 화성시 만세구 마도면", "loc": "road"}, "geometry": {"type": "Point", "coordinates": [126.76582409199668, 37.16613824265443]}}, {"type": "Feature", "properties": {"n": "대한예수교장로회총회세계선교회", "base": "대한예수교장로회총회세계선교회", "emp": 25, "kind": "비영리", "hq": null, "dart": null, "listed": false, "fy": null, "sales": null, "pretax": null, "ctax": null, "emp_all": 25, "share": 1.0, "res": 0.5, "lis": null, "yr_hs": 0.5, "ind": "BIZ_NO미존재사업장", "dong": "팔탄면", "addr": "경기도 화성시 만세구 팔탄면", "loc": "road"}, "geometry": {"type": "Point", "coordinates": [126.87230203365638, 37.11937448337284]}}, {"type": "Feature", "properties": {"n": "주식회사 디와이소방", "base": "디와이소방", "emp": 25, "kind": "미확인", "hq": null, "dart": null, "listed": false, "fy": null, "sales": null, "pretax": null, "ctax": null, "emp_all": 25, "share": 1.0, "res": 0.5, "lis": null, "yr_hs": 0.5, "ind": "사업시설 유지ㆍ관리 서비스업", "dong": "송동", "addr": "경기도 화성시 동탄구", "loc": "road"}, "geometry": {"type": "Point", "coordinates": [127.09463141102063, 37.16454318950708]}}, {"type": "Feature", "properties": {"n": "봄해랑 엘엔씨", "base": "봄해랑엘엔씨", "emp": 25, "kind": "비영리", "hq": null, "dart": null, "listed": false, "fy": null, "sales": null, "pretax": null, "ctax": null, "emp_all": 25, "share": 1.0, "res": 0.5, "lis": null, "yr_hs": 0.5, "ind": "일반용 전기 조명장치 제조업", "dong": "영천동", "addr": "경기도 화성시 동탄구", "loc": "road"}, "geometry": {"type": "Point", "coordinates": [127.09727713125272, 37.212035782952945]}}, {"type": "Feature", "properties": {"n": "브로던랩스 주식회사", "base": "브로던랩스", "emp": 25, "kind": "미확인", "hq": null, "dart": null, "listed": false, "fy": null, "sales": null, "pretax": null, "ctax": null, "emp_all": 25, "share": 1.0, "res": 0.5, "lis": null, "yr_hs": 0.5, "ind": "기타 무선 통신장비 제조업", "dong": "방교동", "addr": "경기도 화성시 동탄구", "loc": "road"}, "geometry": {"type": "Point", "coordinates": [127.08577477063176, 37.16174463175205]}}, {"type": "Feature", "properties": {"n": "상록요양원", "base": "상록요양원", "emp": 25, "kind": "비영리", "hq": null, "dart": null, "listed": false, "fy": null, "sales": null, "pretax": null, "ctax": null, "emp_all": 25, "share": 1.0, "res": 0.5, "lis": null, "yr_hs": 0.5, "ind": "노인 양로 복지시설 운영업", "dong": "마도면", "addr": "경기도 화성시 만세구 마도면", "loc": "road"}, "geometry": {"type": "Point", "coordinates": [126.78525126773363, 37.20325087652199]}}, {"type": "Feature", "properties": {"n": "시립도담어린이집", "base": "시립도담어린이집", "emp": 25, "kind": "비영리", "hq": null, "dart": null, "listed": false, "fy": null, "sales": null, "pretax": null, "ctax": null, "emp_all": 25, "share": 1.0, "res": 0.5, "lis": null, "yr_hs": 0.5, "ind": "BIZ_NO미존재사업장", "dong": "신동", "addr": "경기도 화성시 동탄구", "loc": "road"}, "geometry": {"type": "Point", "coordinates": [127.13590905950747, 37.17426537200541]}}, {"type": "Feature", "properties": {"n": "주식회사 엔아이(NIco. ltd)", "base": "엔아이", "emp": 25, "kind": "미확인", "hq": null, "dart": null, "listed": false, "fy": null, "sales": null, "pretax": null, "ctax": null, "emp_all": 75, "share": 0.2, "res": 0.5, "lis": null, "yr_hs": 0.5, "ind": "금속류 원료 재생업", "dong": "정남면", "addr": "경기도 화성시 효행구 정남면", "loc": "road"}, "geometry": {"type": "Point", "coordinates": [126.97170962100526, 37.161421828010596]}}, {"type": "Feature", "properties": {"n": "주식회사 옵티마 영업소", "base": "옵티마", "emp": 25, "kind": "미확인", "hq": null, "dart": null, "listed": false, "fy": null, "sales": null, "pretax": null, "ctax": null, "emp_all": 25, "share": 1.0, "res": 0.5, "lis": null, "yr_hs": 0.5, "ind": "BIZ_NO미존재사업장", "dong": "영천동", "addr": "경기도 화성시 동탄구", "loc": "road"}, "geometry": {"type": "Point", "coordinates": [127.09140681114013, 37.210223562598784]}}, {"type": "Feature", "properties": {"n": "주식회사 유일에스엠티", "base": "유일에스엠티", "emp": 25, "kind": "미확인", "hq": null, "dart": null, "listed": false, "fy": null, "sales": null, "pretax": null, "ctax": null, "emp_all": 25, "share": 0.7, "res": 0.5, "lis": null, "yr_hs": 0.5, "ind": "기타 반도체 소자 제조업", "dong": "정남면", "addr": "경기도 화성시 효행구 정남면", "loc": "road"}, "geometry": {"type": "Point", "coordinates": [126.95111268294457, 37.16988903882785]}}, {"type": "Feature", "properties": {"n": "제이앤제이휴먼텍（주）-화성범퍼", "base": "제이앤제이휴먼텍화성범퍼", "emp": 25, "kind": "미확인", "hq": null, "dart": null, "listed": false, "fy": null, "sales": null, "pretax": null, "ctax": null, "emp_all": 25, "share": 1.0, "res": 0.5, "lis": null, "yr_hs": 0.5, "ind": "절삭 가공 및 유사 처리업", "dong": "우정읍", "addr": "경기도 화성시 만세구 우정읍", "loc": "road"}, "geometry": {"type": "Point", "coordinates": [126.75951444234695, 37.04112822096043]}}, {"type": "Feature", "properties": {"n": "주식회사 제이에이치정품창호", "base": "제이에이치정품창호", "emp": 25, "kind": "미확인", "hq": null, "dart": null, "listed": false, "fy": null, "sales": null, "pretax": null, "ctax": null, "emp_all": 25, "share": 1.0, "res": 0.5, "lis": null, "yr_hs": 0.5, "ind": "플라스틱 창호 제조업", "dong": "남양읍", "addr": "경기도 화성시 만세구 남양읍", "loc": "road"}, "geometry": {"type": "Point", "coordinates": [126.8549969745871, 37.183217185222496]}}, {"type": "Feature", "properties": {"n": "（주)고려프린텍", "base": "주고려프린텍", "emp": 25, "kind": "미확인", "hq": null, "dart": null, "listed": false, "fy": null, "sales": null, "pretax": null, "ctax": null, "emp_all": 25, "share": 1.0, "res": 0.5, "lis": null, "yr_hs": 0.5, "ind": "스크린 인쇄업", "dong": "안녕동", "addr": "경기도 화성시 병점구", "loc": "road"}, "geometry": {"type": "Point", "coordinates": [126.99263875148927, 37.19662260831356]}}, {"type": "Feature", "properties": {"n": "(주)프린테크케이알(FnS)", "base": "프린테크케이알", "emp": 25, "kind": "관외 본사 추정(지점)", "hq": null, "dart": null, "listed": false, "fy": null, "sales": null, "pretax": null, "ctax": null, "emp_all": 75, "share": 0.2, "res": 0.5, "lis": null, "yr_hs": 0.5, "ind": "표면 가공목재 및 특정 목적용 제재목 제조업", "dong": "송산면", "addr": "경기도 화성시 만세구 송산면", "loc": "road"}, "geometry": {"type": "Point", "coordinates": [126.69766171455635, 37.22158833178124]}}, {"type": "Feature", "properties": {"n": "(주)우창기업 화성공장", "base": "우창기업", "emp": 25, "kind": "관외 본사", "hq": "경기도 시흥시", "dart": "(주)우창기업", "listed": false, "fy": null, "sales": null, "pretax": null, "ctax": null, "emp_all": 1500, "share": 0.0, "res": 0.5, "lis": null, "yr_hs": 0.5, "ind": "합성수지 및 기타 플라스틱 물질 제조업", "dong": "향남읍", "addr": "경기도 화성시 만세구 향남읍", "loc": "road"}, "geometry": {"type": "Point", "coordinates": [126.89853830912327, 37.08271462319324]}}, {"type": "Feature", "properties": {"n": "하나비젼씨스템즈 화성공장", "base": "하나비젼씨스템즈", "emp": 25, "kind": "관외 본사", "hq": "인천광역시 연수구", "dart": "(주)하나비젼씨스템즈", "listed": false, "fy": null, "sales": null, "pretax": null, "ctax": null, "emp_all": 1500, "share": 0.0, "res": 0.5, "lis": null, "yr_hs": 0.5, "ind": "내부 통신배선 공사업", "dong": "마도면", "addr": "경기도 화성시 만세구 마도면", "loc": "road"}, "geometry": {"type": "Point", "coordinates": [126.74150789503815, 37.19198067712957]}}, {"type": "Feature", "properties": {"n": "한솔아이원스 주식회사(동탄)", "base": "한솔아이원스", "emp": 25, "kind": "관외 본사", "hq": "경기도 안성시", "dart": "한솔아이원스(주)", "listed": true, "fy": 2025, "sales": 2000, "pretax": 650, "ctax": 65, "emp_all": 750, "share": 0.0, "res": 0.5, "lis": 0.5, "yr_hs": 0.5, "ind": "기타 반도체 소자 제조업", "dong": "방교동", "addr": "경기도 화성시 동탄구", "loc": "road"}, "geometry": {"type": "Point", "coordinates": [127.08541373442844, 37.17293297334347]}}, {"type": "Feature", "properties": {"n": "흥국공업（주）화성공장", "base": "흥국공업", "emp": 25, "kind": "관외 본사", "hq": "경기도 안산시", "dart": "흥국공업(주)", "listed": false, "fy": null, "sales": null, "pretax": null, "ctax": null, "emp_all": 1500, "share": 0.0, "res": 0.5, "lis": null, "yr_hs": 0.5, "ind": "산업용 난방보일러 및 방열기 제조업", "dong": "마도면", "addr": "경기도 화성시 만세구 마도면", "loc": "road"}, "geometry": {"type": "Point", "coordinates": [126.78706363193007, 37.18064258423152]}}, {"type": "Feature", "properties": {"n": "（주）케이티팝스/sk뷰파크 입주자대표회의", "base": "케이티팝스SK뷰파크입주자대표회의", "emp": 25, "kind": "관외 본사", "hq": "경기도 수원시", "dart": "(주)케이티팝스", "listed": false, "fy": null, "sales": null, "pretax": null, "ctax": null, "emp_all": 1500, "share": 0.0, "res": 0.5, "lis": null, "yr_hs": 0.5, "ind": "경비 및 경호 서비스업", "dong": "반월동", "addr": "경기도 화성시 병점구", "loc": "road"}, "geometry": {"type": "Point", "coordinates": [127.05629102223854, 37.21935214069555]}}, {"type": "Feature", "properties": {"n": "주식회사 대선 화성지점", "base": "대선", "emp": 25, "kind": "관외 본사", "hq": "서울특별시 강남구", "dart": "(주)대선", "listed": false, "fy": null, "sales": null, "pretax": null, "ctax": null, "emp_all": 400, "share": 0.0, "res": 0.5, "lis": null, "yr_hs": 0.5, "ind": "제조 / 산업용강화플라스틱성형제품", "dong": "장안면", "addr": "경기도 화성시 만세구 장안면", "loc": "road"}, "geometry": {"type": "Point", "coordinates": [126.82616243597795, 37.13410505734835]}}, {"type": "Feature", "properties": {"n": "주식회사씨피에스테크", "base": "씨피에스테크", "emp": 25, "kind": "관외 본사", "hq": "서울특별시 강남구", "dart": "주식회사 씨피에스테크놀러지", "listed": false, "fy": null, "sales": null, "pretax": null, "ctax": null, "emp_all": 1500, "share": 0.0, "res": 0.5, "lis": null, "yr_hs": 0.5, "ind": "전기ㆍ전자공학 연구개발업", "dong": "여울동", "addr": "경기도 화성시 동탄구", "loc": "road"}, "geometry": {"type": "Point", "coordinates": [127.09815664522718, 37.19586376070808]}}, {"type": "Feature", "properties": {"n": "세화종합관리주식회사/e편한세상동탄아파트", "base": "세화종합관리E편한세상동탄아파트", "emp": 25, "kind": "관외 본사", "hq": "서울특별시 관악구", "dart": "세화종합관리 주식회사", "listed": false, "fy": null, "sales": null, "pretax": null, "ctax": null, "emp_all": 1500, "share": 0.0, "res": 0.5, "lis": null, "yr_hs": 0.5, "ind": "건축물 일반 청소업", "dong": "목동", "addr": "경기도 화성시 동탄구", "loc": "road"}, "geometry": {"type": "Point", "coordinates": [127.12450870479381, 37.18951462677495]}}, {"type": "Feature", "properties": {"n": "아날로그비츠 주식회사 (영업소)", "base": "아날로그비츠", "emp": 25, "kind": "관외 본사", "hq": "서울특별시 서초구", "dart": "주식회사 아날로그", "listed": false, "fy": null, "sales": null, "pretax": null, "ctax": null, "emp_all": 1500, "share": 0.0, "res": 0.5, "lis": null, "yr_hs": 0.5, "ind": "전기ㆍ전자공학 연구개발업", "dong": "영천동", "addr": "경기도 화성시 동탄구", "loc": "road"}, "geometry": {"type": "Point", "coordinates": [127.09463141102063, 37.16454318950708]}}, {"type": "Feature", "properties": {"n": "주식회사 대한푸드", "base": "대한푸드", "emp": 25, "kind": "관외 본사", "hq": "서울특별시 광진구", "dart": "주식회사 대한푸드", "listed": false, "fy": null, "sales": null, "pretax": null, "ctax": null, "emp_all": 750, "share": 0.0, "res": 0.5, "lis": null, "yr_hs": 0.5, "ind": "육류 도매업", "dong": "봉담읍", "addr": "경기도 화성시 효행구 봉담읍", "loc": "road"}, "geometry": {"type": "Point", "coordinates": [126.94106568834007, 37.19407979491565]}}, {"type": "Feature", "properties": {"n": "주식회사 블루온", "base": "블루온", "emp": 25, "kind": "관외 본사", "hq": "충청남도 천안시", "dart": "주식회사 블루온", "listed": false, "fy": null, "sales": null, "pretax": null, "ctax": null, "emp_all": 1500, "share": 0.0, "res": 0.5, "lis": null, "yr_hs": 0.5, "ind": "자동차 전문 수리업", "dong": "영천동", "addr": "경기도 화성시 동탄구", "loc": "road"}, "geometry": {"type": "Point", "coordinates": [127.09140681114013, 37.210223562598784]}}, {"type": "Feature", "properties": {"n": "(주)원하이테크", "base": "원하이테크", "emp": 25, "kind": "관외 본사", "hq": "대구광역시 달성군", "dart": "주식회사 원하이테크", "listed": false, "fy": null, "sales": null, "pretax": null, "ctax": null, "emp_all": 1500, "share": 0.0, "res": 0.5, "lis": null, "yr_hs": 0.5, "ind": "산업용 냉장 및 냉동장비 제조업", "dong": "남양읍", "addr": "경기도 화성시 만세구 남양읍 주석로184번길", "loc": "bldg"}, "geometry": {"type": "Point", "coordinates": [126.864913, 37.203953]}}, {"type": "Feature", "properties": {"n": "한미케이블(주)화성공장", "base": "한미케이블", "emp": 25, "kind": "관외 본사", "hq": "부산광역시 강서구", "dart": "한미케이블주식회사", "listed": false, "fy": null, "sales": null, "pretax": null, "ctax": null, "emp_all": 1500, "share": 0.0, "res": 0.5, "lis": null, "yr_hs": 0.5, "ind": "운송장비용 조명장치 제조업", "dong": "양감면", "addr": "경기도 화성시 만세구 양감면", "loc": "road"}, "geometry": {"type": "Point", "coordinates": [126.98801842136344, 37.08171495651678]}}, {"type": "Feature", "properties": {"n": "(주)제이엔디테크", "base": "제이엔디테크", "emp": 25, "kind": "관외 본사", "hq": "서울특별시 강남구", "dart": "제이엔디 주식회사 ", "listed": false, "fy": null, "sales": null, "pretax": null, "ctax": null, "emp_all": 1500, "share": 0.0, "res": 0.5, "lis": null, "yr_hs": 0.5, "ind": "포장용 플라스틱 성형용기 제조업", "dong": "양감면", "addr": "경기도 화성시 만세구 양감면", "loc": "road"}, "geometry": {"type": "Point", "coordinates": [126.98801842136344, 37.08171495651678]}}, {"type": "Feature", "properties": {"n": "(주)JNCCompany", "base": "JNCCOMPANY", "emp": 25, "kind": "미확인", "hq": null, "dart": null, "listed": false, "fy": null, "sales": null, "pretax": null, "ctax": null, "emp_all": 25, "share": 1.0, "res": 0.5, "lis": null, "yr_hs": 0.5, "ind": "그 외 기타 전자 부품 제조업", "dong": "향남읍", "addr": "경기도 화성시 만세구 향남읍", "loc": "road"}, "geometry": {"type": "Point", "coordinates": [126.91088256304951, 37.116401865452616]}}, {"type": "Feature", "properties": {"n": "경기진흥주택관리(주/이편한세상동탄파크아너스아파트", "base": "경기진흥주택관리주이편한세상동탄파크아너스아파트", "emp": 25, "kind": "미확인", "hq": null, "dart": null, "listed": false, "fy": null, "sales": null, "pretax": null, "ctax": null, "emp_all": 25, "share": 1.0, "res": 0.5, "lis": null, "yr_hs": 0.5, "ind": "건축물 일반 청소업", "dong": "신동", "addr": "경기도 화성시", "loc": "road"}, "geometry": {"type": "Point", "coordinates": [127.14722689206518, 37.17650719987271]}}, {"type": "Feature", "properties": {"n": "주식회사고브로", "base": "고브로", "emp": 25, "kind": "미확인", "hq": null, "dart": null, "listed": false, "fy": null, "sales": null, "pretax": null, "ctax": null, "emp_all": 25, "share": 1.0, "res": 0.5, "lis": null, "yr_hs": 0.5, "ind": "경영 컨설팅업", "dong": "안녕동", "addr": "경기도 화성시 병점구", "loc": "road"}, "geometry": {"type": "Point", "coordinates": [126.99434867205315, 37.19745201464154]}}, {"type": "Feature", "properties": {"n": "나루아이유치원", "base": "나루아이유치원", "emp": 25, "kind": "미확인", "hq": null, "dart": null, "listed": false, "fy": null, "sales": null, "pretax": null, "ctax": null, "emp_all": 25, "share": 1.0, "res": 0.5, "lis": null, "yr_hs": 0.5, "ind": "BIZ_NO미존재사업장", "dong": "반송동", "addr": "경기도 화성시 동탄구", "loc": "road"}, "geometry": {"type": "Point", "coordinates": [127.07952893548982, 37.18733959707792]}}, {"type": "Feature", "properties": {"n": "주식회사 블루퓨전", "base": "블루퓨전", "emp": 25, "kind": "미확인", "hq": null, "dart": null, "listed": false, "fy": null, "sales": null, "pretax": null, "ctax": null, "emp_all": 25, "share": 1.0, "res": 0.5, "lis": null, "yr_hs": 0.5, "ind": "절삭 가공 및 유사 처리업", "dong": "향남읍", "addr": "경기도 화성시 만세구 향남읍", "loc": "road"}, "geometry": {"type": "Point", "coordinates": [126.9081435194962, 37.08678525874569]}}, {"type": "Feature", "properties": {"n": "비아이원주식회사", "base": "비아이원", "emp": 25, "kind": "미확인", "hq": null, "dart": null, "listed": false, "fy": null, "sales": null, "pretax": null, "ctax": null, "emp_all": 25, "share": 1.0, "res": 0.5, "lis": null, "yr_hs": 0.5, "ind": "응용 소프트웨어 개발 및 공급업", "dong": "팔탄면", "addr": "경기도 화성시 만세구 팔탄면", "loc": "road"}, "geometry": {"type": "Point", "coordinates": [126.86631110878676, 37.122637639151236]}}, {"type": "Feature", "properties": {"n": "주식회사 서광이에스", "base": "서광이에스", "emp": 25, "kind": "미확인", "hq": null, "dart": null, "listed": false, "fy": null, "sales": null, "pretax": null, "ctax": null, "emp_all": 25, "share": 1.0, "res": 0.5, "lis": null, "yr_hs": 0.5, "ind": "전지 및 케이블 도매업", "dong": "남양읍", "addr": "경기도 화성시 만세구 남양읍", "loc": "road"}, "geometry": {"type": "Point", "coordinates": [126.82993593641581, 37.20019461096682]}}, {"type": "Feature", "properties": {"n": "주식회사성신(ENG)", "base": "성신", "emp": 25, "kind": "미확인", "hq": null, "dart": null, "listed": false, "fy": null, "sales": null, "pretax": null, "ctax": null, "emp_all": 250, "share": 0.1, "res": 0.5, "lis": null, "yr_hs": 0.5, "ind": "기타 반도체 소자 제조업", "dong": "향남읍", "addr": "경기도 화성시 만세구 향남읍", "loc": "road"}, "geometry": {"type": "Point", "coordinates": [126.94774345496852, 37.1271447106097]}}, {"type": "Feature", "properties": {"n": "시립봉담제1어린이집", "base": "시립봉담제1어린이집", "emp": 25, "kind": "비영리", "hq": null, "dart": null, "listed": false, "fy": null, "sales": null, "pretax": null, "ctax": null, "emp_all": 25, "share": 1.0, "res": 0.5, "lis": null, "yr_hs": 0.5, "ind": "BIZ_NO미존재사업장", "dong": "봉담읍", "addr": "경기도 화성시 효행구 봉담읍", "loc": "road"}, "geometry": {"type": "Point", "coordinates": [126.95003385459873, 37.22827363074507]}}, {"type": "Feature", "properties": {"n": "시립호반더클래스어린이집", "base": "시립호반더클래스어린이집", "emp": 25, "kind": "미확인", "hq": null, "dart": null, "listed": false, "fy": null, "sales": null, "pretax": null, "ctax": null, "emp_all": 25, "share": 1.0, "res": 0.5, "lis": null, "yr_hs": 0.5, "ind": "BIZ_NO미존재사업장", "dong": "청계동", "addr": "경기도 화성시 동탄구", "loc": "road"}, "geometry": {"type": "Point", "coordinates": [127.11892584388006, 37.19656890979856]}}, {"type": "Feature", "properties": {"n": "아가페요양원(아셀코리아)", "base": "아가페요양원", "emp": 25, "kind": "미확인", "hq": null, "dart": null, "listed": false, "fy": null, "sales": null, "pretax": null, "ctax": null, "emp_all": 75, "share": 0.2, "res": 0.5, "lis": null, "yr_hs": 0.5, "ind": "비주거용 건물 개발 및 공급업", "dong": "병점동", "addr": "경기도 화성시 병점구", "loc": "road"}, "geometry": {"type": "Point", "coordinates": [127.04769686910058, 37.208116819123745]}}, {"type": "Feature", "properties": {"n": "(주)알유스포츠(화성점)", "base": "알유스포츠", "emp": 25, "kind": "관외 본사 추정(지점)", "hq": null, "dart": null, "listed": false, "fy": null, "sales": null, "pretax": null, "ctax": null, "emp_all": 75, "share": 0.2, "res": 0.5, "lis": null, "yr_hs": 0.5, "ind": "그 외 기타 분류 안된 전문  과학 및 기술 서비스업", "dong": "우정읍", "addr": "경기도 화성시 만세구 우정읍", "loc": "road"}, "geometry": {"type": "Point", "coordinates": [126.75951444234695, 37.04112822096043]}}, {"type": "Feature", "properties": {"n": "(주)엔디오토 화성지점", "base": "엔디오토", "emp": 25, "kind": "관외 본사 추정(지점)", "hq": null, "dart": null, "listed": false, "fy": null, "sales": null, "pretax": null, "ctax": null, "emp_all": 75, "share": 0.3, "res": 0.5, "lis": null, "yr_hs": 0.5, "ind": "그 외 기타 전자 부품 제조업", "dong": "장안면", "addr": "경기도 화성시 만세구 장안면", "loc": "road"}, "geometry": {"type": "Point", "coordinates": [126.85410340712176, 37.05464398596017]}}, {"type": "Feature", "properties": {"n": "주식회사율림(한뜻학원)", "base": "율림", "emp": 25, "kind": "미확인", "hq": null, "dart": null, "listed": false, "fy": null, "sales": null, "pretax": null, "ctax": null, "emp_all": 25, "share": 0.6, "res": 0.5, "lis": null, "yr_hs": 0.5, "ind": "일반 교과학원", "dong": "산척동", "addr": "경기도 화성시 동탄구", "loc": "road"}, "geometry": {"type": "Point", "coordinates": [127.10631454578882, 37.176317801597094]}}, {"type": "Feature", "properties": {"n": "(주)이젠솔루션", "base": "이젠솔루션", "emp": 25, "kind": "미확인", "hq": null, "dart": null, "listed": false, "fy": null, "sales": null, "pretax": null, "ctax": null, "emp_all": 25, "share": 0.4, "res": 0.5, "lis": null, "yr_hs": 0.5, "ind": "유선 통신장비 제조업", "dong": "영천동", "addr": "경기도 화성시 동탄구", "loc": "road"}, "geometry": {"type": "Point", "coordinates": [127.10285951590791, 37.21175860729589]}}, {"type": "Feature", "properties": {"n": "풍원하이테크", "base": "풍원하이테크", "emp": 25, "kind": "미확인", "hq": null, "dart": null, "listed": false, "fy": null, "sales": null, "pretax": null, "ctax": null, "emp_all": 25, "share": 1.0, "res": 0.5, "lis": null, "yr_hs": 0.5, "ind": "그 외 자동차용 신품 부품 제조업", "dong": "향남읍", "addr": "경기도 화성시 만세구 향남읍", "loc": "road"}, "geometry": {"type": "Point", "coordinates": [126.90368575151305, 37.07560836201358]}}, {"type": "Feature", "properties": {"n": "재단법인한성문화유산연구원", "base": "한성문화유산연구원", "emp": 25, "kind": "비영리", "hq": null, "dart": null, "listed": false, "fy": null, "sales": null, "pretax": null, "ctax": null, "emp_all": 25, "share": 1.0, "res": 0.5, "lis": null, "yr_hs": 0.5, "ind": "BIZ_NO미존재사업장", "dong": "남양읍", "addr": "경기도 화성시 만세구 남양읍", "loc": "road"}, "geometry": {"type": "Point", "coordinates": [126.82937913285585, 37.201436472541715]}}, {"type": "Feature", "properties": {"n": "화성지역자활센터", "base": "화성지역자활", "emp": 25, "kind": "비영리", "hq": null, "dart": null, "listed": false, "fy": null, "sales": null, "pretax": null, "ctax": null, "emp_all": 25, "share": 0.6, "res": 0.5, "lis": null, "yr_hs": 0.5, "ind": "BIZ_NO미존재사업장", "dong": "향남읍", "addr": "경기도 화성시 만세구 향남읍", "loc": "road"}, "geometry": {"type": "Point", "coordinates": [126.90048198575799, 37.09602772747527]}}, {"type": "Feature", "properties": {"n": "우리관리(주)아이파크캐슬아파트관리사무소", "base": "우리관리아이파크캐슬아파트관리사무소", "emp": 25, "kind": "관외 본사", "hq": "경기도 안양시", "dart": "우리관리(주)", "listed": false, "fy": null, "sales": null, "pretax": null, "ctax": null, "emp_all": 1500, "share": 0.0, "res": 0.5, "lis": null, "yr_hs": 0.5, "ind": "사업시설 유지ㆍ관리 서비스업", "dong": "병점동", "addr": "경기도 화성시 병점구", "loc": "road"}, "geometry": {"type": "Point", "coordinates": [127.03013252761968, 37.201285276886864]}}, {"type": "Feature", "properties": {"n": "(주)세종테크윈", "base": "세종테크윈", "emp": 25, "kind": "관외 본사", "hq": "인천광역시 서구", "dart": "주식회사세종테크", "listed": false, "fy": null, "sales": null, "pretax": null, "ctax": null, "emp_all": 1500, "share": 0.0, "res": 0.5, "lis": null, "yr_hs": 0.5, "ind": "포장용 플라스틱 성형용기 제조업", "dong": "정남면", "addr": "경기도 화성시 효행구 정남면", "loc": "road"}, "geometry": {"type": "Point", "coordinates": [126.98636570763088, 37.13369469573688]}}, {"type": "Feature", "properties": {"n": "(주)한강이앰피화성지점", "base": "한강이앰피", "emp": 25, "kind": "관외 본사", "hq": "경기도 김포시", "dart": "(주)한강이앰피", "listed": false, "fy": null, "sales": null, "pretax": null, "ctax": null, "emp_all": 1500, "share": 0.0, "res": 0.5, "lis": null, "yr_hs": 0.5, "ind": "재생용 재료 수집 및 판매업", "dong": "장안면", "addr": "경기도 화성시 만세구 장안면", "loc": "road"}, "geometry": {"type": "Point", "coordinates": [126.85417373521777, 37.066232566405404]}}, {"type": "Feature", "properties": {"n": "우성이엔디(주) 화성지점", "base": "우성이엔디", "emp": 25, "kind": "관내 본사(KoDATA 누락)", "hq": "경기도 화성시", "dart": "우성이엔디(주)", "listed": false, "fy": null, "sales": null, "pretax": null, "ctax": null, "emp_all": 1500, "share": 0.0, "res": 0.5, "lis": null, "yr_hs": 0.5, "ind": "기타 반도체 소자 제조업", "dong": "능동", "addr": "경기도 화성시 동탄구", "loc": "road"}, "geometry": {"type": "Point", "coordinates": [127.06230691365792, 37.21424864854784]}}, {"type": "Feature", "properties": {"n": "주식회사 부성인더스트리", "base": "부성인더스트리", "emp": 25, "kind": "관외 본사", "hq": "경기도 부천시", "dart": "부성인더스트리", "listed": false, "fy": null, "sales": null, "pretax": null, "ctax": null, "emp_all": 750, "share": 0.0, "res": 0.5, "lis": null, "yr_hs": 0.5, "ind": "플라스틱 합성피혁 제조업", "dong": "남양읍", "addr": "경기도 화성시 만세구 남양읍", "loc": "road"}, "geometry": {"type": "Point", "coordinates": [126.79803132312622, 37.185559929819114]}}, {"type": "Feature", "properties": {"n": "BCC(주)", "base": "BCC", "emp": 25, "kind": "미확인", "hq": null, "dart": null, "listed": false, "fy": null, "sales": null, "pretax": null, "ctax": null, "emp_all": 25, "share": 1.0, "res": 0.5, "lis": null, "yr_hs": 0.5, "ind": "그 외 기타 1차 철강 제조업", "dong": "마도면", "addr": "경기도 화성시 만세구 마도면", "loc": "road"}, "geometry": {"type": "Point", "coordinates": [126.79320560680986, 37.180477046539636]}}, {"type": "Feature", "properties": {"n": "굿윌스토어 밀알신영통점", "base": "굿윌스토어밀알신", "emp": 25, "kind": "비영리", "hq": null, "dart": null, "listed": false, "fy": null, "sales": null, "pretax": null, "ctax": null, "emp_all": 25, "share": 1.0, "res": 0.5, "lis": null, "yr_hs": 0.5, "ind": "남녀용 겉옷 및 셔츠 도매업", "dong": "반월동", "addr": "경기도 화성시 병점구", "loc": "road"}, "geometry": {"type": "Point", "coordinates": [127.06567949294202, 37.233514608888605]}}, {"type": "Feature", "properties": {"n": "다원유치원(직원)", "base": "다원유치원", "emp": 25, "kind": "미확인", "hq": null, "dart": null, "listed": false, "fy": null, "sales": null, "pretax": null, "ctax": null, "emp_all": 25, "share": 1.0, "res": 0.5, "lis": null, "yr_hs": 0.5, "ind": "BIZ_NO미존재사업장", "dong": "영천동", "addr": "경기도 화성시 동탄구", "loc": "road"}, "geometry": {"type": "Point", "coordinates": [127.10285951590791, 37.21175860729589]}}, {"type": "Feature", "properties": {"n": "대일건설산업(주)", "base": "대일건설산업", "emp": 25, "kind": "미확인", "hq": null, "dart": null, "listed": false, "fy": null, "sales": null, "pretax": null, "ctax": null, "emp_all": 25, "share": 1.0, "res": 0.5, "lis": null, "yr_hs": 0.5, "ind": "기타 토목 시설물 건설업", "dong": "안녕동", "addr": "경기도 화성시 병점구", "loc": "road"}, "geometry": {"type": "Point", "coordinates": [126.99684936695382, 37.205336066688076]}}, {"type": "Feature", "properties": {"n": "대한민국상이군경회 군납사업소", "base": "대한민국상이군경회군납사업소", "emp": 25, "kind": "비영리", "hq": null, "dart": null, "listed": false, "fy": null, "sales": null, "pretax": null, "ctax": null, "emp_all": 25, "share": 1.0, "res": 0.5, "lis": null, "yr_hs": 0.5, "ind": "해당없음", "dong": "팔탄면", "addr": "경기도 화성시 만세구 팔탄면", "loc": "road"}, "geometry": {"type": "Point", "coordinates": [126.84437875515417, 37.155203501250654]}}, {"type": "Feature", "properties": {"n": "명성휀스(주)", "base": "명성휀스", "emp": 25, "kind": "미확인", "hq": null, "dart": null, "listed": false, "fy": null, "sales": null, "pretax": null, "ctax": null, "emp_all": 25, "share": 0.8, "res": 0.5, "lis": null, "yr_hs": 0.5, "ind": "금속 문  창  셔터 및 관련제품 제조업", "dong": "우정읍", "addr": "경기도 화성시 만세구 우정읍", "loc": "road"}, "geometry": {"type": "Point", "coordinates": [126.80451595521407, 37.03859476776233]}}, {"type": "Feature", "properties": {"n": "(주)부광종합건설", "base": "부광종합건설", "emp": 25, "kind": "미확인", "hq": null, "dart": null, "listed": false, "fy": null, "sales": null, "pretax": null, "ctax": null, "emp_all": 75, "share": 0.2, "res": 0.5, "lis": null, "yr_hs": 0.5, "ind": "아파트 건설업", "dong": "영천동", "addr": "경기도 화성시 동탄구", "loc": "road"}, "geometry": {"type": "Point", "coordinates": [127.10414111853503, 37.172068388707345]}}, {"type": "Feature", "properties": {"n": "아데카코리아(주)", "base": "아데카코리아", "emp": 25, "kind": "관외 본사 추정(지점)", "hq": null, "dart": null, "listed": false, "fy": null, "sales": null, "pretax": null, "ctax": null, "emp_all": 250, "share": 0.1, "res": 0.5, "lis": null, "yr_hs": 0.5, "ind": "석탄화학계 화합물 및 기타 기초 유기화학 물질제조업", "dong": "석우동", "addr": "경기도 화성시 동탄구", "loc": "road"}, "geometry": {"type": "Point", "coordinates": [127.0712921611705, 37.22454506083231]}}, {"type": "Feature", "properties": {"n": "농업회사법인주식회사아주농장 화성지점", "base": "아주농장", "emp": 25, "kind": "관외 본사 추정(지점)", "hq": null, "dart": null, "listed": false, "fy": null, "sales": null, "pretax": null, "ctax": null, "emp_all": 25, "share": 0.5, "res": 0.5, "lis": null, "yr_hs": 0.5, "ind": "그 외 기타 식료품 제조업", "dong": "장안면", "addr": "경기도 화성시 만세구 장안면", "loc": "road"}, "geometry": {"type": "Point", "coordinates": [126.85945376152111, 37.088455396853306]}}, {"type": "Feature", "properties": {"n": "사회복지법인에덴복지재단-화성시청 시설관리", "base": "에덴복지재단화성시청시설관리", "emp": 25, "kind": "비영리", "hq": null, "dart": null, "listed": false, "fy": null, "sales": null, "pretax": null, "ctax": null, "emp_all": 25, "share": 1.0, "res": 0.5, "lis": null, "yr_hs": 0.5, "ind": "건축물 일반 청소업", "dong": "남양읍", "addr": "경기도 화성시 만세구 남양읍", "loc": "road"}, "geometry": {"type": "Point", "coordinates": [126.81863608303317, 37.20818831660475]}}, {"type": "Feature", "properties": {"n": "에스엠피티주식회사-동탄2LH4단지아파트", "base": "에스엠피티동탄2LH4단지아파트", "emp": 25, "kind": "미확인", "hq": null, "dart": null, "listed": false, "fy": null, "sales": null, "pretax": null, "ctax": null, "emp_all": 25, "share": 1.0, "res": 0.5, "lis": null, "yr_hs": 0.5, "ind": "비주거용 부동산 관리업", "dong": "영천동", "addr": "경기도 화성시 동탄구", "loc": "road"}, "geometry": {"type": "Point", "coordinates": [127.12292654048052, 37.206227201292975]}}, {"type": "Feature", "properties": {"n": "주식회사 와이스테크", "base": "와이스테크", "emp": 25, "kind": "미확인", "hq": null, "dart": null, "listed": false, "fy": null, "sales": null, "pretax": null, "ctax": null, "emp_all": 25, "share": 1.0, "res": 0.5, "lis": null, "yr_hs": 0.5, "ind": "제조 / 산업용강화플라스틱성형제품", "dong": "양감면", "addr": "경기도 화성시 만세구 양감면", "loc": "road"}, "geometry": {"type": "Point", "coordinates": [126.9818290920852, 37.09255214654209]}}, {"type": "Feature", "properties": {"n": "우리기독교육선교회", "base": "우리기독교육선교회", "emp": 25, "kind": "비영리", "hq": null, "dart": null, "listed": false, "fy": null, "sales": null, "pretax": null, "ctax": null, "emp_all": 25, "share": 1.0, "res": 0.5, "lis": null, "yr_hs": 0.5, "ind": "애완 동물 장묘 및 보호 서비스업", "dong": "봉담읍", "addr": "경기도 화성시 효행구 봉담읍", "loc": "road"}, "geometry": {"type": "Point", "coordinates": [126.97131792367124, 37.2173403090362]}}, {"type": "Feature", "properties": {"n": "주식회사 위너젠", "base": "위너젠", "emp": 25, "kind": "미확인", "hq": null, "dart": null, "listed": false, "fy": null, "sales": null, "pretax": null, "ctax": null, "emp_all": 25, "share": 1.0, "res": 0.5, "lis": null, "yr_hs": 0.5, "ind": "전동기 및 발전기 제조업", "dong": "정남면", "addr": "경기도 화성시 효행구 정남면", "loc": "road"}, "geometry": {"type": "Point", "coordinates": [126.98636570763088, 37.13369469573688]}}, {"type": "Feature", "properties": {"n": "주식회사 유에스지", "base": "유에스지", "emp": 25, "kind": "미확인", "hq": null, "dart": null, "listed": false, "fy": null, "sales": null, "pretax": null, "ctax": null, "emp_all": 25, "share": 1.0, "res": 0.5, "lis": null, "yr_hs": 0.5, "ind": "기타 반도체 소자 제조업", "dong": "정남면", "addr": "경기도 화성시 효행구 정남면", "loc": "road"}, "geometry": {"type": "Point", "coordinates": [127.02572727027085, 37.14267295388879]}}, {"type": "Feature", "properties": {"n": "주식회사이솔남동탄에이프릴", "base": "이솔남동탄에이프릴", "emp": 25, "kind": "미확인", "hq": null, "dart": null, "listed": false, "fy": null, "sales": null, "pretax": null, "ctax": null, "emp_all": 25, "share": 1.0, "res": 0.5, "lis": null, "yr_hs": 0.5, "ind": "일반 교과학원", "dong": "산척동", "addr": "경기도 화성시 동탄구", "loc": "road"}, "geometry": {"type": "Point", "coordinates": [127.09463141102063, 37.16454318950708]}}, {"type": "Feature", "properties": {"n": "주식회사 주원엘엔씨", "base": "주원엘엔씨", "emp": 25, "kind": "미확인", "hq": null, "dart": null, "listed": false, "fy": null, "sales": null, "pretax": null, "ctax": null, "emp_all": 25, "share": 1.0, "res": 0.5, "lis": null, "yr_hs": 0.5, "ind": "건설 및 채광용 기계장비 제조업", "dong": "정남면", "addr": "경기도 화성시 효행구 정남면", "loc": "road"}, "geometry": {"type": "Point", "coordinates": [127.02771581138049, 37.14268913212131]}}, {"type": "Feature", "properties": {"n": "주식회사창보", "base": "창보", "emp": 25, "kind": "미확인", "hq": null, "dart": null, "listed": false, "fy": null, "sales": null, "pretax": null, "ctax": null, "emp_all": 25, "share": 0.4, "res": 0.5, "lis": null, "yr_hs": 0.5, "ind": "천연 및 혼합 조제 조미료 제조업", "dong": "팔탄면", "addr": "경기도 화성시 만세구 팔탄면", "loc": "road"}, "geometry": {"type": "Point", "coordinates": [126.89117313464442, 37.17754950970921]}}, {"type": "Feature", "properties": {"n": "팰리스어린이집", "base": "팰리스어린이집", "emp": 25, "kind": "미확인", "hq": null, "dart": null, "listed": false, "fy": null, "sales": null, "pretax": null, "ctax": null, "emp_all": 25, "share": 0.3, "res": 0.5, "lis": null, "yr_hs": 0.5, "ind": "BIZ_NO미존재사업장", "dong": "산척동", "addr": "경기도 화성시 동탄구", "loc": "road"}, "geometry": {"type": "Point", "coordinates": [127.11005863477601, 37.17045597250748]}}, {"type": "Feature", "properties": {"n": "해병대사령부(워게임센터)", "base": "해병대사령부", "emp": 25, "kind": "미확인", "hq": null, "dart": null, "listed": false, "fy": null, "sales": null, "pretax": null, "ctax": null, "emp_all": 25, "share": 0.7, "res": 0.5, "lis": null, "yr_hs": 0.5, "ind": "골프장 운영업", "dong": "봉담읍", "addr": "경기도 화성시 효행구 봉담읍", "loc": "road"}, "geometry": {"type": "Point", "coordinates": [126.9277750331274, 37.17352437270807]}}, {"type": "Feature", "properties": {"n": "화성시글로벌청소년센터", "base": "화성시글로벌청소년", "emp": 25, "kind": "비영리", "hq": null, "dart": null, "listed": false, "fy": null, "sales": null, "pretax": null, "ctax": null, "emp_all": 25, "share": 1.0, "res": 0.5, "lis": null, "yr_hs": 0.5, "ind": "BIZ_NO미존재사업장", "dong": "봉담읍", "addr": "경기도 화성시 효행구 봉담읍", "loc": "road"}, "geometry": {"type": "Point", "coordinates": [126.964745097986, 37.23568594280849]}}, {"type": "Feature", "properties": {"n": "화성시동탄아르딤장애인주간보호센터", "base": "화성시동탄아르딤장애인주간보호", "emp": 25, "kind": "비영리", "hq": null, "dart": null, "listed": false, "fy": null, "sales": null, "pretax": null, "ctax": null, "emp_all": 25, "share": 1.0, "res": 0.5, "lis": null, "yr_hs": 0.5, "ind": "BIZ_NO미존재사업장", "dong": "산척동", "addr": "경기도 화성시 동탄구", "loc": "road"}, "geometry": {"type": "Point", "coordinates": [127.10631454578882, 37.176317801597094]}}, {"type": "Feature", "properties": {"n": "화성시아동청소년정신건강복지센터", "base": "화성시아동청소년정신건강복지", "emp": 25, "kind": "비영리", "hq": null, "dart": null, "listed": false, "fy": null, "sales": null, "pretax": null, "ctax": null, "emp_all": 25, "share": 1.0, "res": 0.5, "lis": null, "yr_hs": 0.5, "ind": "BIZ_NO미존재사업장", "dong": "봉담읍", "addr": "경기도 화성시 효행구 봉담읍", "loc": "road"}, "geometry": {"type": "Point", "coordinates": [126.964745097986, 37.23568594280849]}}, {"type": "Feature", "properties": {"n": "주식회사훈장골갈비집어부지점", "base": "훈장골갈비집어부", "emp": 25, "kind": "관외 본사 추정(지점)", "hq": null, "dart": null, "listed": false, "fy": null, "sales": null, "pretax": null, "ctax": null, "emp_all": 25, "share": 1.0, "res": 0.5, "lis": null, "yr_hs": 0.5, "ind": "한식 일반 음식점업", "dong": "향남읍", "addr": "경기도 화성시 만세구 향남읍", "loc": "road"}, "geometry": {"type": "Point", "coordinates": [126.91942264145379, 37.13048967112911]}}, {"type": "Feature", "properties": {"n": "대원에스테이트서비스(주)/반정아이파크캐슬5단지", "base": "대원에스테이트서비스반정아이파크캐슬5단지", "emp": 25, "kind": "관외 본사", "hq": "서울특별시 서초구", "dart": "대원에스테이트서비스 주식회사", "listed": false, "fy": null, "sales": null, "pretax": null, "ctax": null, "emp_all": 1500, "share": 0.0, "res": 0.5, "lis": null, "yr_hs": 0.5, "ind": "그 외 기타 분류 안된 사업 지원 서비스업", "dong": "반정동", "addr": "경기도 화성시 병점구", "loc": "road"}, "geometry": {"type": "Point", "coordinates": [127.04291525859406, 37.234296012969914]}}, {"type": "Feature", "properties": {"n": "(주)케이엠산업/동탄더샵레이크에듀타운 관리사무소", "base": "케이엠산업동탄더샵레이크에듀타운관리사무소", "emp": 25, "kind": "관외 본사", "hq": "서울특별시 서초구", "dart": "주식회사 케이엠산업", "listed": false, "fy": null, "sales": null, "pretax": null, "ctax": null, "emp_all": 1500, "share": 0.0, "res": 0.5, "lis": null, "yr_hs": 0.5, "ind": "건축물 일반 청소업", "dong": "산척동", "addr": "경기도 화성시 동탄구", "loc": "road"}, "geometry": {"type": "Point", "coordinates": [127.10631454578882, 37.176317801597094]}}, {"type": "Feature", "properties": {"n": "주식회사비엠에이", "base": "비엠에이", "emp": 25, "kind": "관외 본사", "hq": "충청북도 청주시", "dart": "주식회사 비엠에이", "listed": false, "fy": null, "sales": null, "pretax": null, "ctax": null, "emp_all": 1500, "share": 0.0, "res": 0.5, "lis": null, "yr_hs": 0.5, "ind": "의료 기기 도매업", "dong": "송동", "addr": "경기도 화성시 동탄구", "loc": "road"}, "geometry": {"type": "Point", "coordinates": [127.10073561364877, 37.173548012157895]}}, {"type": "Feature", "properties": {"n": "켄직코퍼레이션 주식회사", "base": "켄직코퍼레이션", "emp": 25, "kind": "관내 본사(KoDATA 누락)", "hq": "경기도 화성시", "dart": "켄직코퍼레이션 주식회사", "listed": false, "fy": null, "sales": null, "pretax": null, "ctax": null, "emp_all": 750, "share": 0.0, "res": 0.5, "lis": null, "yr_hs": 0.5, "ind": "상품 종합 도매업", "dong": "송동", "addr": "경기도 화성시 동탄구", "loc": "road"}, "geometry": {"type": "Point", "coordinates": [127.10073561364877, 37.173548012157895]}}, {"type": "Feature", "properties": {"n": "주식회사 나우디앤아이", "base": "나우디앤아이", "emp": 25, "kind": "미확인", "hq": null, "dart": null, "listed": false, "fy": null, "sales": null, "pretax": null, "ctax": null, "emp_all": 25, "share": 1.0, "res": 0.5, "lis": null, "yr_hs": 0.5, "ind": "그 외 자동차용 신품 부품 제조업", "dong": "향남읍", "addr": "경기도 화성시 만세구 향남읍", "loc": "road"}, "geometry": {"type": "Point", "coordinates": [126.92224106180036, 37.09071174222218]}}, {"type": "Feature", "properties": {"n": "대동글라스테크 주식회사", "base": "대동글라스테크", "emp": 25, "kind": "미확인", "hq": null, "dart": null, "listed": false, "fy": null, "sales": null, "pretax": null, "ctax": null, "emp_all": 25, "share": 1.0, "res": 0.5, "lis": null, "yr_hs": 0.5, "ind": "판유리 제조업", "dong": "마도면", "addr": "경기도 화성시 만세구 마도면", "loc": "road"}, "geometry": {"type": "Point", "coordinates": [126.74150789503815, 37.19198067712957]}}, {"type": "Feature", "properties": {"n": "주식회사 동역테크", "base": "동역테크", "emp": 25, "kind": "미확인", "hq": null, "dart": null, "listed": false, "fy": null, "sales": null, "pretax": null, "ctax": null, "emp_all": 25, "share": 1.0, "res": 0.5, "lis": null, "yr_hs": 0.5, "ind": "그 외 자동차용 신품 부품 제조업", "dong": "향남읍", "addr": "경기도 화성시 만세구 향남읍", "loc": "road"}, "geometry": {"type": "Point", "coordinates": [126.89981544701297, 37.10408864142841]}}, {"type": "Feature", "properties": {"n": "두리건설산업(주)", "base": "두리건설산업", "emp": 25, "kind": "미확인", "hq": null, "dart": null, "listed": false, "fy": null, "sales": null, "pretax": null, "ctax": null, "emp_all": 25, "share": 0.6, "res": 0.5, "lis": null, "yr_hs": 0.5, "ind": "유리 및 창호 공사업", "dong": "봉담읍", "addr": "경기도 화성시 효행구 봉담읍", "loc": "road"}, "geometry": {"type": "Point", "coordinates": [126.93674825527842, 37.18250669855607]}}, {"type": "Feature", "properties": {"n": "디라이프스타일키친(동탄점)", "base": "디라이프스타일키친", "emp": 25, "kind": "관외 본사 추정(지점)", "hq": null, "dart": null, "listed": false, "fy": null, "sales": null, "pretax": null, "ctax": null, "emp_all": 75, "share": 0.2, "res": 0.5, "lis": null, "yr_hs": 0.5, "ind": "서양식 음식점업", "dong": "여울동", "addr": "경기도 화성시 동탄구", "loc": "road"}, "geometry": {"type": "Point", "coordinates": [127.09815664522718, 37.19586376070808]}}, {"type": "Feature", "properties": {"n": "디에스일렉트릭 주식회사", "base": "디에스일렉트릭", "emp": 25, "kind": "미확인", "hq": null, "dart": null, "listed": false, "fy": null, "sales": null, "pretax": null, "ctax": null, "emp_all": 25, "share": 0.7, "res": 0.5, "lis": null, "yr_hs": 0.5, "ind": "도배  실내 장식 및 내장 목공사업", "dong": "안녕동", "addr": "경기도 화성시 병점구", "loc": "road"}, "geometry": {"type": "Point", "coordinates": [126.98899176071862, 37.19934096981974]}}, {"type": "Feature", "properties": {"n": "주식회사 디케이(DK Co. Ltd.)", "base": "디케이", "emp": 25, "kind": "미확인", "hq": null, "dart": null, "listed": false, "fy": null, "sales": null, "pretax": null, "ctax": null, "emp_all": 750, "share": 0.0, "res": 0.5, "lis": null, "yr_hs": 0.5, "ind": "유압 기기 제조업", "dong": "마도면", "addr": "경기도 화성시 만세구 마도면", "loc": "road"}, "geometry": {"type": "Point", "coordinates": [126.7957539989245, 37.19312820583375]}}, {"type": "Feature", "properties": {"n": "(주)라누벨뽀", "base": "라누벨뽀", "emp": 25, "kind": "미확인", "hq": null, "dart": null, "listed": false, "fy": null, "sales": null, "pretax": null, "ctax": null, "emp_all": 25, "share": 1.0, "res": 0.5, "lis": null, "yr_hs": 0.5, "ind": "화장품 제조업", "dong": "영천동", "addr": "경기도 화성시 동탄구", "loc": "road"}, "geometry": {"type": "Point", "coordinates": [127.09140681114013, 37.210223562598784]}}, {"type": "Feature", "properties": {"n": "봉담아이원어린이집", "base": "봉담아이원어린이집", "emp": 25, "kind": "미확인", "hq": null, "dart": null, "listed": false, "fy": null, "sales": null, "pretax": null, "ctax": null, "emp_all": 25, "share": 1.0, "res": 0.5, "lis": null, "yr_hs": 0.5, "ind": "BIZ_NO미존재사업장", "dong": "봉담읍", "addr": "경기도 화성시 효행구 봉담읍", "loc": "road"}, "geometry": {"type": "Point", "coordinates": [126.94465606614546, 37.23283926012034]}}, {"type": "Feature", "properties": {"n": "성혜원", "base": "성혜원", "emp": 25, "kind": "비영리", "hq": null, "dart": null, "listed": false, "fy": null, "sales": null, "pretax": null, "ctax": null, "emp_all": 25, "share": 1.0, "res": 0.5, "lis": null, "yr_hs": 0.5, "ind": "BIZ_NO미존재사업장", "dong": "장안면", "addr": "경기도 화성시 만세구 장안면", "loc": "road"}, "geometry": {"type": "Point", "coordinates": [126.85417373521777, 37.066232566405404]}}, {"type": "Feature", "properties": {"n": "세무법인 엑스퍼트 화성동탄지점", "base": "세무법인엑스퍼트", "emp": 25, "kind": "관외 본사 추정(지점)", "hq": null, "dart": null, "listed": false, "fy": null, "sales": null, "pretax": null, "ctax": null, "emp_all": 150, "share": 0.1, "res": 0.5, "lis": null, "yr_hs": 0.5, "ind": "세무사업", "dong": "영천동", "addr": "경기도 화성시 동탄구", "loc": "road"}, "geometry": {"type": "Point", "coordinates": [127.09463141102063, 37.16454318950708]}}, {"type": "Feature", "properties": {"n": "시립나노시티캐슬어린이집", "base": "시립나노시티캐슬어린이집", "emp": 25, "kind": "비영리", "hq": null, "dart": null, "listed": false, "fy": null, "sales": null, "pretax": null, "ctax": null, "emp_all": 25, "share": 1.0, "res": 0.5, "lis": null, "yr_hs": 0.5, "ind": "BIZ_NO미존재사업장", "dong": "반월동", "addr": "경기도 화성시 병점구", "loc": "road"}, "geometry": {"type": "Point", "coordinates": [127.03723717946158, 37.21172945217518]}}, {"type": "Feature", "properties": {"n": "시립남양9단지어린이집", "base": "시립남양9단지어린이집", "emp": 25, "kind": "미확인", "hq": null, "dart": null, "listed": false, "fy": null, "sales": null, "pretax": null, "ctax": null, "emp_all": 25, "share": 1.0, "res": 0.5, "lis": null, "yr_hs": 0.5, "ind": "BIZ_NO미존재사업장", "dong": "남양읍", "addr": "경기도 화성시 만세구 남양읍", "loc": "road"}, "geometry": {"type": "Point", "coordinates": [126.82158287129857, 37.20343096321434]}}, {"type": "Feature", "properties": {"n": "시립누리뜰어린이집", "base": "시립누리뜰어린이집", "emp": 25, "kind": "비영리", "hq": null, "dart": null, "listed": false, "fy": null, "sales": null, "pretax": null, "ctax": null, "emp_all": 25, "share": 1.0, "res": 0.5, "lis": null, "yr_hs": 0.5, "ind": "BIZ_NO미존재사업장", "dong": "반정동", "addr": "경기도 화성시 병점구", "loc": "road"}, "geometry": {"type": "Point", "coordinates": [127.04291525859406, 37.234296012969914]}}, {"type": "Feature", "properties": {"n": "시립동탄행복어린이집", "base": "시립동탄행복어린이집", "emp": 25, "kind": "미확인", "hq": null, "dart": null, "listed": false, "fy": null, "sales": null, "pretax": null, "ctax": null, "emp_all": 25, "share": 1.0, "res": 0.5, "lis": null, "yr_hs": 0.5, "ind": "BIZ_NO미존재사업장", "dong": "여울동", "addr": "경기도 화성시 동탄구", "loc": "road"}, "geometry": {"type": "Point", "coordinates": [127.0913741823117, 37.18543051717677]}}, {"type": "Feature", "properties": {"n": "시립슬기로운어린이집", "base": "시립슬기로운어린이집", "emp": 25, "kind": "비영리", "hq": null, "dart": null, "listed": false, "fy": null, "sales": null, "pretax": null, "ctax": null, "emp_all": 25, "share": 0.5, "res": 0.5, "lis": null, "yr_hs": 0.5, "ind": "BIZ_NO미존재사업장", "dong": "장지동", "addr": "경기도 화성시 동탄구", "loc": "road"}, "geometry": {"type": "Point", "coordinates": [127.10500951018656, 37.16210536831451]}}, {"type": "Feature", "properties": {"n": "시립호수별하어린이집", "base": "시립호수별하어린이집", "emp": 25, "kind": "비영리", "hq": null, "dart": null, "listed": false, "fy": null, "sales": null, "pretax": null, "ctax": null, "emp_all": 25, "share": 1.0, "res": 0.5, "lis": null, "yr_hs": 0.5, "ind": "BIZ_NO미존재사업장", "dong": "장지동", "addr": "경기도 화성시 동탄구", "loc": "road"}, "geometry": {"type": "Point", "coordinates": [127.11140320764204, 37.16508030011565]}}, {"type": "Feature", "properties": {"n": "주식회사신대한환경지점", "base": "신대한환경", "emp": 25, "kind": "관외 본사 추정(지점)", "hq": null, "dart": null, "listed": false, "fy": null, "sales": null, "pretax": null, "ctax": null, "emp_all": 25, "share": 0.6, "res": 0.5, "lis": null, "yr_hs": 0.5, "ind": "건설 폐기물 수집  운반업", "dong": "정남면", "addr": "경기도 화성시 효행구 정남면", "loc": "road"}, "geometry": {"type": "Point", "coordinates": [126.98441579234935, 37.1446711536629]}}, {"type": "Feature", "properties": {"n": "(주)씨쓰리테크놀리지", "base": "씨쓰리테크놀리지", "emp": 25, "kind": "미확인", "hq": null, "dart": null, "listed": false, "fy": null, "sales": null, "pretax": null, "ctax": null, "emp_all": 25, "share": 1.0, "res": 0.5, "lis": null, "yr_hs": 0.5, "ind": "BIZ_NO미존재사업장", "dong": "방교동", "addr": "경기도 화성시 동탄구", "loc": "road"}, "geometry": {"type": "Point", "coordinates": [127.08541373442844, 37.17293297334347]}}, {"type": "Feature", "properties": {"n": "주식회사아너스테크", "base": "아너스테크", "emp": 25, "kind": "미확인", "hq": null, "dart": null, "listed": false, "fy": null, "sales": null, "pretax": null, "ctax": null, "emp_all": 25, "share": 0.3, "res": 0.5, "lis": null, "yr_hs": 0.5, "ind": "가전제품 및 부품 도매업", "dong": "기안동", "addr": "경기도 화성시 효행구", "loc": "road"}, "geometry": {"type": "Point", "coordinates": [126.97992400682591, 37.222725025325204]}}, {"type": "Feature", "properties": {"n": "(주)엠케이", "base": "엠케이", "emp": 25, "kind": "미확인", "hq": null, "dart": null, "listed": false, "fy": null, "sales": null, "pretax": null, "ctax": null, "emp_all": 150, "share": 0.1, "res": 0.5, "lis": null, "yr_hs": 0.5, "ind": "기타 비철금속 제련  정련 및 합금 제조업", "dong": "마도면", "addr": "경기도 화성시 만세구 마도면", "loc": "road"}, "geometry": {"type": "Point", "coordinates": [126.7426705721283, 37.167714921066064]}}, {"type": "Feature", "properties": {"n": "영농조합법인송원에이피씨", "base": "영농조합법인송원에이피씨", "emp": 25, "kind": "관외 본사 추정(지점)", "hq": null, "dart": null, "listed": false, "fy": null, "sales": null, "pretax": null, "ctax": null, "emp_all": 25, "share": 0.5, "res": 0.5, "lis": null, "yr_hs": 0.5, "ind": "과실류 도매업", "dong": "금곡동", "addr": "경기도 화성시 동탄구", "loc": "road"}, "geometry": {"type": "Point", "coordinates": [127.07835693074836, 37.169900457999105]}}, {"type": "Feature", "properties": {"n": "(주)와이엔모빌리티", "base": "와이엔모빌리티", "emp": 25, "kind": "미확인", "hq": null, "dart": null, "listed": false, "fy": null, "sales": null, "pretax": null, "ctax": null, "emp_all": 25, "share": 1.0, "res": 0.5, "lis": null, "yr_hs": 0.5, "ind": "화물 자동차 및 특수 목적용 자동차 제조업", "dong": "정남면", "addr": "경기도 화성시 효행구 정남면", "loc": "road"}, "geometry": {"type": "Point", "coordinates": [126.96154208976978, 37.14415602352746]}}, {"type": "Feature", "properties": {"n": "우리택배주식회사", "base": "우리택배", "emp": 25, "kind": "미확인", "hq": null, "dart": null, "listed": false, "fy": null, "sales": null, "pretax": null, "ctax": null, "emp_all": 25, "share": 1.0, "res": 0.5, "lis": null, "yr_hs": 0.5, "ind": "그 외 기타 분류 안된 사업 지원 서비스업", "dong": "영천동", "addr": "경기도 화성시 동탄구", "loc": "road"}, "geometry": {"type": "Point", "coordinates": [127.10414111853503, 37.172068388707345]}}, {"type": "Feature", "properties": {"n": "(주)이지기업", "base": "이지기업", "emp": 25, "kind": "미확인", "hq": null, "dart": null, "listed": false, "fy": null, "sales": null, "pretax": null, "ctax": null, "emp_all": 25, "share": 1.0, "res": 0.5, "lis": null, "yr_hs": 0.5, "ind": "골판지 제조업", "dong": "향남읍", "addr": "경기도 화성시 만세구 향남읍", "loc": "road"}, "geometry": {"type": "Point", "coordinates": [126.9081435194962, 37.08678525874569]}}, {"type": "Feature", "properties": {"n": "주식회사정상이앤씨", "base": "정상이앤씨", "emp": 25, "kind": "미확인", "hq": null, "dart": null, "listed": false, "fy": null, "sales": null, "pretax": null, "ctax": null, "emp_all": 25, "share": 1.0, "res": 0.5, "lis": null, "yr_hs": 0.5, "ind": "기타 엔지니어링 서비스업", "dong": "서신면", "addr": "경기도 화성시 만세구 서신면", "loc": "road"}, "geometry": {"type": "Point", "coordinates": [126.71178549226921, 37.186907879453734]}}, {"type": "Feature", "properties": {"n": "주식회사 제이나인프레시젼", "base": "제이나인프레시젼", "emp": 25, "kind": "미확인", "hq": null, "dart": null, "listed": false, "fy": null, "sales": null, "pretax": null, "ctax": null, "emp_all": 25, "share": 1.0, "res": 0.5, "lis": null, "yr_hs": 0.5, "ind": "주형 및 금형 제조업", "dong": "남양읍", "addr": "경기도 화성시 만세구 남양읍", "loc": "road"}, "geometry": {"type": "Point", "coordinates": [126.85088573175898, 37.21589417445308]}}, {"type": "Feature", "properties": {"n": "주식회사제이바스", "base": "제이바스", "emp": 25, "kind": "미확인", "hq": null, "dart": null, "listed": false, "fy": null, "sales": null, "pretax": null, "ctax": null, "emp_all": 25, "share": 1.0, "res": 0.5, "lis": null, "yr_hs": 0.5, "ind": "그 외 기타 건축자재 도매업", "dong": "반송동", "addr": "경기도 화성시 동탄구", "loc": "road"}, "geometry": {"type": "Point", "coordinates": [127.07081799723078, 37.18854353016431]}}, {"type": "Feature", "properties": {"n": "주식회사 제이앤티시스템", "base": "제이앤티시스템", "emp": 25, "kind": "미확인", "hq": null, "dart": null, "listed": false, "fy": null, "sales": null, "pretax": null, "ctax": null, "emp_all": 25, "share": 1.0, "res": 0.5, "lis": null, "yr_hs": 0.5, "ind": "그 외 금속 압형제품 제조업", "dong": "팔탄면", "addr": "경기도 화성시 만세구 팔탄면", "loc": "road"}, "geometry": {"type": "Point", "coordinates": [126.88329258942422, 37.14022980017458]}}, {"type": "Feature", "properties": {"n": "주)석영", "base": "주석영", "emp": 25, "kind": "미확인", "hq": null, "dart": null, "listed": false, "fy": null, "sales": null, "pretax": null, "ctax": null, "emp_all": 25, "share": 1.0, "res": 0.5, "lis": null, "yr_hs": 0.5, "ind": "기타 물품 취급장비 제조업", "dong": "정남면", "addr": "경기도 화성시 효행구 정남면", "loc": "road"}, "geometry": {"type": "Point", "coordinates": [126.97993402144193, 37.14268921193809]}}, {"type": "Feature", "properties": {"n": "참좋은효도원", "base": "참좋은효", "emp": 25, "kind": "비영리", "hq": null, "dart": null, "listed": false, "fy": null, "sales": null, "pretax": null, "ctax": null, "emp_all": 25, "share": 1.0, "res": 0.5, "lis": null, "yr_hs": 0.5, "ind": "BIZ_NO미존재사업장", "dong": "반송동", "addr": "경기도 화성시 동탄구", "loc": "road"}, "geometry": {"type": "Point", "coordinates": [127.06627716778925, 37.19862366262666]}}, {"type": "Feature", "properties": {"n": "주식회사코메이트", "base": "코메이트", "emp": 25, "kind": "미확인", "hq": null, "dart": null, "listed": false, "fy": null, "sales": null, "pretax": null, "ctax": null, "emp_all": 25, "share": 1.0, "res": 0.5, "lis": null, "yr_hs": 0.5, "ind": "그 외 기타 전자 부품 제조업", "dong": "정남면", "addr": "경기도 화성시 효행구 정남면", "loc": "road"}, "geometry": {"type": "Point", "coordinates": [126.9874806389474, 37.17976428435223]}}, {"type": "Feature", "properties": {"n": "주식회사코제(KOJE)", "base": "코제", "emp": 25, "kind": "미확인", "hq": null, "dart": null, "listed": false, "fy": null, "sales": null, "pretax": null, "ctax": null, "emp_all": 25, "share": 0.7, "res": 0.5, "lis": null, "yr_hs": 0.5, "ind": "포장용 플라스틱 성형용기 제조업", "dong": "향남읍", "addr": "경기도 화성시 만세구 향남읍", "loc": "road"}, "geometry": {"type": "Point", "coordinates": [126.92283995657556, 37.082034648849756]}}, {"type": "Feature", "properties": {"n": "주식회사 클라우드메타", "base": "클라우드메타", "emp": 25, "kind": "미확인", "hq": null, "dart": null, "listed": false, "fy": null, "sales": null, "pretax": null, "ctax": null, "emp_all": 25, "share": 1.0, "res": 0.5, "lis": null, "yr_hs": 0.5, "ind": "응용 소프트웨어 개발 및 공급업", "dong": "여울동", "addr": "경기도 화성시 동탄구", "loc": "road"}, "geometry": {"type": "Point", "coordinates": [127.09815664522718, 37.19586376070808]}}, {"type": "Feature", "properties": {"n": "주식회사 티에스", "base": "티에스", "emp": 25, "kind": "미확인", "hq": null, "dart": null, "listed": false, "fy": null, "sales": null, "pretax": null, "ctax": null, "emp_all": 250, "share": 0.1, "res": 0.5, "lis": null, "yr_hs": 0.5, "ind": "축전지 제조업", "dong": "향남읍", "addr": "경기도 화성시 만세구 향남읍", "loc": "road"}, "geometry": {"type": "Point", "coordinates": [126.90911875355505, 37.08580307499044]}}, {"type": "Feature", "properties": {"n": "주식회사 프랜시스파커동탄", "base": "프랜시스파커", "emp": 25, "kind": "미확인", "hq": null, "dart": null, "listed": false, "fy": null, "sales": null, "pretax": null, "ctax": null, "emp_all": 150, "share": 0.1, "res": 0.5, "lis": null, "yr_hs": 0.5, "ind": "문구용품 및 회화용품 소매업", "dong": "목동", "addr": "경기도 화성시 동탄구", "loc": "road"}, "geometry": {"type": "Point", "coordinates": [127.12356127845754, 37.18159338017977]}}, {"type": "Feature", "properties": {"n": "주식회사 한가득에프앤디", "base": "한가득에프앤디", "emp": 25, "kind": "미확인", "hq": null, "dart": null, "listed": false, "fy": null, "sales": null, "pretax": null, "ctax": null, "emp_all": 25, "share": 1.0, "res": 0.5, "lis": null, "yr_hs": 0.5, "ind": "음ㆍ식료품 및 담배 중개업", "dong": "정남면", "addr": "경기도 화성시 효행구 정남면", "loc": "road"}, "geometry": {"type": "Point", "coordinates": [126.97600447105046, 37.16378258145579]}}, {"type": "Feature", "properties": {"n": "현민초등학교", "base": "현민초등", "emp": 25, "kind": "미확인", "hq": null, "dart": null, "listed": false, "fy": null, "sales": null, "pretax": null, "ctax": null, "emp_all": 25, "share": 1.0, "res": 0.5, "lis": null, "yr_hs": 0.5, "ind": "해당없음", "dong": "신동", "addr": "경기도 화성시 동탄구", "loc": "road"}, "geometry": {"type": "Point", "coordinates": [127.12949850412984, 37.18260213675097]}}, {"type": "Feature", "properties": {"n": "화성시시각장애인 등 생활지원센터", "base": "화성시시각장애인등생활지원", "emp": 25, "kind": "비영리", "hq": null, "dart": null, "listed": false, "fy": null, "sales": null, "pretax": null, "ctax": null, "emp_all": 25, "share": 1.0, "res": 0.5, "lis": null, "yr_hs": 0.5, "ind": "BIZ_NO미존재사업장", "dong": "향남읍", "addr": "경기도 화성시 만세구 향남읍", "loc": "road"}, "geometry": {"type": "Point", "coordinates": [126.91363313724521, 37.131931554760925]}}, {"type": "Feature", "properties": {"n": "(주)세풍폴리머수지공장", "base": "세풍폴리머", "emp": 25, "kind": "관외 본사", "hq": "서울특별시 구로구", "dart": "(주)세풍폴리머", "listed": false, "fy": null, "sales": null, "pretax": null, "ctax": null, "emp_all": 1500, "share": 0.0, "res": 0.5, "lis": null, "yr_hs": 0.5, "ind": "합성수지 및 기타 플라스틱 물질 제조업", "dong": "양감면", "addr": "경기도 화성시 만세구 양감면", "loc": "road"}, "geometry": {"type": "Point", "coordinates": [126.95567837030802, 37.07816328332497]}}, {"type": "Feature", "properties": {"n": "우리관리주식회사/힐스테이트 봉담 프라이드시티", "base": "우리관리힐스테이트봉담프라이드시티", "emp": 25, "kind": "관외 본사", "hq": "경기도 안양시", "dart": "우리관리(주)", "listed": false, "fy": null, "sales": null, "pretax": null, "ctax": null, "emp_all": 1500, "share": 0.0, "res": 0.5, "lis": null, "yr_hs": 0.5, "ind": "사업시설 유지ㆍ관리 서비스업", "dong": "봉담읍", "addr": "경기도 화성시 효행구 봉담읍", "loc": "road"}, "geometry": {"type": "Point", "coordinates": [126.9218581446737, 37.222729763270465]}}, {"type": "Feature", "properties": {"n": "(주)아이지디", "base": "아이지디", "emp": 25, "kind": "관외 본사", "hq": "경기도 시흥시", "dart": "(주)아이지디", "listed": false, "fy": null, "sales": null, "pretax": null, "ctax": null, "emp_all": 1500, "share": 0.0, "res": 0.5, "lis": null, "yr_hs": 0.5, "ind": "주형 및 금형 제조업", "dong": "팔탄면", "addr": "경기도 화성시 만세구 팔탄면", "loc": "road"}, "geometry": {"type": "Point", "coordinates": [126.89113497036055, 37.15889745842914]}}, {"type": "Feature", "properties": {"n": "가율회계법인", "base": "가율회계법인", "emp": 25, "kind": "관외 본사", "hq": "서울특별시 강남구", "dart": "가율 회계법인", "listed": false, "fy": null, "sales": null, "pretax": null, "ctax": null, "emp_all": 1500, "share": 0.0, "res": 0.5, "lis": null, "yr_hs": 0.5, "ind": "공인회계사업", "dong": "병점동", "addr": "경기도 화성시 병점구", "loc": "road"}, "geometry": {"type": "Point", "coordinates": [127.03723717946158, 37.21172945217518]}}, {"type": "Feature", "properties": {"n": "동성화학공업(주)", "base": "동성화학공업", "emp": 25, "kind": "관외 본사", "hq": "경기도 평택시", "dart": "동성화학공업(주)", "listed": false, "fy": null, "sales": null, "pretax": null, "ctax": null, "emp_all": 1500, "share": 0.0, "res": 0.5, "lis": null, "yr_hs": 0.5, "ind": "지정 외 폐기물 처리업", "dong": "양감면", "addr": "경기도 화성시 만세구 양감면", "loc": "road"}, "geometry": {"type": "Point", "coordinates": [126.98052966460222, 37.07933718884469]}}, {"type": "Feature", "properties": {"n": "한국제약협동조합（지점）", "base": "한국제약협동조합", "emp": 25, "kind": "관외 본사", "hq": "경기도 이천시", "dart": "(주)한국제약", "listed": false, "fy": null, "sales": null, "pretax": null, "ctax": null, "emp_all": 1500, "share": 0.0, "res": 0.5, "lis": null, "yr_hs": 0.5, "ind": "애완 동물 장묘 및 보호 서비스업", "dong": "향남읍", "addr": "경기도 화성시 만세구 향남읍", "loc": "road"}, "geometry": {"type": "Point", "coordinates": [126.90401433444876, 37.09465724721136]}}, {"type": "Feature", "properties": {"n": "한국제약협동조합(시험센터)", "base": "한국제약협동조합", "emp": 25, "kind": "관외 본사", "hq": "경기도 이천시", "dart": "(주)한국제약", "listed": false, "fy": null, "sales": null, "pretax": null, "ctax": null, "emp_all": 1500, "share": 0.0, "res": 0.5, "lis": null, "yr_hs": 0.5, "ind": "비주거용 부동산 관리업", "dong": "향남읍", "addr": "경기도 화성시 만세구 향남읍", "loc": "road"}, "geometry": {"type": "Point", "coordinates": [126.90401433444876, 37.09465724721136]}}, {"type": "Feature", "properties": {"n": "세화종합관리주식회사/동탄역시범한화꿈에그린아파트", "base": "세화종합관리동탄역시범한화꿈에그린아파트", "emp": 25, "kind": "관외 본사", "hq": "서울특별시 관악구", "dart": "세화종합관리 주식회사", "listed": false, "fy": null, "sales": null, "pretax": null, "ctax": null, "emp_all": 1500, "share": 0.0, "res": 0.5, "lis": null, "yr_hs": 0.5, "ind": "건축물 일반 청소업", "dong": "청계동", "addr": "경기도 화성시 동탄구", "loc": "road"}, "geometry": {"type": "Point", "coordinates": [127.11088512166691, 37.19874593733847]}}, {"type": "Feature", "properties": {"n": "주식회사 갓텐코리아 갓텐스시 스타필드마켓동탄점", "base": "갓텐코리아갓텐스시스타필드마켓", "emp": 25, "kind": "관외 본사", "hq": "경기도 하남시", "dart": "주식회사 갓텐코리아", "listed": false, "fy": null, "sales": null, "pretax": null, "ctax": null, "emp_all": 1500, "share": 0.0, "res": 0.5, "lis": null, "yr_hs": 0.5, "ind": "일식 음식점업", "dong": "석우동", "addr": "경기도 화성시 동탄구", "loc": "road"}, "geometry": {"type": "Point", "coordinates": [127.06982240915409, 37.19453865782707]}}, {"type": "Feature", "properties": {"n": "스위트스페이스(주)화성", "base": "스위트스페이스", "emp": 25, "kind": "관외 본사", "hq": "서울특별시 강남구", "dart": "스위트스페이스(주)", "listed": false, "fy": null, "sales": null, "pretax": null, "ctax": null, "emp_all": 1500, "share": 0.0, "res": 0.5, "lis": null, "yr_hs": 0.5, "ind": "슈퍼마켓", "dong": "송산면", "addr": "경기도 화성시 만세구 송산면", "loc": "road"}, "geometry": {"type": "Point", "coordinates": [126.72001521863044, 37.19566968380964]}}, {"type": "Feature", "properties": {"n": "장수철강피씨산업(주)화성지점", "base": "장수철강피씨산업", "emp": 25, "kind": "관외 본사", "hq": "서울특별시 강남구", "dart": "장수철강피씨산업(주)", "listed": false, "fy": null, "sales": null, "pretax": null, "ctax": null, "emp_all": 1500, "share": 0.0, "res": 0.5, "lis": null, "yr_hs": 0.5, "ind": "1차 금속제품 도매업", "dong": "장안면", "addr": "경기도 화성시 만세구 장안면", "loc": "road"}, "geometry": {"type": "Point", "coordinates": [126.8559560854269, 37.07618368086365]}}, {"type": "Feature", "properties": {"n": "주식회사 성창이엔지", "base": "성창이엔지", "emp": 25, "kind": "관외 본사", "hq": "경기도 용인시", "dart": "주식회사 성창이엔지", "listed": false, "fy": null, "sales": null, "pretax": null, "ctax": null, "emp_all": 750, "share": 0.0, "res": 0.5, "lis": null, "yr_hs": 0.5, "ind": "BIZ_NO미존재사업장", "dong": "향남읍", "addr": "경기도 화성시 만세구 향남읍", "loc": "road"}, "geometry": {"type": "Point", "coordinates": [126.96539336605096, 37.12365144770801]}}, {"type": "Feature", "properties": {"n": "유한회사이성당동탄점", "base": "이성당", "emp": 25, "kind": "관외 본사", "hq": "전라북도 군산시", "dart": "(주)이성당", "listed": false, "fy": null, "sales": null, "pretax": null, "ctax": null, "emp_all": 1500, "share": 0.0, "res": 0.5, "lis": null, "yr_hs": 0.5, "ind": "제과점업", "dong": "여울동", "addr": "경기도 화성시 동탄구", "loc": "road"}, "geometry": {"type": "Point", "coordinates": [127.09815664522718, 37.19586376070808]}}, {"type": "Feature", "properties": {"n": "대교뉴이프 방문요양센터 동탄센터", "base": "대교뉴이프방문요양", "emp": 25, "kind": "관외 본사", "hq": "서울특별시 관악구", "dart": "주식회사 대교뉴이프", "listed": false, "fy": null, "sales": null, "pretax": null, "ctax": null, "emp_all": 750, "share": 0.0, "res": 0.5, "lis": null, "yr_hs": 0.5, "ind": "노인 양로 복지시설 운영업", "dong": "영천동", "addr": "경기도 화성시 동탄구", "loc": "road"}, "geometry": {"type": "Point", "coordinates": [127.1124632953642, 37.20722717544932]}}, {"type": "Feature", "properties": {"n": "인더스트리얼테크놀로지앤서비스코리아주식회사 화성지점", "base": "인더스트리얼테크놀로지앤서비스코리아", "emp": 25, "kind": "관외 본사", "hq": "부산광역시 기장군", "dart": "인더스트리얼테크놀로지앤서비스코리아주식회사", "listed": false, "fy": null, "sales": null, "pretax": null, "ctax": null, "emp_all": 1500, "share": 0.0, "res": 0.5, "lis": null, "yr_hs": 0.5, "ind": "산업용 냉장 및 냉동장비 제조업", "dong": "서신면", "addr": "경기도 화성시 만세구 서신면", "loc": "road"}, "geometry": {"type": "Point", "coordinates": [126.70958040392247, 37.18067157178236]}}, {"type": "Feature", "properties": {"n": "주식회사 케이씨씨실리콘 화성공장", "base": "케이씨씨실리콘", "emp": 25, "kind": "관외 본사", "hq": "서울특별시 서초구", "dart": "주식회사 케이씨씨실리콘", "listed": false, "fy": null, "sales": null, "pretax": null, "ctax": null, "emp_all": 1500, "share": 0.0, "res": 0.5, "lis": null, "yr_hs": 0.5, "ind": "플라스틱 물질 및 합성고무 도매업", "dong": "석우동", "addr": "경기도 화성시 동탄구", "loc": "road"}, "geometry": {"type": "Point", "coordinates": [127.07362931022288, 37.22232913584736]}}, {"type": "Feature", "properties": {"n": "경복궁동탄점", "base": "경복궁", "emp": 25, "kind": "관외 본사 추정(지점)", "hq": null, "dart": null, "listed": false, "fy": null, "sales": null, "pretax": null, "ctax": null, "emp_all": 250, "share": 0.1, "res": 0.5, "lis": null, "yr_hs": 0.5, "ind": "한식 일반 음식점업", "dong": "능동", "addr": "경기도 화성시 동탄구", "loc": "road"}, "geometry": {"type": "Point", "coordinates": [127.05141802309154, 37.19924869178286]}}, {"type": "Feature", "properties": {"n": "대방건설주식회사/메가박스 동탄역점", "base": "대방건설메가박스동탄역", "emp": 25, "kind": "미확인", "hq": null, "dart": null, "listed": false, "fy": null, "sales": null, "pretax": null, "ctax": null, "emp_all": 25, "share": 1.0, "res": 0.5, "lis": null, "yr_hs": 0.5, "ind": "주거용 건물 건설업", "dong": "여울동", "addr": "경기도 화성시 동탄구", "loc": "road"}, "geometry": {"type": "Point", "coordinates": [127.09018969583511, 37.199310274874556]}}, {"type": "Feature", "properties": {"n": "(주)대영푸드시스템", "base": "대영푸드시스템", "emp": 25, "kind": "미확인", "hq": null, "dart": null, "listed": false, "fy": null, "sales": null, "pretax": null, "ctax": null, "emp_all": 25, "share": 1.0, "res": 0.5, "lis": null, "yr_hs": 0.5, "ind": "출장 음식 서비스업", "dong": "진안동", "addr": "경기도 화성시 병점구", "loc": "road"}, "geometry": {"type": "Point", "coordinates": [127.04164347949902, 37.20748591714796]}}, {"type": "Feature", "properties": {"n": "(사)대한민국공무원공상유공자회 수배전반사업부", "base": "대한민국공무원공상유공자회수배전반", "emp": 25, "kind": "비영리", "hq": null, "dart": null, "listed": false, "fy": null, "sales": null, "pretax": null, "ctax": null, "emp_all": 25, "share": 1.0, "res": 0.5, "lis": null, "yr_hs": 0.5, "ind": "산업용 난방보일러 및 방열기 제조업", "dong": "장안면", "addr": "경기도 화성시 만세구 장안면", "loc": "road"}, "geometry": {"type": "Point", "coordinates": [126.83958204241598, 37.138908787305915]}}, {"type": "Feature", "properties": {"n": "주식회사 더존애드", "base": "더존애드", "emp": 25, "kind": "미확인", "hq": null, "dart": null, "listed": false, "fy": null, "sales": null, "pretax": null, "ctax": null, "emp_all": 25, "share": 1.0, "res": 0.5, "lis": null, "yr_hs": 0.5, "ind": "간판 및 광고물 제조업", "dong": "마도면", "addr": "경기도 화성시 만세구 마도면", "loc": "road"}, "geometry": {"type": "Point", "coordinates": [126.77568783157625, 37.20775653520295]}}, {"type": "Feature", "properties": {"n": "주식회사더현이", "base": "더현이", "emp": 25, "kind": "미확인", "hq": null, "dart": null, "listed": false, "fy": null, "sales": null, "pretax": null, "ctax": null, "emp_all": 25, "share": 1.0, "res": 0.5, "lis": null, "yr_hs": 0.5, "ind": "육류 도매업", "dong": "정남면", "addr": "경기도 화성시 효행구 정남면", "loc": "road"}, "geometry": {"type": "Point", "coordinates": [127.00749722139224, 37.15320455758983]}}, {"type": "Feature", "properties": {"n": "동탄구보건소", "base": "동탄구보건소", "emp": 25, "kind": "미확인", "hq": null, "dart": null, "listed": false, "fy": null, "sales": null, "pretax": null, "ctax": null, "emp_all": 25, "share": 1.0, "res": 0.5, "lis": null, "yr_hs": 0.5, "ind": "BIZ_NO미존재사업장", "dong": "석우동", "addr": "경기도 화성시 동탄구", "loc": "road"}, "geometry": {"type": "Point", "coordinates": [127.08511458293322, 37.19502719881835]}}, {"type": "Feature", "properties": {"n": "（주）레드마우스", "base": "레드마우스", "emp": 25, "kind": "미확인", "hq": null, "dart": null, "listed": false, "fy": null, "sales": null, "pretax": null, "ctax": null, "emp_all": 25, "share": 1.0, "res": 0.5, "lis": null, "yr_hs": 0.5, "ind": "BIZ_NO미존재사업장", "dong": "영천동", "addr": "경기도 화성시 동탄구", "loc": "road"}, "geometry": {"type": "Point", "coordinates": [127.09463141102063, 37.16454318950708]}}, {"type": "Feature", "properties": {"n": "주식회사 레보", "base": "레보", "emp": 25, "kind": "미확인", "hq": null, "dart": null, "listed": false, "fy": null, "sales": null, "pretax": null, "ctax": null, "emp_all": 25, "share": 0.4, "res": 0.5, "lis": null, "yr_hs": 0.5, "ind": "그 외 기타 분류 안된 사업 지원 서비스업", "dong": "신동", "addr": "경기도 화성시 동탄구", "loc": "road"}, "geometry": {"type": "Point", "coordinates": [127.13656868799848, 37.171048160704515]}}, {"type": "Feature", "properties": {"n": "(주)레진텍 양감공장", "base": "레진텍", "emp": 25, "kind": "미확인", "hq": null, "dart": null, "listed": false, "fy": null, "sales": null, "pretax": null, "ctax": null, "emp_all": 25, "share": 1.0, "res": 0.5, "lis": null, "yr_hs": 0.5, "ind": "플라스틱 물질 및 합성고무 도매업", "dong": "양감면", "addr": "경기도 화성시 만세구 양감면", "loc": "road"}, "geometry": {"type": "Point", "coordinates": [126.98604278813939, 37.09385808922126]}}, {"type": "Feature", "properties": {"n": "명문인터내셔널(주) 화성지점", "base": "명문인터내셔널", "emp": 25, "kind": "관외 본사 추정(지점)", "hq": null, "dart": null, "listed": false, "fy": null, "sales": null, "pretax": null, "ctax": null, "emp_all": 25, "share": 1.0, "res": 0.5, "lis": null, "yr_hs": 0.5, "ind": "금속선 가공제품 제조업", "dong": "우정읍", "addr": "경기도 화성시 만세구 우정읍", "loc": "road"}, "geometry": {"type": "Point", "coordinates": [126.80451595521407, 37.03859476776233]}}, {"type": "Feature", "properties": {"n": "별빛누리그룹홈", "base": "별빛누리그룹홈", "emp": 25, "kind": "비영리", "hq": null, "dart": null, "listed": false, "fy": null, "sales": null, "pretax": null, "ctax": null, "emp_all": 25, "share": 1.0, "res": 0.5, "lis": null, "yr_hs": 0.5, "ind": "BIZ_NO미존재사업장", "dong": "서신면", "addr": "경기도 화성시 만세구 서신면", "loc": "road"}, "geometry": {"type": "Point", "coordinates": [126.69448505965937, 37.148280604886594]}}, {"type": "Feature", "properties": {"n": "（주）부자송산휴게소", "base": "부자송산휴게소", "emp": 25, "kind": "관외 본사 추정(지점)", "hq": null, "dart": null, "listed": false, "fy": null, "sales": null, "pretax": null, "ctax": null, "emp_all": 25, "share": 1.0, "res": 0.5, "lis": null, "yr_hs": 0.5, "ind": "간이 음식 포장 판매 전문점", "dong": "송산면", "addr": "경기도 화성시 만세구 송산면", "loc": "road"}, "geometry": {"type": "Point", "coordinates": [126.75659041291686, 37.23805044370988]}}, {"type": "Feature", "properties": {"n": "서신중학교", "base": "서신중", "emp": 25, "kind": "비영리", "hq": null, "dart": null, "listed": false, "fy": null, "sales": null, "pretax": null, "ctax": null, "emp_all": 25, "share": 1.0, "res": 0.5, "lis": null, "yr_hs": 0.5, "ind": "기타 부동산 임대업", "dong": "서신면", "addr": "경기도 화성시 만세구 서신면 바다뜰길", "loc": "bldg"}, "geometry": {"type": "Point", "coordinates": [126.700785, 37.169441]}}, {"type": "Feature", "properties": {"n": "세무법인위드화성지점", "base": "세무법인위드", "emp": 25, "kind": "관외 본사 추정(지점)", "hq": null, "dart": null, "listed": false, "fy": null, "sales": null, "pretax": null, "ctax": null, "emp_all": 75, "share": 0.2, "res": 0.5, "lis": null, "yr_hs": 0.5, "ind": "세무사업", "dong": "진안동", "addr": "경기도 화성시 병점구", "loc": "road"}, "geometry": {"type": "Point", "coordinates": [127.03723717946158, 37.21172945217518]}}, {"type": "Feature", "properties": {"n": "세정세무법인경기지사", "base": "세정세무법인", "emp": 25, "kind": "관외 본사 추정(지점)", "hq": null, "dart": null, "listed": false, "fy": null, "sales": null, "pretax": null, "ctax": null, "emp_all": 75, "share": 0.2, "res": 0.5, "lis": null, "yr_hs": 0.5, "ind": "세무사업(기장대리) / 기타 회계 관련 서비스업", "dong": "병점동", "addr": "경기도 화성시 병점구", "loc": "road"}, "geometry": {"type": "Point", "coordinates": [127.03453202360068, 37.20765210075107]}}, {"type": "Feature", "properties": {"n": "수원여자대학산학협력단", "base": "수원여자대학산학협력단", "emp": 25, "kind": "비영리", "hq": null, "dart": null, "listed": false, "fy": null, "sales": null, "pretax": null, "ctax": null, "emp_all": 25, "share": 1.0, "res": 0.5, "lis": null, "yr_hs": 0.5, "ind": "기타 인문 및 사회과학 연구개발업", "dong": "봉담읍", "addr": "경기도 화성시 효행구 봉담읍", "loc": "road"}, "geometry": {"type": "Point", "coordinates": [126.92393007578724, 37.20069628508145]}}, {"type": "Feature", "properties": {"n": "시립능동제1어린이집", "base": "시립능동제1어린이집", "emp": 25, "kind": "미확인", "hq": null, "dart": null, "listed": false, "fy": null, "sales": null, "pretax": null, "ctax": null, "emp_all": 25, "share": 1.0, "res": 0.5, "lis": null, "yr_hs": 0.5, "ind": "BIZ_NO미존재사업장", "dong": "능동", "addr": "경기도 화성시 동탄구", "loc": "road"}, "geometry": {"type": "Point", "coordinates": [127.0744847143385, 37.2068601585413]}}, {"type": "Feature", "properties": {"n": "시립서부복합 어린이집", "base": "시립서부복합어린이집", "emp": 25, "kind": "미확인", "hq": null, "dart": null, "listed": false, "fy": null, "sales": null, "pretax": null, "ctax": null, "emp_all": 25, "share": 1.0, "res": 0.5, "lis": null, "yr_hs": 0.5, "ind": "BIZ_NO미존재사업장", "dong": "남양읍", "addr": "경기도 화성시 만세구 남양읍", "loc": "road"}, "geometry": {"type": "Point", "coordinates": [126.81863608303317, 37.20818831660475]}}, {"type": "Feature", "properties": {"n": "에스엔케이폴리텍(주)", "base": "에스엔케이폴리텍", "emp": 25, "kind": "미확인", "hq": null, "dart": null, "listed": false, "fy": null, "sales": null, "pretax": null, "ctax": null, "emp_all": 25, "share": 1.0, "res": 0.5, "lis": null, "yr_hs": 0.5, "ind": "기타 반도체 소자 제조업", "dong": "마도면", "addr": "경기도 화성시 만세구 마도면", "loc": "road"}, "geometry": {"type": "Point", "coordinates": [126.77410946601863, 37.17102019648743]}}, {"type": "Feature", "properties": {"n": "오름장애인보호작업장", "base": "오름장애인보호작업장", "emp": 25, "kind": "비영리", "hq": null, "dart": null, "listed": false, "fy": null, "sales": null, "pretax": null, "ctax": null, "emp_all": 25, "share": 1.0, "res": 0.5, "lis": null, "yr_hs": 0.5, "ind": "일반용 전기 조명장치 제조업", "dong": "향남읍", "addr": "경기도 화성시 만세구 향남읍", "loc": "road"}, "geometry": {"type": "Point", "coordinates": [126.91106433985061, 37.11476228445328]}}, {"type": "Feature", "properties": {"n": "주식회사 온스펙(On-Spec inc.)", "base": "온스펙", "emp": 25, "kind": "미확인", "hq": null, "dart": null, "listed": false, "fy": null, "sales": null, "pretax": null, "ctax": null, "emp_all": 25, "share": 1.0, "res": 0.5, "lis": null, "yr_hs": 0.5, "ind": "시스템 소프트웨어 개발 및 공급업", "dong": "향남읍", "addr": "경기도 화성시 만세구 향남읍", "loc": "road"}, "geometry": {"type": "Point", "coordinates": [126.91792358389046, 37.12570921294047]}}, {"type": "Feature", "properties": {"n": "우미린 어린이집", "base": "우미린어린이집", "emp": 25, "kind": "미확인", "hq": null, "dart": null, "listed": false, "fy": null, "sales": null, "pretax": null, "ctax": null, "emp_all": 150, "share": 0.1, "res": 0.5, "lis": null, "yr_hs": 0.5, "ind": "BIZ_NO미존재사업장", "dong": "여울동", "addr": "경기도 화성시 동탄구", "loc": "road"}, "geometry": {"type": "Point", "coordinates": [127.09815664522718, 37.19586376070808]}}, {"type": "Feature", "properties": {"n": "제일에스테이트서비스(주)/신동탄포레자이아파트관리사무소", "base": "제일에스테이트서비스신동탄포레자이아파트관리사무소", "emp": 25, "kind": "미확인", "hq": null, "dart": null, "listed": false, "fy": null, "sales": null, "pretax": null, "ctax": null, "emp_all": 25, "share": 1.0, "res": 0.5, "lis": null, "yr_hs": 0.5, "ind": "주거용 부동산 관리업", "dong": "반월동", "addr": "경기도 화성시 병점구", "loc": "road"}, "geometry": {"type": "Point", "coordinates": [127.06302396838183, 37.23747353419367]}}, {"type": "Feature", "properties": {"n": "주식회사 지앤득", "base": "지앤득", "emp": 25, "kind": "미확인", "hq": null, "dart": null, "listed": false, "fy": null, "sales": null, "pretax": null, "ctax": null, "emp_all": 25, "share": 1.0, "res": 0.5, "lis": null, "yr_hs": 0.5, "ind": "한식 일반 음식점업", "dong": "능동", "addr": "경기도 화성시 병점구", "loc": "road"}, "geometry": {"type": "Point", "coordinates": [127.05817089038567, 37.21028284844829]}}, {"type": "Feature", "properties": {"n": "틸인스코퍼레이션주식회사", "base": "틸인스코퍼레이션", "emp": 25, "kind": "미확인", "hq": null, "dart": null, "listed": false, "fy": null, "sales": null, "pretax": null, "ctax": null, "emp_all": 25, "share": 1.0, "res": 0.5, "lis": null, "yr_hs": 0.5, "ind": "일반용 전기 조명장치 제조업", "dong": "봉담읍", "addr": "경기도 화성시 효행구 봉담읍", "loc": "road"}, "geometry": {"type": "Point", "coordinates": [126.9166519586698, 37.15937404304519]}}, {"type": "Feature", "properties": {"n": "주식회사 플러스골프", "base": "플러스골프", "emp": 25, "kind": "미확인", "hq": null, "dart": null, "listed": false, "fy": null, "sales": null, "pretax": null, "ctax": null, "emp_all": 25, "share": 1.0, "res": 0.5, "lis": null, "yr_hs": 0.5, "ind": "경영 컨설팅업", "dong": "영천동", "addr": "경기도 화성시 동탄구", "loc": "road"}, "geometry": {"type": "Point", "coordinates": [127.10285951590791, 37.21175860729589]}}, {"type": "Feature", "properties": {"n": "하나로티엠에스 주식회사", "base": "하나로티엠에스", "emp": 25, "kind": "미확인", "hq": null, "dart": null, "listed": false, "fy": null, "sales": null, "pretax": null, "ctax": null, "emp_all": 25, "share": 1.0, "res": 0.5, "lis": null, "yr_hs": 0.5, "ind": "시설물 유지관리 공사업", "dong": "병점동", "addr": "경기도 화성시 병점구", "loc": "road"}, "geometry": {"type": "Point", "coordinates": [127.03723717946158, 37.21172945217518]}}, {"type": "Feature", "properties": {"n": "하나아스콘 주식회사 화성사업소", "base": "하나아스콘화성사업소", "emp": 25, "kind": "관외 본사 추정(지점)", "hq": null, "dart": null, "listed": false, "fy": null, "sales": null, "pretax": null, "ctax": null, "emp_all": 25, "share": 1.0, "res": 0.5, "lis": null, "yr_hs": 0.5, "ind": "아스팔트 콘크리트 및 혼합제품 제조업", "dong": "양감면", "addr": "경기도 화성시 만세구 양감면", "loc": "road"}, "geometry": {"type": "Point", "coordinates": [126.98604278813939, 37.09385808922126]}}, {"type": "Feature", "properties": {"n": "화성시사회적경제지원센터", "base": "화성시사회적경제지원", "emp": 25, "kind": "비영리", "hq": null, "dart": null, "listed": false, "fy": null, "sales": null, "pretax": null, "ctax": null, "emp_all": 25, "share": 1.0, "res": 0.5, "lis": null, "yr_hs": 0.5, "ind": "BIZ_NO미존재사업장", "dong": "팔탄면", "addr": "경기도 화성시 만세구 팔탄면", "loc": "road"}, "geometry": {"type": "Point", "coordinates": [126.90373887253705, 37.16063197963889]}}, {"type": "Feature", "properties": {"n": "화성시중독관리통합지원센터", "base": "화성시중독관리통합지원", "emp": 25, "kind": "비영리", "hq": null, "dart": null, "listed": false, "fy": null, "sales": null, "pretax": null, "ctax": null, "emp_all": 25, "share": 1.0, "res": 0.5, "lis": null, "yr_hs": 0.5, "ind": "기타 인문 및 사회과학 연구개발업", "dong": "정남면", "addr": "경기도 화성시 효행구 정남면", "loc": "road"}, "geometry": {"type": "Point", "coordinates": [126.97170962100526, 37.161421828010596]}}, {"type": "Feature", "properties": {"n": "주식회사휴먼에코푸드의왕지점", "base": "휴먼에코푸드", "emp": 25, "kind": "관외 본사 추정(지점)", "hq": null, "dart": null, "listed": false, "fy": null, "sales": null, "pretax": null, "ctax": null, "emp_all": 25, "share": 1.0, "res": 0.5, "lis": null, "yr_hs": 0.5, "ind": "한식 일반 음식점업", "dong": "양감면", "addr": "경기도 화성시 만세구 양감면", "loc": "road"}, "geometry": {"type": "Point", "coordinates": [126.95567837030802, 37.07816328332497]}}, {"type": "Feature", "properties": {"n": "주식회사 재성디앤에스", "base": "재성디앤에스", "emp": 25, "kind": "관외 본사", "hq": "경기도 시흥시", "dart": "주식회사 재성디앤에스", "listed": false, "fy": null, "sales": null, "pretax": null, "ctax": null, "emp_all": 1500, "share": 0.0, "res": 0.5, "lis": null, "yr_hs": 0.5, "ind": "일반 화물 자동차 운송업", "dong": "향남읍", "addr": "경기도 화성시 만세구 향남읍", "loc": "road"}, "geometry": {"type": "Point", "coordinates": [126.92313544203023, 37.097602726937865]}}, {"type": "Feature", "properties": {"n": "우리관리주식회사/힐스테이트 동탄 관리사무소", "base": "우리관리힐스테이트동탄관리사무소", "emp": 25, "kind": "관외 본사", "hq": "경기도 안양시", "dart": "우리관리(주)", "listed": false, "fy": null, "sales": null, "pretax": null, "ctax": null, "emp_all": 1500, "share": 0.0, "res": 0.5, "lis": null, "yr_hs": 0.5, "ind": "그 외 기타 분류 안된 사업 지원 서비스업", "dong": "목동", "addr": "경기도 화성시 동탄구", "loc": "road"}, "geometry": {"type": "Point", "coordinates": [127.12197204468173, 37.18770593291631]}}, {"type": "Feature", "properties": {"n": "(주)퀀텀글로발테크놀로지코리아(화성)", "base": "퀀텀글로발테크놀로지코리아", "emp": 25, "kind": "관외 본사", "hq": "경기도 평택시", "dart": "(주)퀀텀글로발테크놀로지코리아", "listed": false, "fy": null, "sales": null, "pretax": null, "ctax": null, "emp_all": 1500, "share": 0.0, "res": 0.5, "lis": null, "yr_hs": 0.5, "ind": "기타 반도체 소자 제조업", "dong": "팔탄면", "addr": "경기도 화성시 만세구 팔탄면", "loc": "road"}, "geometry": {"type": "Point", "coordinates": [126.91613090211015, 37.141910516230695]}}, {"type": "Feature", "properties": {"n": "(주)대영공업(화성지점)", "base": "대영공업", "emp": 25, "kind": "관외 본사", "hq": "경기도 안산시", "dart": "(주)대영공업", "listed": false, "fy": null, "sales": null, "pretax": null, "ctax": null, "emp_all": 1500, "share": 0.0, "res": 0.5, "lis": null, "yr_hs": 0.5, "ind": "그 외 자동차용 신품 부품 제조업", "dong": "장안면", "addr": "경기도 화성시 만세구 장안면", "loc": "road"}, "geometry": {"type": "Point", "coordinates": [126.83987224748628, 37.05884148532052]}}, {"type": "Feature", "properties": {"n": "일신카본（주）", "base": "일신카본", "emp": 25, "kind": "관외 본사", "hq": "인천광역시 남동구", "dart": "일신카본(주)", "listed": false, "fy": null, "sales": null, "pretax": null, "ctax": null, "emp_all": 1500, "share": 0.0, "res": 0.5, "lis": null, "yr_hs": 0.5, "ind": "암면 및 유사 제품 제조업", "dong": "장안면", "addr": "경기도 화성시 만세구 장안면", "loc": "road"}, "geometry": {"type": "Point", "coordinates": [126.8304055321207, 37.12029745644922]}}, {"type": "Feature", "properties": {"n": "주식회사한빛종합관리/봉담자이프라이드시티 아파트", "base": "한빛종합관리봉담자이프라이드시티아파트", "emp": 25, "kind": "관외 본사", "hq": "서울특별시 구로구", "dart": "주식회사 한빛종합관리", "listed": false, "fy": null, "sales": null, "pretax": null, "ctax": null, "emp_all": 1500, "share": 0.0, "res": 0.5, "lis": null, "yr_hs": 0.5, "ind": "비주거용 부동산 관리업", "dong": "봉담읍", "addr": "경기도 화성시", "loc": "road"}, "geometry": {"type": "Point", "coordinates": [126.9218581446737, 37.222729763270465]}}, {"type": "Feature", "properties": {"n": "티이엠씨(주) 동탄", "base": "티이엠씨", "emp": 25, "kind": "관외 본사", "hq": "충청북도 보은군", "dart": "티이엠씨 주식회사", "listed": true, "fy": 2025, "sales": 2000, "pretax": 200, "ctax": 20, "emp_all": 150, "share": 0.1, "res": 0.5, "lis": 0.5, "yr_hs": 0.5, "ind": "산업용 가스 제조업", "dong": "영천동", "addr": "경기도 화성시 동탄구", "loc": "road"}, "geometry": {"type": "Point", "coordinates": [127.09727713125272, 37.212035782952945]}}, {"type": "Feature", "properties": {"n": "주식회사　아르케（ArcheCo． Ltd．）", "base": "아르케", "emp": 25, "kind": "관외 본사", "hq": "인천광역시 서구", "dart": "주식회사 아르케", "listed": false, "fy": null, "sales": null, "pretax": null, "ctax": null, "emp_all": 750, "share": 0.0, "res": 0.5, "lis": null, "yr_hs": 0.5, "ind": "기타 엔지니어링 서비스업", "dong": "안녕동", "addr": "경기도 화성시 병점구", "loc": "road"}, "geometry": {"type": "Point", "coordinates": [126.98899176071862, 37.19934096981974]}}, {"type": "Feature", "properties": {"n": "（주）경성물류", "base": "경성물류", "emp": 25, "kind": "미확인", "hq": null, "dart": null, "listed": false, "fy": null, "sales": null, "pretax": null, "ctax": null, "emp_all": 25, "share": 0.8, "res": 0.5, "lis": null, "yr_hs": 0.5, "ind": "그 외 기타 분류 안된 사업 지원 서비스업", "dong": "우정읍", "addr": "", "loc": "dong"}, "geometry": {"type": "Point", "coordinates": [126.55628510596985, 37.06312096957528]}}, {"type": "Feature", "properties": {"n": "대신실업（주）", "base": "대신실업", "emp": 25, "kind": "관외 본사 추정(지점)", "hq": null, "dart": null, "listed": false, "fy": null, "sales": null, "pretax": null, "ctax": null, "emp_all": 25, "share": 1.0, "res": 0.5, "lis": null, "yr_hs": 0.5, "ind": "콘크리트 관 및 기타 구조용 콘크리트제품 제조업", "dong": "남양읍", "addr": "경기도 화성시 만세구 남양읍", "loc": "road"}, "geometry": {"type": "Point", "coordinates": [126.82993593641581, 37.20019461096682]}}, {"type": "Feature", "properties": {"n": "주식회사 더메이트컴퍼니", "base": "더메이트컴퍼니", "emp": 25, "kind": "미확인", "hq": null, "dart": null, "listed": false, "fy": null, "sales": null, "pretax": null, "ctax": null, "emp_all": 25, "share": 1.0, "res": 0.5, "lis": null, "yr_hs": 0.5, "ind": "그 외 기타 분류 안된 사업 지원 서비스업", "dong": "병점동", "addr": "경기도 화성시 병점구", "loc": "road"}, "geometry": {"type": "Point", "coordinates": [127.03717646032608, 37.20555190672975]}}, {"type": "Feature", "properties": {"n": "두레어린이집", "base": "두레어린이집", "emp": 25, "kind": "비영리", "hq": null, "dart": null, "listed": false, "fy": null, "sales": null, "pretax": null, "ctax": null, "emp_all": 25, "share": 1.0, "res": 0.5, "lis": null, "yr_hs": 0.5, "ind": "BIZ_NO미존재사업장", "dong": "우정읍", "addr": "경기도 화성시 만세구 우정읍", "loc": "road"}, "geometry": {"type": "Point", "coordinates": [126.79549260358405, 37.05697099881782]}}, {"type": "Feature", "properties": {"n": "주식회사 램스(LAMSco. Ltd)", "base": "램스", "emp": 25, "kind": "미확인", "hq": null, "dart": null, "listed": false, "fy": null, "sales": null, "pretax": null, "ctax": null, "emp_all": 25, "share": 0.7, "res": 0.5, "lis": null, "yr_hs": 0.5, "ind": "기타 인문 및 사회과학 연구개발업", "dong": "영천동", "addr": "경기도 화성시 동탄구", "loc": "road"}, "geometry": {"type": "Point", "coordinates": [127.10414111853503, 37.172068388707345]}}, {"type": "Feature", "properties": {"n": "법무법인에스엘비", "base": "법무법인에스엘비", "emp": 25, "kind": "미확인", "hq": null, "dart": null, "listed": false, "fy": null, "sales": null, "pretax": null, "ctax": null, "emp_all": 25, "share": 1.0, "res": 0.5, "lis": null, "yr_hs": 0.5, "ind": "변호사업", "dong": "여울동", "addr": "경기도 화성시 동탄구", "loc": "road"}, "geometry": {"type": "Point", "coordinates": [127.09018969583511, 37.199310274874556]}}, {"type": "Feature", "properties": {"n": "보스코직업적응훈련센터", "base": "보스코직업적응훈련", "emp": 25, "kind": "비영리", "hq": null, "dart": null, "listed": false, "fy": null, "sales": null, "pretax": null, "ctax": null, "emp_all": 25, "share": 1.0, "res": 0.5, "lis": null, "yr_hs": 0.5, "ind": "BIZ_NO미존재사업장", "dong": "서신면", "addr": "경기도 화성시 만세구 서신면", "loc": "road"}, "geometry": {"type": "Point", "coordinates": [126.69448505965937, 37.148280604886594]}}, {"type": "Feature", "properties": {"n": "비봉중학교", "base": "비봉중", "emp": 25, "kind": "비영리", "hq": null, "dart": null, "listed": false, "fy": null, "sales": null, "pretax": null, "ctax": null, "emp_all": 25, "share": 1.0, "res": 0.5, "lis": null, "yr_hs": 0.5, "ind": "해당없음", "dong": "비봉면", "addr": "경기도 화성시 효행구 비봉면 양노로109번길", "loc": "bldg"}, "geometry": {"type": "Point", "coordinates": [126.872724, 37.238342]}}, {"type": "Feature", "properties": {"n": "주식회사 비씨케이코퍼레이션", "base": "비씨케이코퍼레이션", "emp": 25, "kind": "미확인", "hq": null, "dart": null, "listed": false, "fy": null, "sales": null, "pretax": null, "ctax": null, "emp_all": 25, "share": 1.0, "res": 0.5, "lis": null, "yr_hs": 0.5, "ind": "기타 공학 연구개발업", "dong": "영천동", "addr": "경기도 화성시 동탄구", "loc": "road"}, "geometry": {"type": "Point", "coordinates": [127.09763612801021, 37.20790123980345]}}, {"type": "Feature", "properties": {"n": "주식회사성지하이텍", "base": "성지하이텍", "emp": 25, "kind": "미확인", "hq": null, "dart": null, "listed": false, "fy": null, "sales": null, "pretax": null, "ctax": null, "emp_all": 25, "share": 0.5, "res": 0.5, "lis": null, "yr_hs": 0.5, "ind": "주형 및 금형 제조업", "dong": "봉담읍", "addr": "경기도 화성시 효행구 봉담읍", "loc": "road"}, "geometry": {"type": "Point", "coordinates": [126.9163489777346, 37.160695510380044]}}, {"type": "Feature", "properties": {"n": "세무법인 자인 화성지점", "base": "세무법인", "emp": 25, "kind": "관외 본사 추정(지점)", "hq": null, "dart": null, "listed": false, "fy": null, "sales": null, "pretax": null, "ctax": null, "emp_all": 1500, "share": 0.0, "res": 0.5, "lis": null, "yr_hs": 0.5, "ind": "세무사업", "dong": "송산동", "addr": "경기도 화성시 병점구", "loc": "road"}, "geometry": {"type": "Point", "coordinates": [127.0021391202701, 37.20939742038573]}}, {"type": "Feature", "properties": {"n": "세진알엠씨 주식회사", "base": "세진알엠씨", "emp": 25, "kind": "미확인", "hq": null, "dart": null, "listed": false, "fy": null, "sales": null, "pretax": null, "ctax": null, "emp_all": 25, "share": 1.0, "res": 0.5, "lis": null, "yr_hs": 0.5, "ind": "레미콘 제조업", "dong": "향남읍", "addr": "경기도 화성시 만세구 향남읍", "loc": "road"}, "geometry": {"type": "Point", "coordinates": [126.95747424197658, 37.130209305958374]}}, {"type": "Feature", "properties": {"n": "시립능동제5어린이집", "base": "시립능동제5어린이집", "emp": 25, "kind": "미확인", "hq": null, "dart": null, "listed": false, "fy": null, "sales": null, "pretax": null, "ctax": null, "emp_all": 25, "share": 1.0, "res": 0.5, "lis": null, "yr_hs": 0.5, "ind": "BIZ_NO미존재사업장", "dong": "능동", "addr": "경기도 화성시 동탄구", "loc": "road"}, "geometry": {"type": "Point", "coordinates": [127.06420007941881, 37.20809988453014]}}, {"type": "Feature", "properties": {"n": "시립리틀포레어린이집", "base": "시립리틀포레어린이집", "emp": 25, "kind": "비영리", "hq": null, "dart": null, "listed": false, "fy": null, "sales": null, "pretax": null, "ctax": null, "emp_all": 25, "share": 1.0, "res": 0.5, "lis": null, "yr_hs": 0.5, "ind": "해당없음", "dong": "송산동", "addr": "경기도 화성시 병점구", "loc": "road"}, "geometry": {"type": "Point", "coordinates": [127.00772668560575, 37.20651034300413]}}, {"type": "Feature", "properties": {"n": "시립예당푸르지오어린이집", "base": "시립예당푸르지오어린이집", "emp": 25, "kind": "비영리", "hq": null, "dart": null, "listed": false, "fy": null, "sales": null, "pretax": null, "ctax": null, "emp_all": 25, "share": 1.0, "res": 0.5, "lis": null, "yr_hs": 0.5, "ind": "BIZ_NO미존재사업장", "dong": "석우동", "addr": "경기도 화성시 동탄구", "loc": "road"}, "geometry": {"type": "Point", "coordinates": [127.0716417897898, 37.19961498466155]}}, {"type": "Feature", "properties": {"n": "시립자이햇살어린이집", "base": "시립자이햇살어린이집", "emp": 25, "kind": "비영리", "hq": null, "dart": null, "listed": false, "fy": null, "sales": null, "pretax": null, "ctax": null, "emp_all": 25, "share": 1.0, "res": 0.5, "lis": null, "yr_hs": 0.5, "ind": "해당없음", "dong": "장지동", "addr": "경기도 화성시 동탄구", "loc": "road"}, "geometry": {"type": "Point", "coordinates": [127.11140320764204, 37.16508030011565]}}, {"type": "Feature", "properties": {"n": "(주)신광이지무브", "base": "신광이지무브", "emp": 25, "kind": "미확인", "hq": null, "dart": null, "listed": false, "fy": null, "sales": null, "pretax": null, "ctax": null, "emp_all": 25, "share": 1.0, "res": 0.5, "lis": null, "yr_hs": 0.5, "ind": "자전거 및 환자용 차량 제조업", "dong": "비봉면", "addr": "경기도 화성시 효행구 비봉면", "loc": "road"}, "geometry": {"type": "Point", "coordinates": [126.85760853486336, 37.22563454237302]}}, {"type": "Feature", "properties": {"n": "(주)에스앤에스코퍼레이션 토끼정 동탄타임테라스점", "base": "에스앤에스코퍼레이션토끼정동탄타임테라스", "emp": 25, "kind": "관외 본사 추정(지점)", "hq": null, "dart": null, "listed": false, "fy": null, "sales": null, "pretax": null, "ctax": null, "emp_all": 25, "share": 1.0, "res": 0.5, "lis": null, "yr_hs": 0.5, "ind": "한식 일반 음식점업", "dong": "반송동", "addr": "경기도 화성시 동탄구", "loc": "road"}, "geometry": {"type": "Point", "coordinates": [127.06982240915409, 37.19453865782707]}}, {"type": "Feature", "properties": {"n": "주식회사에스엠", "base": "에스엠", "emp": 25, "kind": "미확인", "hq": null, "dart": null, "listed": false, "fy": null, "sales": null, "pretax": null, "ctax": null, "emp_all": 750, "share": 0.0, "res": 0.5, "lis": null, "yr_hs": 0.5, "ind": "기타 산업용 기계 및 장비 도매업", "dong": "송산면", "addr": "경기도 화성시 만세구 송산면", "loc": "road"}, "geometry": {"type": "Point", "coordinates": [126.72954086240165, 37.21726084689155]}}, {"type": "Feature", "properties": {"n": "주식회사 에스텍에코", "base": "에스텍에코", "emp": 25, "kind": "미확인", "hq": null, "dart": null, "listed": false, "fy": null, "sales": null, "pretax": null, "ctax": null, "emp_all": 25, "share": 1.0, "res": 0.5, "lis": null, "yr_hs": 0.5, "ind": "비금속류 원료 재생업", "dong": "향남읍", "addr": "경기도 화성시 만세구 향남읍", "loc": "road"}, "geometry": {"type": "Point", "coordinates": [126.90368575151305, 37.07560836201358]}}, {"type": "Feature", "properties": {"n": "(주)온다엑스", "base": "온다엑스", "emp": 25, "kind": "미확인", "hq": null, "dart": null, "listed": false, "fy": null, "sales": null, "pretax": null, "ctax": null, "emp_all": 25, "share": 1.0, "res": 0.5, "lis": null, "yr_hs": 0.5, "ind": "응용 소프트웨어 개발 및 공급업", "dong": "영천동", "addr": "경기도 화성시 동탄구", "loc": "road"}, "geometry": {"type": "Point", "coordinates": [127.09140681114013, 37.210223562598784]}}, {"type": "Feature", "properties": {"n": "우테크주식회사(WooTech)", "base": "우테크", "emp": 25, "kind": "미확인", "hq": null, "dart": null, "listed": false, "fy": null, "sales": null, "pretax": null, "ctax": null, "emp_all": 25, "share": 1.0, "res": 0.5, "lis": null, "yr_hs": 0.5, "ind": "배관 및 냉ㆍ난방 공사업", "dong": "반송동", "addr": "경기도 화성시 동탄구", "loc": "road"}, "geometry": {"type": "Point", "coordinates": [127.0721207801798, 37.186555225898104]}}, {"type": "Feature", "properties": {"n": "주식회사월드락커", "base": "월드락커", "emp": 25, "kind": "미확인", "hq": null, "dart": null, "listed": false, "fy": null, "sales": null, "pretax": null, "ctax": null, "emp_all": 25, "share": 1.0, "res": 0.5, "lis": null, "yr_hs": 0.5, "ind": "응용 소프트웨어 개발 및 공급업", "dong": "송산면", "addr": "경기도 화성시 만세구 송산면", "loc": "road"}, "geometry": {"type": "Point", "coordinates": [126.69766171455635, 37.22158833178124]}}, {"type": "Feature", "properties": {"n": "주식회사웰치즈(WellcheeseCo. Ltd.)", "base": "웰치즈", "emp": 25, "kind": "미확인", "hq": null, "dart": null, "listed": false, "fy": null, "sales": null, "pretax": null, "ctax": null, "emp_all": 25, "share": 1.0, "res": 0.5, "lis": null, "yr_hs": 0.5, "ind": "액상 시유 및 기타 낙농제품 제조업", "dong": "정남면", "addr": "경기도 화성시 효행구 정남면", "loc": "road"}, "geometry": {"type": "Point", "coordinates": [126.95220529935351, 37.15316490654175]}}, {"type": "Feature", "properties": {"n": "주식회사이티(ETCo. Ltd.)", "base": "이티", "emp": 25, "kind": "미확인", "hq": null, "dart": null, "listed": false, "fy": null, "sales": null, "pretax": null, "ctax": null, "emp_all": 25, "share": 0.5, "res": 0.5, "lis": null, "yr_hs": 0.5, "ind": "배전반 및 전기 자동제어반 제조업", "dong": "정남면", "addr": "경기도 화성시 효행구 정남면", "loc": "road"}, "geometry": {"type": "Point", "coordinates": [126.98370692632994, 37.16794069189558]}}, {"type": "Feature", "properties": {"n": "정담노인돌봄센터", "base": "정담노인돌봄", "emp": 25, "kind": "비영리", "hq": null, "dart": null, "listed": false, "fy": null, "sales": null, "pretax": null, "ctax": null, "emp_all": 25, "share": 1.0, "res": 0.5, "lis": null, "yr_hs": 0.5, "ind": "BIZ_NO미존재사업장", "dong": "안녕동", "addr": "경기도 화성시 병점구", "loc": "road"}, "geometry": {"type": "Point", "coordinates": [127.01280614982545, 37.20481670729099]}}, {"type": "Feature", "properties": {"n": "주식회사준성폴리머", "base": "준성폴리머", "emp": 25, "kind": "미확인", "hq": null, "dart": null, "listed": false, "fy": null, "sales": null, "pretax": null, "ctax": null, "emp_all": 25, "share": 1.0, "res": 0.5, "lis": null, "yr_hs": 0.5, "ind": "기타 화학 물질 및 화학제품 도매업", "dong": "정남면", "addr": "경기도 화성시 효행구 정남면", "loc": "road"}, "geometry": {"type": "Point", "coordinates": [126.99260105146676, 37.18325311020085]}}, {"type": "Feature", "properties": {"n": "주식회사 체어스코", "base": "체어스코", "emp": 25, "kind": "미확인", "hq": null, "dart": null, "listed": false, "fy": null, "sales": null, "pretax": null, "ctax": null, "emp_all": 25, "share": 0.7, "res": 0.5, "lis": null, "yr_hs": 0.5, "ind": "그 외 기타 가구 제조업", "dong": "양감면", "addr": "경기도 화성시 만세구 양감면", "loc": "road"}, "geometry": {"type": "Point", "coordinates": [126.95567837030802, 37.07816328332497]}}, {"type": "Feature", "properties": {"n": "티에스세무법인화성지점", "base": "티에스세무법인", "emp": 25, "kind": "관외 본사 추정(지점)", "hq": null, "dart": null, "listed": false, "fy": null, "sales": null, "pretax": null, "ctax": null, "emp_all": 25, "share": 0.4, "res": 0.5, "lis": null, "yr_hs": 0.5, "ind": "세무사업", "dong": "병점동", "addr": "경기도 화성시 병점구", "loc": "road"}, "geometry": {"type": "Point", "coordinates": [127.03723717946158, 37.21172945217518]}}, {"type": "Feature", "properties": {"n": "주식회사피앤엠테크화성지점", "base": "피앤엠테크", "emp": 25, "kind": "관외 본사 추정(지점)", "hq": null, "dart": null, "listed": false, "fy": null, "sales": null, "pretax": null, "ctax": null, "emp_all": 25, "share": 0.7, "res": 0.5, "lis": null, "yr_hs": 0.5, "ind": "기타 반도체 소자 제조업", "dong": "금곡동", "addr": "경기도 화성시 동탄구", "loc": "road"}, "geometry": {"type": "Point", "coordinates": [127.07835693074836, 37.169900457999105]}}, {"type": "Feature", "properties": {"n": "한국농협김치조합공동사업법인화성지사", "base": "한국농협김치조합공동사업법인", "emp": 25, "kind": "비영리", "hq": null, "dart": null, "listed": false, "fy": null, "sales": null, "pretax": null, "ctax": null, "emp_all": 150, "share": 0.1, "res": 0.5, "lis": null, "yr_hs": 0.5, "ind": "김치류 제조업", "dong": "남양읍", "addr": "경기도 화성시 만세구 남양읍", "loc": "road"}, "geometry": {"type": "Point", "coordinates": [126.82993593641581, 37.20019461096682]}}, {"type": "Feature", "properties": {"n": "주식회사 한국아이오티기술원", "base": "한국아이오티기술원", "emp": 25, "kind": "미확인", "hq": null, "dart": null, "listed": false, "fy": null, "sales": null, "pretax": null, "ctax": null, "emp_all": 25, "share": 1.0, "res": 0.5, "lis": null, "yr_hs": 0.5, "ind": "기타 반도체 소자 제조업", "dong": "마도면", "addr": "경기도 화성시 만세구 마도면", "loc": "road"}, "geometry": {"type": "Point", "coordinates": [126.74305608369004, 37.20429963532972]}}, {"type": "Feature", "properties": {"n": "한국안전기술협회사회적협동조합", "base": "한국안전기술협회사회적협동조합", "emp": 25, "kind": "비영리", "hq": null, "dart": null, "listed": false, "fy": null, "sales": null, "pretax": null, "ctax": null, "emp_all": 25, "share": 1.0, "res": 0.5, "lis": null, "yr_hs": 0.5, "ind": "그 외 기타 분류 안된 사업 지원 서비스업", "dong": "영천동", "addr": "경기도 화성시 동탄구", "loc": "road"}, "geometry": {"type": "Point", "coordinates": [127.08906497062337, 37.16984450078131]}}, {"type": "Feature", "properties": {"n": "재단법인한국지방회계연구원", "base": "한국지방회계연구원", "emp": 25, "kind": "비영리", "hq": null, "dart": null, "listed": false, "fy": null, "sales": null, "pretax": null, "ctax": null, "emp_all": 25, "share": 1.0, "res": 0.5, "lis": null, "yr_hs": 0.5, "ind": "기타 인문 및 사회과학 연구개발업", "dong": "영천동", "addr": "경기도 화성시 동탄구", "loc": "road"}, "geometry": {"type": "Point", "coordinates": [127.09463141102063, 37.16454318950708]}}, {"type": "Feature", "properties": {"n": "사단법인해오름장애인협회(기전사업단)", "base": "해오름장애인협회", "emp": 25, "kind": "비영리", "hq": null, "dart": null, "listed": false, "fy": null, "sales": null, "pretax": null, "ctax": null, "emp_all": 25, "share": 0.5, "res": 0.5, "lis": null, "yr_hs": 0.5, "ind": "배전반 및 전기 자동제어반 제조업", "dong": "마도면", "addr": "경기도 화성시 만세구 마도면", "loc": "road"}, "geometry": {"type": "Point", "coordinates": [126.77614641365356, 37.20655058395741]}}, {"type": "Feature", "properties": {"n": "주식회사 혼신", "base": "혼신", "emp": 25, "kind": "미확인", "hq": null, "dart": null, "listed": false, "fy": null, "sales": null, "pretax": null, "ctax": null, "emp_all": 25, "share": 1.0, "res": 0.5, "lis": null, "yr_hs": 0.5, "ind": "경영 컨설팅업", "dong": "영천동", "addr": "경기도 화성시 동탄구", "loc": "road"}, "geometry": {"type": "Point", "coordinates": [127.08906497062337, 37.16984450078131]}}, {"type": "Feature", "properties": {"n": "화성상신중학교", "base": "화성상신중", "emp": 25, "kind": "미확인", "hq": null, "dart": null, "listed": false, "fy": null, "sales": null, "pretax": null, "ctax": null, "emp_all": 25, "share": 1.0, "res": 0.5, "lis": null, "yr_hs": 0.5, "ind": "BIZ_NO미존재사업장", "dong": "향남읍", "addr": "경기도 화성시 만세구 향남읍", "loc": "road"}, "geometry": {"type": "Point", "coordinates": [126.89971009757556, 37.09866525783703]}}, {"type": "Feature", "properties": {"n": "화성여자단기청소년쉼터", "base": "화성여자단기청소년쉼터", "emp": 25, "kind": "비영리", "hq": null, "dart": null, "listed": false, "fy": null, "sales": null, "pretax": null, "ctax": null, "emp_all": 25, "share": 1.0, "res": 0.5, "lis": null, "yr_hs": 0.5, "ind": "애완 동물 장묘 및 보호 서비스업", "dong": "봉담읍", "addr": "경기도 화성시 효행구 봉담읍", "loc": "road"}, "geometry": {"type": "Point", "coordinates": [126.9252096897027, 37.23893924164269]}}, {"type": "Feature", "properties": {"n": "화성지역자활센터-무지개임가공", "base": "화성지역자활센터무지개임가공", "emp": 25, "kind": "비영리", "hq": null, "dart": null, "listed": false, "fy": null, "sales": null, "pretax": null, "ctax": null, "emp_all": 25, "share": 1.0, "res": 0.5, "lis": null, "yr_hs": 0.5, "ind": "건축물 일반 청소업", "dong": "향남읍", "addr": "경기도 화성시 만세구 향남읍", "loc": "road"}, "geometry": {"type": "Point", "coordinates": [126.90048198575799, 37.09602772747527]}}, {"type": "Feature", "properties": {"n": "대일강업(주)화성지점", "base": "대일강업", "emp": 25, "kind": "관외 본사", "hq": "경기도 시흥시", "dart": "대일강업주식회사", "listed": false, "fy": null, "sales": null, "pretax": null, "ctax": null, "emp_all": 1500, "share": 0.0, "res": 0.5, "lis": null, "yr_hs": 0.5, "ind": "그 외 기타 1차 철강 제조업", "dong": "비봉면", "addr": "경기도 화성시 효행구 비봉면", "loc": "road"}, "geometry": {"type": "Point", "coordinates": [126.85687209330911, 37.21483331897337]}}, {"type": "Feature", "properties": {"n": "엠엔테크(주)화성선별장", "base": "엠엔테크화성선별장", "emp": 25, "kind": "관외 본사", "hq": "경기도 의왕시", "dart": "엠엔테크 주식회사", "listed": false, "fy": null, "sales": null, "pretax": null, "ctax": null, "emp_all": 1500, "share": 0.0, "res": 0.5, "lis": null, "yr_hs": 0.5, "ind": "재생용 재료 수집 및 판매업", "dong": "팔탄면", "addr": "경기도 화성시 만세구 팔탄면", "loc": "road"}, "geometry": {"type": "Point", "coordinates": [126.88326933429805, 37.17690067687332]}}, {"type": "Feature", "properties": {"n": "주식회사 알루맥스 화성공장", "base": "알루맥스", "emp": 25, "kind": "관외 본사", "hq": "경기도 파주시", "dart": "(주)알루맥스", "listed": false, "fy": null, "sales": null, "pretax": null, "ctax": null, "emp_all": 1500, "share": 0.0, "res": 0.5, "lis": null, "yr_hs": 0.5, "ind": "일반용 도료 및 관련제품 제조업", "dong": "팔탄면", "addr": "경기도 화성시 만세구 팔탄면", "loc": "road"}, "geometry": {"type": "Point", "coordinates": [126.88295395687103, 37.15250581766218]}}, {"type": "Feature", "properties": {"n": "(주)리치빔화성공장", "base": "리치빔", "emp": 25, "kind": "관외 본사", "hq": "서울특별시 송파구", "dart": "(주)리치빔", "listed": false, "fy": null, "sales": null, "pretax": null, "ctax": null, "emp_all": 1500, "share": 0.0, "res": 0.5, "lis": null, "yr_hs": 0.5, "ind": "빵류 제조업", "dong": "남양읍", "addr": "경기도 화성시 만세구 남양읍", "loc": "road"}, "geometry": {"type": "Point", "coordinates": [126.84007297519874, 37.216409305377724]}}, {"type": "Feature", "properties": {"n": "인프라건설(주)", "base": "인프라건설", "emp": 25, "kind": "관외 본사", "hq": "강원도 원주시", "dart": "인프라건설(주)", "listed": false, "fy": null, "sales": null, "pretax": null, "ctax": null, "emp_all": 1500, "share": 0.0, "res": 0.5, "lis": null, "yr_hs": 0.5, "ind": "기타 토목 시설물 건설업", "dong": "정남면", "addr": "경기도 화성시 효행구 정남면", "loc": "road"}, "geometry": {"type": "Point", "coordinates": [127.0124848427788, 37.129378647756226]}}, {"type": "Feature", "properties": {"n": "테스에이엑스 주식회사(TES AX Co.  LTD.)", "base": "테스에이엑스", "emp": 25, "kind": "관내 본사(KoDATA 누락)", "hq": "경기도 화성시", "dart": "테스에이엑스 주식회사", "listed": false, "fy": null, "sales": null, "pretax": null, "ctax": null, "emp_all": 750, "share": 0.0, "res": 0.5, "lis": null, "yr_hs": 0.5, "ind": "컴퓨터 프로그래밍 서비스업", "dong": "마도면", "addr": "경기도 화성시 만세구 마도면", "loc": "road"}, "geometry": {"type": "Point", "coordinates": [126.79638380433329, 37.22318357141909]}}, {"type": "Feature", "properties": {"n": "(주)신지(동천홍 봉담점)", "base": "신지", "emp": 25, "kind": "관외 본사", "hq": "전라남도 순천시", "dart": "주식회사 신지", "listed": false, "fy": null, "sales": null, "pretax": null, "ctax": null, "emp_all": 1500, "share": 0.0, "res": 0.5, "lis": null, "yr_hs": 0.5, "ind": "중식 음식점업", "dong": "봉담읍", "addr": "경기도 화성시 효행구 봉담읍", "loc": "road"}, "geometry": {"type": "Point", "coordinates": [126.94027892863002, 37.197044181769556]}}, {"type": "Feature", "properties": {"n": "(주)체카", "base": "체카", "emp": 25, "kind": "관외 본사", "hq": "경기도 수원시", "dart": "(주)체카", "listed": false, "fy": null, "sales": null, "pretax": null, "ctax": null, "emp_all": 750, "share": 0.0, "res": 0.5, "lis": null, "yr_hs": 0.5, "ind": "자동차 종합 수리업", "dong": "마도면", "addr": "경기도 화성시 만세구 마도면", "loc": "road"}, "geometry": {"type": "Point", "coordinates": [126.71810699023115, 37.18287807935155]}}, {"type": "Feature", "properties": {"n": "거산이엔지 주식회사", "base": "거산이엔지", "emp": 25, "kind": "미확인", "hq": null, "dart": null, "listed": false, "fy": null, "sales": null, "pretax": null, "ctax": null, "emp_all": 25, "share": 0.3, "res": 0.5, "lis": null, "yr_hs": 0.5, "ind": "배관 및 냉ㆍ난방 공사업", "dong": "우정읍", "addr": "경기도 화성시 만세구 우정읍", "loc": "road"}, "geometry": {"type": "Point", "coordinates": [126.7582470866173, 37.055092153854424]}}, {"type": "Feature", "properties": {"n": "주식회사거성이앤씨", "base": "거성이앤씨", "emp": 25, "kind": "미확인", "hq": null, "dart": null, "listed": false, "fy": null, "sales": null, "pretax": null, "ctax": null, "emp_all": 25, "share": 0.5, "res": 0.5, "lis": null, "yr_hs": 0.5, "ind": "조경 건설업", "dong": "양감면", "addr": "경기도 화성시 만세구 양감면", "loc": "road"}, "geometry": {"type": "Point", "coordinates": [126.98604278813939, 37.09385808922126]}}, {"type": "Feature", "properties": {"n": "광교세무법인 화성지점", "base": "광교세무법인", "emp": 25, "kind": "관외 본사 추정(지점)", "hq": null, "dart": null, "listed": false, "fy": null, "sales": null, "pretax": null, "ctax": null, "emp_all": 150, "share": 0.1, "res": 0.5, "lis": null, "yr_hs": 0.5, "ind": "세무사업", "dong": "남양읍", "addr": "경기도 화성시 만세구 남양읍", "loc": "road"}, "geometry": {"type": "Point", "coordinates": [126.82993593641581, 37.20019461096682]}}, {"type": "Feature", "properties": {"n": "사회복지법인길상복지재단/송린이음터 시설관리", "base": "길상복지재단송린이음터시설관리", "emp": 25, "kind": "비영리", "hq": null, "dart": null, "listed": false, "fy": null, "sales": null, "pretax": null, "ctax": null, "emp_all": 25, "share": 1.0, "res": 0.5, "lis": null, "yr_hs": 0.5, "ind": "선박청소", "dong": "새솔동", "addr": "경기도 화성시 만세구", "loc": "road"}, "geometry": {"type": "Point", "coordinates": [126.81636195072781, 37.28530092491451]}}, {"type": "Feature", "properties": {"n": "남양1재가복지센터", "base": "남양1재가복지", "emp": 25, "kind": "미확인", "hq": null, "dart": null, "listed": false, "fy": null, "sales": null, "pretax": null, "ctax": null, "emp_all": 25, "share": 1.0, "res": 0.5, "lis": null, "yr_hs": 0.5, "ind": "BIZ_NO미존재사업장", "dong": "송산면", "addr": "경기도 화성시 만세구 송산면", "loc": "road"}, "geometry": {"type": "Point", "coordinates": [126.74450422390944, 37.21431549721753]}}, {"type": "Feature", "properties": {"n": "다사랑장애인단기거주시설", "base": "다사랑장애인단기거주시설", "emp": 25, "kind": "비영리", "hq": null, "dart": null, "listed": false, "fy": null, "sales": null, "pretax": null, "ctax": null, "emp_all": 25, "share": 1.0, "res": 0.5, "lis": null, "yr_hs": 0.5, "ind": "보육시설 운영업", "dong": "정남면", "addr": "경기도 화성시 효행구 정남면", "loc": "road"}, "geometry": {"type": "Point", "coordinates": [126.95220529935351, 37.15316490654175]}}, {"type": "Feature", "properties": {"n": "동수원아디다스(주）", "base": "동수원아디다스주", "emp": 25, "kind": "미확인", "hq": null, "dart": null, "listed": false, "fy": null, "sales": null, "pretax": null, "ctax": null, "emp_all": 25, "share": 1.0, "res": 0.5, "lis": null, "yr_hs": 0.5, "ind": "남녀용 겉옷 및 셔츠 도매업", "dong": "봉담읍", "addr": "경기도 화성시 효행구 봉담읍", "loc": "road"}, "geometry": {"type": "Point", "coordinates": [126.94027892863002, 37.197044181769556]}}, {"type": "Feature", "properties": {"n": "주식회사 모듈러어셈블리테크놀로지", "base": "모듈러어셈블리테크놀로지", "emp": 25, "kind": "미확인", "hq": null, "dart": null, "listed": false, "fy": null, "sales": null, "pretax": null, "ctax": null, "emp_all": 25, "share": 1.0, "res": 0.5, "lis": null, "yr_hs": 0.5, "ind": "기타 반도체 소자 제조업", "dong": "봉담읍", "addr": "경기도 화성시 효행구 봉담읍", "loc": "road"}, "geometry": {"type": "Point", "coordinates": [126.93371852480391, 37.17340264352163]}}, {"type": "Feature", "properties": {"n": "주식회사비비엠(BBM)", "base": "비비엠", "emp": 25, "kind": "미확인", "hq": null, "dart": null, "listed": false, "fy": null, "sales": null, "pretax": null, "ctax": null, "emp_all": 25, "share": 0.5, "res": 0.5, "lis": null, "yr_hs": 0.5, "ind": "기타 물품 취급장비 제조업", "dong": "양감면", "addr": "경기도 화성시 만세구 양감면", "loc": "road"}, "geometry": {"type": "Point", "coordinates": [126.93724014627796, 37.06890145713756]}}, {"type": "Feature", "properties": {"n": "주식회사 비아(VIA)", "base": "비아", "emp": 25, "kind": "미확인", "hq": null, "dart": null, "listed": false, "fy": null, "sales": null, "pretax": null, "ctax": null, "emp_all": 25, "share": 0.4, "res": 0.5, "lis": null, "yr_hs": 0.5, "ind": "경영 컨설팅업", "dong": "능동", "addr": "경기도 화성시 동탄구", "loc": "road"}, "geometry": {"type": "Point", "coordinates": [127.05761627925227, 37.21712723853013]}}, {"type": "Feature", "properties": {"n": "주식회사비알아이티", "base": "비알아이티", "emp": 25, "kind": "미확인", "hq": null, "dart": null, "listed": false, "fy": null, "sales": null, "pretax": null, "ctax": null, "emp_all": 25, "share": 1.0, "res": 0.5, "lis": null, "yr_hs": 0.5, "ind": "컴퓨터 시스템 통합 자문 및 구축 서비스업", "dong": "영천동", "addr": "경기도 화성시 동탄구", "loc": "road"}, "geometry": {"type": "Point", "coordinates": [127.10285951590791, 37.21175860729589]}}, {"type": "Feature", "properties": {"n": "주식회사 상생미트", "base": "상생미트", "emp": 25, "kind": "미확인", "hq": null, "dart": null, "listed": false, "fy": null, "sales": null, "pretax": null, "ctax": null, "emp_all": 25, "share": 1.0, "res": 0.5, "lis": null, "yr_hs": 0.5, "ind": "육류 소매업", "dong": "안녕동", "addr": "경기도 화성시 병점구", "loc": "road"}, "geometry": {"type": "Point", "coordinates": [126.98899176071862, 37.19934096981974]}}, {"type": "Feature", "properties": {"n": "주식회사 서호이엔지", "base": "서호이엔지", "emp": 25, "kind": "미확인", "hq": null, "dart": null, "listed": false, "fy": null, "sales": null, "pretax": null, "ctax": null, "emp_all": 25, "share": 0.8, "res": 0.5, "lis": null, "yr_hs": 0.5, "ind": "건물용 기계ㆍ장비 설치 공사업", "dong": "봉담읍", "addr": "경기도 화성시 효행구 봉담읍", "loc": "road"}, "geometry": {"type": "Point", "coordinates": [126.9822158859232, 37.20445858028138]}}, {"type": "Feature", "properties": {"n": "세정세무법인", "base": "세정세무법인", "emp": 25, "kind": "관외 본사 추정(지점)", "hq": null, "dart": null, "listed": false, "fy": null, "sales": null, "pretax": null, "ctax": null, "emp_all": 75, "share": 0.2, "res": 0.5, "lis": null, "yr_hs": 0.5, "ind": "세무사업", "dong": "봉담읍", "addr": "경기도 화성시 효행구 봉담읍", "loc": "road"}, "geometry": {"type": "Point", "coordinates": [126.97668564650128, 37.21382865407258]}}, {"type": "Feature", "properties": {"n": "솔라트", "base": "솔라트", "emp": 25, "kind": "관외 본사 추정(지점)", "hq": null, "dart": null, "listed": false, "fy": null, "sales": null, "pretax": null, "ctax": null, "emp_all": 25, "share": 1.0, "res": 0.5, "lis": null, "yr_hs": 0.5, "ind": "커피 전문점", "dong": "영천동", "addr": "경기도 화성시 동탄구", "loc": "road"}, "geometry": {"type": "Point", "coordinates": [127.10285951590791, 37.21175860729589]}}, {"type": "Feature", "properties": {"n": "주식회사순창국제", "base": "순창국제", "emp": 25, "kind": "미확인", "hq": null, "dart": null, "listed": false, "fy": null, "sales": null, "pretax": null, "ctax": null, "emp_all": 25, "share": 1.0, "res": 0.5, "lis": null, "yr_hs": 0.5, "ind": "기타 식료품 소매업", "dong": "서신면", "addr": "경기도 화성시 만세구 서신면", "loc": "road"}, "geometry": {"type": "Point", "coordinates": [126.71178549226921, 37.186907879453734]}}, {"type": "Feature", "properties": {"n": "주식회사 스마일보건", "base": "스마일보건", "emp": 25, "kind": "미확인", "hq": null, "dart": null, "listed": false, "fy": null, "sales": null, "pretax": null, "ctax": null, "emp_all": 25, "share": 1.0, "res": 0.5, "lis": null, "yr_hs": 0.5, "ind": "의약품 도매업", "dong": "정남면", "addr": "경기도 화성시 효행구 정남면", "loc": "road"}, "geometry": {"type": "Point", "coordinates": [127.0124848427788, 37.129378647756226]}}, {"type": "Feature", "properties": {"n": "스시토로 동탄본점", "base": "스시토로동탄본", "emp": 25, "kind": "관외 본사 추정(지점)", "hq": null, "dart": null, "listed": false, "fy": null, "sales": null, "pretax": null, "ctax": null, "emp_all": 25, "share": 1.0, "res": 0.5, "lis": null, "yr_hs": 0.5, "ind": "일식 음식점업", "dong": "여울동", "addr": "경기도 화성시 동탄구", "loc": "road"}, "geometry": {"type": "Point", "coordinates": [127.09018969583511, 37.199310274874556]}}, {"type": "Feature", "properties": {"n": "시립새강어린이집", "base": "시립새강어린이집", "emp": 25, "kind": "미확인", "hq": null, "dart": null, "listed": false, "fy": null, "sales": null, "pretax": null, "ctax": null, "emp_all": 25, "share": 1.0, "res": 0.5, "lis": null, "yr_hs": 0.5, "ind": "BIZ_NO미존재사업장", "dong": "반송동", "addr": "경기도 화성시 동탄구", "loc": "road"}, "geometry": {"type": "Point", "coordinates": [127.06982240915409, 37.19453865782707]}}, {"type": "Feature", "properties": {"n": "시립힐스온유어린이집", "base": "시립힐스온유어린이집", "emp": 25, "kind": "비영리", "hq": null, "dart": null, "listed": false, "fy": null, "sales": null, "pretax": null, "ctax": null, "emp_all": 25, "share": 1.0, "res": 0.5, "lis": null, "yr_hs": 0.5, "ind": "BIZ_NO미존재사업장", "dong": "신동", "addr": "경기도 화성시 동탄구", "loc": "road"}, "geometry": {"type": "Point", "coordinates": [127.13590905950747, 37.17426537200541]}}, {"type": "Feature", "properties": {"n": "주식회사 신성2공장", "base": "신성", "emp": 25, "kind": "관외 본사 추정(지점)", "hq": null, "dart": null, "listed": false, "fy": null, "sales": null, "pretax": null, "ctax": null, "emp_all": 150, "share": 0.1, "res": 0.5, "lis": null, "yr_hs": 0.5, "ind": "산업용 로봇 제조업", "dong": "남양읍", "addr": "경기도 화성시 만세구 남양읍", "loc": "road"}, "geometry": {"type": "Point", "coordinates": [126.83221648299283, 37.186225644381565]}}, {"type": "Feature", "properties": {"n": "(주)쏘디엔", "base": "쏘디엔", "emp": 25, "kind": "미확인", "hq": null, "dart": null, "listed": false, "fy": null, "sales": null, "pretax": null, "ctax": null, "emp_all": 25, "share": 1.0, "res": 0.5, "lis": null, "yr_hs": 0.5, "ind": "경영 컨설팅업", "dong": "방교동", "addr": "경기도 화성시 동탄구", "loc": "road"}, "geometry": {"type": "Point", "coordinates": [127.0894393496107, 37.178837816483835]}}, {"type": "Feature", "properties": {"n": "아르딤장애인주간보호센터", "base": "아르딤장애인주간보호", "emp": 25, "kind": "비영리", "hq": null, "dart": null, "listed": false, "fy": null, "sales": null, "pretax": null, "ctax": null, "emp_all": 25, "share": 1.0, "res": 0.5, "lis": null, "yr_hs": 0.5, "ind": "BIZ_NO미존재사업장", "dong": "향남읍", "addr": "경기도 화성시 만세구 향남읍", "loc": "road"}, "geometry": {"type": "Point", "coordinates": [126.91363313724521, 37.131931554760925]}}, {"type": "Feature", "properties": {"n": "주식회사 애밀럼시스템코리아(Amylum Systems Korea Inc.)", "base": "애밀럼시스템코리아", "emp": 25, "kind": "미확인", "hq": null, "dart": null, "listed": false, "fy": null, "sales": null, "pretax": null, "ctax": null, "emp_all": 25, "share": 1.0, "res": 0.5, "lis": null, "yr_hs": 0.5, "ind": "기타 플라스틱 발포 성형제품 제조업", "dong": "방교동", "addr": "경기도 화성시 동탄구", "loc": "road"}, "geometry": {"type": "Point", "coordinates": [127.08906497062337, 37.16984450078131]}}, {"type": "Feature", "properties": {"n": "(주)에스앤에스컴퍼니 서가앤쿡 동탄타임테라스", "base": "에스앤에스컴퍼니서가앤쿡동탄타임테라스", "emp": 25, "kind": "관외 본사 추정(지점)", "hq": null, "dart": null, "listed": false, "fy": null, "sales": null, "pretax": null, "ctax": null, "emp_all": 25, "share": 1.0, "res": 0.5, "lis": null, "yr_hs": 0.5, "ind": "서양식 음식점업", "dong": "반송동", "addr": "경기도 화성시 동탄구", "loc": "road"}, "geometry": {"type": "Point", "coordinates": [127.06982240915409, 37.19453865782707]}}, {"type": "Feature", "properties": {"n": "주식회사 오우거(OGRE Inc.)", "base": "오우거", "emp": 25, "kind": "미확인", "hq": null, "dart": null, "listed": false, "fy": null, "sales": null, "pretax": null, "ctax": null, "emp_all": 25, "share": 1.0, "res": 0.5, "lis": null, "yr_hs": 0.5, "ind": "기타 운동 및 경기용구 제조업", "dong": "팔탄면", "addr": "경기도 화성시 만세구 팔탄면", "loc": "road"}, "geometry": {"type": "Point", "coordinates": [126.88329258942422, 37.14022980017458]}}, {"type": "Feature", "properties": {"n": "온유보호작업장", "base": "온유보호작업장", "emp": 25, "kind": "비영리", "hq": null, "dart": null, "listed": false, "fy": null, "sales": null, "pretax": null, "ctax": null, "emp_all": 25, "share": 1.0, "res": 0.5, "lis": null, "yr_hs": 0.5, "ind": "그 외 기타 분류 안된 사업 지원 서비스업", "dong": "영천동", "addr": "경기도 화성시 동탄구", "loc": "road"}, "geometry": {"type": "Point", "coordinates": [127.10414111853503, 37.172068388707345]}}, {"type": "Feature", "properties": {"n": "와~우리장애인주간보호센터", "base": "와우리장애인주간보호", "emp": 25, "kind": "비영리", "hq": null, "dart": null, "listed": false, "fy": null, "sales": null, "pretax": null, "ctax": null, "emp_all": 25, "share": 1.0, "res": 0.5, "lis": null, "yr_hs": 0.5, "ind": "BIZ_NO미존재사업장", "dong": "봉담읍", "addr": "경기도 화성시 효행구 봉담읍", "loc": "road"}, "geometry": {"type": "Point", "coordinates": [126.97979741498588, 37.21402332022756]}}, {"type": "Feature", "properties": {"n": "주식회사 우리원(지점)", "base": "우리원", "emp": 25, "kind": "관외 본사 추정(지점)", "hq": null, "dart": null, "listed": false, "fy": null, "sales": null, "pretax": null, "ctax": null, "emp_all": 75, "share": 0.1, "res": 0.5, "lis": null, "yr_hs": 0.5, "ind": "그 외 기타 플라스틱 제품 제조업", "dong": "향남읍", "addr": "경기도 화성시 만세구 향남읍", "loc": "road"}, "geometry": {"type": "Point", "coordinates": [126.91412651341398, 37.101066198615385]}}, {"type": "Feature", "properties": {"n": "우정가동탄북광장점", "base": "우정가동탄북", "emp": 25, "kind": "관외 본사 추정(지점)", "hq": null, "dart": null, "listed": false, "fy": null, "sales": null, "pretax": null, "ctax": null, "emp_all": 25, "share": 1.0, "res": 0.5, "lis": null, "yr_hs": 0.5, "ind": "한식 육류 요리 전문점", "dong": "반송동", "addr": "경기도 화성시 동탄구", "loc": "road"}, "geometry": {"type": "Point", "coordinates": [127.06420007941881, 37.20809988453014]}}, {"type": "Feature", "properties": {"n": "원우기술산업(주)", "base": "원우기술산업", "emp": 25, "kind": "미확인", "hq": null, "dart": null, "listed": false, "fy": null, "sales": null, "pretax": null, "ctax": null, "emp_all": 25, "share": 1.0, "res": 0.5, "lis": null, "yr_hs": 0.5, "ind": "그 외 기타 건축 마무리 공사업", "dong": "반송동", "addr": "경기도 화성시 동탄구", "loc": "road"}, "geometry": {"type": "Point", "coordinates": [127.08511458293322, 37.19502719881835]}}, {"type": "Feature", "properties": {"n": "(주)유원와이제이", "base": "유원와이제이", "emp": 25, "kind": "미확인", "hq": null, "dart": null, "listed": false, "fy": null, "sales": null, "pretax": null, "ctax": null, "emp_all": 25, "share": 1.0, "res": 0.5, "lis": null, "yr_hs": 0.5, "ind": "그 외 기타 분류 안된 사업 지원 서비스업", "dong": "영천동", "addr": "경기도 화성시 동탄구", "loc": "road"}, "geometry": {"type": "Point", "coordinates": [127.10285951590791, 37.21175860729589]}}, {"type": "Feature", "properties": {"n": "(주)이성플랜트", "base": "이성플랜트", "emp": 25, "kind": "미확인", "hq": null, "dart": null, "listed": false, "fy": null, "sales": null, "pretax": null, "ctax": null, "emp_all": 25, "share": 1.0, "res": 0.5, "lis": null, "yr_hs": 0.5, "ind": "그 외 기타 금속 가공업", "dong": "남양읍", "addr": "경기도 화성시 만세구 남양읍 신남안길", "loc": "bldg"}, "geometry": {"type": "Point", "coordinates": [126.800132, 37.185268]}}, {"type": "Feature", "properties": {"n": "주식회사 인정시스템", "base": "인정시스템", "emp": 25, "kind": "미확인", "hq": null, "dart": null, "listed": false, "fy": null, "sales": null, "pretax": null, "ctax": null, "emp_all": 25, "share": 1.0, "res": 0.5, "lis": null, "yr_hs": 0.5, "ind": "BIZ_NO미존재사업장", "dong": "마도면", "addr": "경기도 화성시 만세구 마도면", "loc": "road"}, "geometry": {"type": "Point", "coordinates": [126.77440038516221, 37.19912499431936]}}, {"type": "Feature", "properties": {"n": "제부마리나", "base": "제부마리나", "emp": 25, "kind": "비영리", "hq": null, "dart": null, "listed": false, "fy": null, "sales": null, "pretax": null, "ctax": null, "emp_all": 25, "share": 1.0, "res": 0.5, "lis": null, "yr_hs": 0.5, "ind": "기타 수상오락 서비스업", "dong": "서신면", "addr": "경기도 화성시 만세구 서신면", "loc": "road"}, "geometry": {"type": "Point", "coordinates": [126.62610223080438, 37.167145938945865]}}, {"type": "Feature", "properties": {"n": "(주）미래에이비엠/화성봉담 사업장 형태2 그랑드비체 5단지 관리사무소", "base": "주미래에이비엠화성봉담사업장형태2그랑드비체5단지관리사무소", "emp": 25, "kind": "미확인", "hq": null, "dart": null, "listed": false, "fy": null, "sales": null, "pretax": null, "ctax": null, "emp_all": 25, "share": 1.0, "res": 0.5, "lis": null, "yr_hs": 0.5, "ind": "건축물 일반 청소업", "dong": "봉담읍", "addr": "경기도 화성시 효행구 봉담읍", "loc": "road"}, "geometry": {"type": "Point", "coordinates": [126.95003385459873, 37.22827363074507]}}, {"type": "Feature", "properties": {"n": "(주）씨엠엔바이온", "base": "주씨엠엔바이온", "emp": 25, "kind": "미확인", "hq": null, "dart": null, "listed": false, "fy": null, "sales": null, "pretax": null, "ctax": null, "emp_all": 25, "share": 1.0, "res": 0.5, "lis": null, "yr_hs": 0.5, "ind": "산업 생산시설 종합 건설업", "dong": "장안면", "addr": "경기도 화성시 만세구 장안면", "loc": "road"}, "geometry": {"type": "Point", "coordinates": [126.83958204241598, 37.138908787305915]}}, {"type": "Feature", "properties": {"n": "주)엘케이레이져", "base": "주엘케이레이져", "emp": 25, "kind": "미확인", "hq": null, "dart": null, "listed": false, "fy": null, "sales": null, "pretax": null, "ctax": null, "emp_all": 25, "share": 1.0, "res": 0.5, "lis": null, "yr_hs": 0.5, "ind": "금속 문  창  셔터 및 관련제품 제조업", "dong": "향남읍", "addr": "경기도 화성시 만세구 향남읍", "loc": "road"}, "geometry": {"type": "Point", "coordinates": [126.95747424197658, 37.130209305958374]}}, {"type": "Feature", "properties": {"n": "충의개발(주)화성베스트재활전문요양원", "base": "충의개발화성베스트재활전문요양원", "emp": 25, "kind": "관외 본사 추정(지점)", "hq": null, "dart": null, "listed": false, "fy": null, "sales": null, "pretax": null, "ctax": null, "emp_all": 25, "share": 1.0, "res": 0.5, "lis": null, "yr_hs": 0.5, "ind": "노인 양로 복지시설 운영업", "dong": "남양읍", "addr": "경기도 화성시 만세구 남양읍", "loc": "road"}, "geometry": {"type": "Point", "coordinates": [126.82937913285585, 37.201436472541715]}}, {"type": "Feature", "properties": {"n": "주식회사 카페토지새솔지점", "base": "카페토지", "emp": 25, "kind": "미확인", "hq": null, "dart": null, "listed": false, "fy": null, "sales": null, "pretax": null, "ctax": null, "emp_all": 25, "share": 1.0, "res": 0.5, "lis": null, "yr_hs": 0.5, "ind": "커피 전문점", "dong": "새솔동", "addr": "경기도 화성시 만세구", "loc": "road"}, "geometry": {"type": "Point", "coordinates": [126.81707231151152, 37.284662309348676]}}, {"type": "Feature", "properties": {"n": "(주)컴윈 화성지사", "base": "컴윈", "emp": 25, "kind": "관외 본사 추정(지점)", "hq": null, "dart": null, "listed": false, "fy": null, "sales": null, "pretax": null, "ctax": null, "emp_all": 25, "share": 0.5, "res": 0.5, "lis": null, "yr_hs": 0.5, "ind": "기타 주변 기기 제조업", "dong": "팔탄면", "addr": "경기도 화성시 만세구 팔탄면", "loc": "road"}, "geometry": {"type": "Point", "coordinates": [126.84334365757817, 37.13114431359658]}}, {"type": "Feature", "properties": {"n": "(주)태성제이엔씨", "base": "태성제이엔씨", "emp": 25, "kind": "미확인", "hq": null, "dart": null, "listed": false, "fy": null, "sales": null, "pretax": null, "ctax": null, "emp_all": 25, "share": 1.0, "res": 0.5, "lis": null, "yr_hs": 0.5, "ind": "골판지 제조업", "dong": "송산면", "addr": "경기도 화성시 만세구 송산면", "loc": "road"}, "geometry": {"type": "Point", "coordinates": [126.74813641254742, 37.211859968824044]}}, {"type": "Feature", "properties": {"n": "(주)태진푸드", "base": "태진푸드", "emp": 25, "kind": "미확인", "hq": null, "dart": null, "listed": false, "fy": null, "sales": null, "pretax": null, "ctax": null, "emp_all": 25, "share": 1.0, "res": 0.5, "lis": null, "yr_hs": 0.5, "ind": "기타 산업용 농산물 도매업", "dong": "향남읍", "addr": "경기도 화성시 만세구 향남읍", "loc": "road"}, "geometry": {"type": "Point", "coordinates": [126.94576381732847, 37.130356584720225]}}, {"type": "Feature", "properties": {"n": "(주) 티에스테크노 화성공장지점", "base": "티에스테크노", "emp": 25, "kind": "관외 본사 추정(지점)", "hq": null, "dart": null, "listed": false, "fy": null, "sales": null, "pretax": null, "ctax": null, "emp_all": 25, "share": 1.0, "res": 0.5, "lis": null, "yr_hs": 0.5, "ind": "금속선 가공제품 제조업", "dong": "향남읍", "addr": "경기도 화성시 만세구 향남읍", "loc": "road"}, "geometry": {"type": "Point", "coordinates": [126.92224106180036, 37.09071174222218]}}, {"type": "Feature", "properties": {"n": "파라곤어린이집", "base": "파라곤어린이집", "emp": 25, "kind": "미확인", "hq": null, "dart": null, "listed": false, "fy": null, "sales": null, "pretax": null, "ctax": null, "emp_all": 25, "share": 1.0, "res": 0.5, "lis": null, "yr_hs": 0.5, "ind": "BIZ_NO미존재사업장", "dong": "봉담읍", "addr": "경기도 화성시 효행구 봉담읍", "loc": "road"}, "geometry": {"type": "Point", "coordinates": [126.96797445465225, 37.218602456759875]}}, {"type": "Feature", "properties": {"n": "주식회사풍요로운세상", "base": "풍요로운세상", "emp": 25, "kind": "미확인", "hq": null, "dart": null, "listed": false, "fy": null, "sales": null, "pretax": null, "ctax": null, "emp_all": 25, "share": 1.0, "res": 0.5, "lis": null, "yr_hs": 0.5, "ind": "벽지  마루덮개 및 장판류 소매업", "dong": "안녕동", "addr": "경기도 화성시 병점구", "loc": "road"}, "geometry": {"type": "Point", "coordinates": [126.98899176071862, 37.19934096981974]}}, {"type": "Feature", "properties": {"n": "(주)프라임투비", "base": "프라임투비", "emp": 25, "kind": "미확인", "hq": null, "dart": null, "listed": false, "fy": null, "sales": null, "pretax": null, "ctax": null, "emp_all": 25, "share": 1.0, "res": 0.5, "lis": null, "yr_hs": 0.5, "ind": "응용 소프트웨어 개발 및 공급업", "dong": "영천동", "addr": "경기도 화성시 동탄구", "loc": "road"}, "geometry": {"type": "Point", "coordinates": [127.10285951590791, 37.21175860729589]}}, {"type": "Feature", "properties": {"n": "주식회사 한길하이텍", "base": "한길하이텍", "emp": 25, "kind": "미확인", "hq": null, "dart": null, "listed": false, "fy": null, "sales": null, "pretax": null, "ctax": null, "emp_all": 25, "share": 1.0, "res": 0.5, "lis": null, "yr_hs": 0.5, "ind": "구조용 금속 판제품 및 공작물 제조업", "dong": "정남면", "addr": "경기도 화성시 효행구 정남면", "loc": "road"}, "geometry": {"type": "Point", "coordinates": [127.02298564779302, 37.154864004507175]}}, {"type": "Feature", "properties": {"n": "(주)한솔안전 화성점", "base": "한솔안전", "emp": 25, "kind": "관외 본사 추정(지점)", "hq": null, "dart": null, "listed": false, "fy": null, "sales": null, "pretax": null, "ctax": null, "emp_all": 25, "share": 0.7, "res": 0.5, "lis": null, "yr_hs": 0.5, "ind": "유리 및 창호 공사업", "dong": "배양동", "addr": "경기도 화성시 효행구", "loc": "road"}, "geometry": {"type": "Point", "coordinates": [126.99321212445493, 37.22641905477721]}}, {"type": "Feature", "properties": {"n": "햅코슬라이드시스템즈리미티드", "base": "햅코슬라이드시스템즈리미티드", "emp": 25, "kind": "미확인", "hq": null, "dart": null, "listed": false, "fy": null, "sales": null, "pretax": null, "ctax": null, "emp_all": 25, "share": 1.0, "res": 0.5, "lis": null, "yr_hs": 0.5, "ind": "BIZ_NO미존재사업장", "dong": "정남면", "addr": "경기도 화성시 효행구 정남면", "loc": "road"}, "geometry": {"type": "Point", "coordinates": [126.9483561095081, 37.17378137716518]}}, {"type": "Feature", "properties": {"n": "호연고등학교", "base": "호연고등", "emp": 25, "kind": "미확인", "hq": null, "dart": null, "listed": false, "fy": null, "sales": null, "pretax": null, "ctax": null, "emp_all": 25, "share": 1.0, "res": 0.5, "lis": null, "yr_hs": 0.5, "ind": "해당없음", "dong": "장지동", "addr": "경기도 화성시 동탄구", "loc": "road"}, "geometry": {"type": "Point", "coordinates": [127.10345852461433, 37.16088754107534]}}, {"type": "Feature", "properties": {"n": "주식회사화봄", "base": "화봄", "emp": 25, "kind": "미확인", "hq": null, "dart": null, "listed": false, "fy": null, "sales": null, "pretax": null, "ctax": null, "emp_all": 25, "share": 1.0, "res": 0.5, "lis": null, "yr_hs": 0.5, "ind": "비디오 및 기타 영상 기기 제조업", "dong": "팔탄면", "addr": "경기도 화성시 만세구 팔탄면", "loc": "road"}, "geometry": {"type": "Point", "coordinates": [126.86394375375713, 37.12429590097497]}}, {"type": "Feature", "properties": {"n": "화성시청 일자리정책과(신중년재도약희망사업)", "base": "화성시청일자리정책과", "emp": 25, "kind": "미확인", "hq": null, "dart": null, "listed": false, "fy": null, "sales": null, "pretax": null, "ctax": null, "emp_all": 25, "share": 1.0, "res": 0.5, "lis": null, "yr_hs": 0.5, "ind": "비주거용 건물 임대업(점포  자기땅)", "dong": "남양읍", "addr": "경기도 화성시 만세구 남양읍", "loc": "road"}, "geometry": {"type": "Point", "coordinates": [126.81863608303317, 37.20818831660475]}}, {"type": "Feature", "properties": {"n": "화성지역자활센터-청소", "base": "화성지역자활", "emp": 25, "kind": "비영리", "hq": null, "dart": null, "listed": false, "fy": null, "sales": null, "pretax": null, "ctax": null, "emp_all": 25, "share": 0.4, "res": 0.5, "lis": null, "yr_hs": 0.5, "ind": "건축물 일반 청소업", "dong": "향남읍", "addr": "경기도 화성시 만세구 향남읍", "loc": "road"}, "geometry": {"type": "Point", "coordinates": [126.90048198575799, 37.09602772747527]}}, {"type": "Feature", "properties": {"n": "희망실버케어센터", "base": "희망실버케어", "emp": 25, "kind": "비영리", "hq": null, "dart": null, "listed": false, "fy": null, "sales": null, "pretax": null, "ctax": null, "emp_all": 25, "share": 0.7, "res": 0.5, "lis": null, "yr_hs": 0.5, "ind": "BIZ_NO미존재사업장", "dong": "장안면", "addr": "경기도 화성시 만세구 장안면", "loc": "road"}, "geometry": {"type": "Point", "coordinates": [126.8304055321207, 37.12029745644922]}}, {"type": "Feature", "properties": {"n": "우리관리(주)/힐스테이트 봉담 관리사무소", "base": "우리관리힐스테이트봉담관리사무소", "emp": 25, "kind": "관외 본사", "hq": "경기도 안양시", "dart": "우리관리(주)", "listed": false, "fy": null, "sales": null, "pretax": null, "ctax": null, "emp_all": 1500, "share": 0.0, "res": 0.5, "lis": null, "yr_hs": 0.5, "ind": "사업시설 유지ㆍ관리 서비스업", "dong": "봉담읍", "addr": "경기도 화성시 효행구 봉담읍", "loc": "road"}, "geometry": {"type": "Point", "coordinates": [126.95003385459873, 37.22827363074507]}}, {"type": "Feature", "properties": {"n": "주식회사 새누", "base": "새누", "emp": 25, "kind": "관외 본사", "hq": "서울특별시 금천구", "dart": "주식회사 새누", "listed": false, "fy": null, "sales": null, "pretax": null, "ctax": null, "emp_all": 1500, "share": 0.0, "res": 0.5, "lis": null, "yr_hs": 0.5, "ind": "기타 주변 기기 제조업", "dong": "향남읍", "addr": "경기도 화성시 만세구 향남읍 만년로151번길", "loc": "bldg"}, "geometry": {"type": "Point", "coordinates": [126.975862, 37.133764]}}, {"type": "Feature", "properties": {"n": "주식회사에스아이하우징", "base": "에스아이하우징", "emp": 25, "kind": "관외 본사", "hq": "경기도 안산시", "dart": "(주)에스아이하우징", "listed": false, "fy": null, "sales": null, "pretax": null, "ctax": null, "emp_all": 1500, "share": 0.0, "res": 0.5, "lis": null, "yr_hs": 0.5, "ind": "해당없음", "dong": "남양읍", "addr": "경기도 화성시 만세구 남양읍", "loc": "road"}, "geometry": {"type": "Point", "coordinates": [126.828288472866, 37.19718149820747]}}, {"type": "Feature", "properties": {"n": "(주)썬앤쉴드(1공장)", "base": "썬앤쉴드", "emp": 25, "kind": "관외 본사", "hq": "경기도 시흥시", "dart": "(주)썬앤쉴드", "listed": false, "fy": null, "sales": null, "pretax": null, "ctax": null, "emp_all": 1500, "share": 0.0, "res": 0.5, "lis": null, "yr_hs": 0.5, "ind": "비주거용 건물 임대업(점포  자기땅)", "dong": "장안면", "addr": "경기도 화성시 만세구 장안면", "loc": "road"}, "geometry": {"type": "Point", "coordinates": [126.84852482471814, 37.0718388818069]}}, {"type": "Feature", "properties": {"n": "(주)케이티팝스/봉담자이라젠느 아파트 입주자 대표회의", "base": "케이티팝스봉담자이라젠느아파트입주자대표회의", "emp": 25, "kind": "관외 본사", "hq": "경기도 수원시", "dart": "(주)케이티팝스", "listed": false, "fy": null, "sales": null, "pretax": null, "ctax": null, "emp_all": 1500, "share": 0.0, "res": 0.5, "lis": null, "yr_hs": 0.5, "ind": "경비 및 경호 서비스업", "dong": "봉담읍", "addr": "경기도 화성시 효행구 봉담읍", "loc": "road"}, "geometry": {"type": "Point", "coordinates": [126.96797445465225, 37.218602456759875]}}, {"type": "Feature", "properties": {"n": "(주)태신인팩 화성사업장", "base": "태신인팩", "emp": 25, "kind": "관외 본사", "hq": "서울특별시 금천구", "dart": "(주) 태신인팩", "listed": false, "fy": null, "sales": null, "pretax": null, "ctax": null, "emp_all": 1500, "share": 0.0, "res": 0.5, "lis": null, "yr_hs": 0.5, "ind": "기타 종이 및 판지 제조업", "dong": "정남면", "addr": "경기도 화성시 효행구 정남면", "loc": "road"}, "geometry": {"type": "Point", "coordinates": [127.00155819896148, 37.168709668087075]}}, {"type": "Feature", "properties": {"n": "세화종합관리주식회사/동탄메타폴리스아파트", "base": "세화종합관리동탄메타폴리스아파트", "emp": 25, "kind": "관외 본사", "hq": "서울특별시 관악구", "dart": "세화종합관리 주식회사", "listed": false, "fy": null, "sales": null, "pretax": null, "ctax": null, "emp_all": 1500, "share": 0.0, "res": 0.5, "lis": null, "yr_hs": 0.5, "ind": "건축물 일반 청소업", "dong": "반송동", "addr": "경기도 화성시 동탄구", "loc": "road"}, "geometry": {"type": "Point", "coordinates": [127.06982240915409, 37.19453865782707]}}, {"type": "Feature", "properties": {"n": "비아생명공학주식회사(화성지점)", "base": "비아생명공학", "emp": 25, "kind": "관외 본사", "hq": "서울특별시 중구", "dart": "비아생명공학(주)", "listed": false, "fy": null, "sales": null, "pretax": null, "ctax": null, "emp_all": 1500, "share": 0.0, "res": 0.5, "lis": null, "yr_hs": 0.5, "ind": "귀금속 및 관련제품 제조업", "dong": "향남읍", "addr": "경기도 화성시 만세구 향남읍", "loc": "road"}, "geometry": {"type": "Point", "coordinates": [126.97724948939748, 37.1364547962501]}}, {"type": "Feature", "properties": {"n": "(주)제이비대흥 화성지점", "base": "제이비", "emp": 25, "kind": "관외 본사", "hq": "경기도 군포시", "dart": "주식회사 제이비대흥", "listed": false, "fy": null, "sales": null, "pretax": null, "ctax": null, "emp_all": 750, "share": 0.0, "res": 0.5, "lis": null, "yr_hs": 0.5, "ind": "판지 상자 및 용기 제조업", "dong": "장안면", "addr": "경기도 화성시 만세구 장안면", "loc": "road"}, "geometry": {"type": "Point", "coordinates": [126.82839976344366, 37.088386428642686]}}, {"type": "Feature", "properties": {"n": "(주)동민수산스시츠카무동탄", "base": "동민수산스시츠카무", "emp": 25, "kind": "관외 본사", "hq": "서울특별시 강남구", "dart": "(주) 동민수산", "listed": false, "fy": null, "sales": null, "pretax": null, "ctax": null, "emp_all": 400, "share": 0.0, "res": 0.5, "lis": null, "yr_hs": 0.5, "ind": "일식 음식점업", "dong": "여울동", "addr": "경기도 화성시 동탄구", "loc": "road"}, "geometry": {"type": "Point", "coordinates": [127.09815664522718, 37.19586376070808]}}, {"type": "Feature", "properties": {"n": "이도리브앳디 주식회사", "base": "이도리브앳디", "emp": 25, "kind": "관외 본사", "hq": "경상남도 거창군", "dart": "이도리브앳디거창 주식회사", "listed": false, "fy": null, "sales": null, "pretax": null, "ctax": null, "emp_all": 400, "share": 0.0, "res": 0.5, "lis": null, "yr_hs": 0.5, "ind": "기숙사 및 고시원 운영업", "dong": "매송면", "addr": "경기도 화성시 효행구 매송면", "loc": "road"}, "geometry": {"type": "Point", "coordinates": [126.94619972398854, 37.24463205084233]}}, {"type": "Feature", "properties": {"n": "주식회사에스에프이", "base": "에스에프이", "emp": 25, "kind": "관외 본사", "hq": "충청남도 천안시", "dart": "(주)에스에프이", "listed": false, "fy": null, "sales": null, "pretax": null, "ctax": null, "emp_all": 1500, "share": 0.0, "res": 0.5, "lis": null, "yr_hs": 0.5, "ind": "산업용 로봇 제조업", "dong": "비봉면", "addr": "경기도 화성시 효행구 비봉면", "loc": "road"}, "geometry": {"type": "Point", "coordinates": [126.85953579940477, 37.2246750035717]}}, {"type": "Feature", "properties": {"n": "주식회사피앤피", "base": "피앤피", "emp": 25, "kind": "관외 본사", "hq": "경상북도 포항시", "dart": "(주)피앤피", "listed": false, "fy": null, "sales": null, "pretax": null, "ctax": null, "emp_all": 1500, "share": 0.0, "res": 0.5, "lis": null, "yr_hs": 0.5, "ind": "목재 도구 및 주방용 나무제품 제조업", "dong": "반정동", "addr": "경기도 화성시 병점구", "loc": "road"}, "geometry": {"type": "Point", "coordinates": [127.0253234366555, 37.22849587634002]}}, {"type": "Feature", "properties": {"n": "플루오르테크주식회사 화성지점", "base": "플루오르테크", "emp": 25, "kind": "관외 본사", "hq": "경상북도 구미시", "dart": "플루오르테크 주식회사 ", "listed": false, "fy": null, "sales": null, "pretax": null, "ctax": null, "emp_all": 1500, "share": 0.0, "res": 0.5, "lis": null, "yr_hs": 0.5, "ind": "금속 탱크 및 저장 용기 제조업", "dong": "영천동", "addr": "경기도 화성시 동탄구", "loc": "road"}, "geometry": {"type": "Point", "coordinates": [127.10414111853503, 37.172068388707345]}}, {"type": "Feature", "properties": {"n": "우평건설(주)", "base": "우평건설", "emp": 25, "kind": "관외 본사", "hq": "경상북도 포항시", "dart": "우평건설 주식회사 ", "listed": false, "fy": null, "sales": null, "pretax": null, "ctax": null, "emp_all": 1500, "share": 0.0, "res": 0.5, "lis": null, "yr_hs": 0.5, "ind": "기타 토목 시설물 건설업", "dong": "영천동", "addr": "경기도 화성시 동탄구", "loc": "road"}, "geometry": {"type": "Point", "coordinates": [127.09140681114013, 37.210223562598784]}}, {"type": "Feature", "properties": {"n": "코데코(주)", "base": "코데코", "emp": 25, "kind": "관외 본사", "hq": "광주광역시 동구", "dart": "주식회사 코데코", "listed": false, "fy": null, "sales": null, "pretax": null, "ctax": null, "emp_all": 400, "share": 0.0, "res": 0.5, "lis": null, "yr_hs": 0.5, "ind": "합성수지 및 기타 플라스틱 물질 제조업", "dong": "마도면", "addr": "경기도 화성시 만세구 마도면", "loc": "road"}, "geometry": {"type": "Point", "coordinates": [126.76668716725209, 37.17125798353044]}}, {"type": "Feature", "properties": {"n": "(주)뉴리더스투어여행사", "base": "뉴리더스투어여행사", "emp": 25, "kind": "관외 본사", "hq": "전라남도 광양시", "dart": "뉴리더스 주식회사", "listed": false, "fy": null, "sales": null, "pretax": null, "ctax": null, "emp_all": 1500, "share": 0.0, "res": 0.5, "lis": null, "yr_hs": 0.5, "ind": "사업 및 무형 재산권 중개업", "dong": "매송면", "addr": "경기도 화성시 효행구 매송면", "loc": "road"}, "geometry": {"type": "Point", "coordinates": [126.91699120571411, 37.245591706922355]}}, {"type": "Feature", "properties": {"n": "루시아홀딩스주식회사", "base": "루시아홀딩스", "emp": 25, "kind": "관외 본사", "hq": "서울특별시 강남구", "dart": "루시아홀딩스 주식회사", "listed": false, "fy": null, "sales": null, "pretax": null, "ctax": null, "emp_all": 750, "share": 0.0, "res": 0.5, "lis": null, "yr_hs": 0.5, "ind": "부동산 투자 자문업", "dong": "영천동", "addr": "경기도 화성시 동탄구", "loc": "road"}, "geometry": {"type": "Point", "coordinates": [127.08906497062337, 37.16984450078131]}}]}