{"type":"FeatureCollection","features":[{"type":"Feature","properties":{"dong":"봉담읍","gu":"효행구","n_tax":485,"tax3":438,"hs3":38,"n_res":26,"res":5.3,"yr_hs":24,"n":9751,"emp":13682,"sales":51584,"cap3":602,"nps":9324},"geometry":{"type":"MultiPolygon","coordinates":[[[[126.970393301137,37.2291967448796],[126.971047303355,37.228602069852],[126.971694833387,37.2273632206029],[126.971909749036,37.2255213617287],[126.972195780818,37.2247135749969],[126.97394882806,37.2222470360516],[126.975114058758,37.2219378419729],[126.976605021199,37.2219996507499],[126.977929016905,37.2205283264134],[126.979944609535,37.2168177413788],[126.979793010822,37.2151979882181],[126.981611433639,37.2132983721485],[126.980109829872,37.2128613713093],[126.979755736752,37.2125217914409],[126.979240448645,37.2099093059965],[126.979252344633,37.2087956674796],[126.979985734854,37.2068226275211],[126.98057312943,37.2065404014863],[126.981516206393,37.2057327416547],[126.985102830929,37.2019412963138],[126.985565881853,37.2002328986886],[126.984169955701,37.1985976478628],[126.98373180749,37.1975822027878],[126.983868709553,37.1964927137215],[126.984217598455,37.1957267803581],[126.983066100887,37.1961442950912],[126.982258203378,37.1969892118027],[126.982360093761,37.1970736002019],[126.980737240736,37.1977802964686],[126.978799903091,37.1980771390744],[126.976168966572,37.1975415928518],[126.976126278006,37.1970952097649],[126.976288814998,37.196912269403],[126.975412897778,37.1965726034519],[126.972680502534,37.196571756432],[126.970293822124,37.1971751893852],[126.96845560096,37.1981979356453],[126.967878767281,37.1983046410739],[126.961860225614,37.196856610346],[126.956922138248,37.1964152307103],[126.954143769635,37.1959836188976],[126.95149971504,37.1948091182055],[126.95020457981,37.1938647056766],[126.95265862594,37.1892821192202],[126.951109292843,37.1871208793768],[126.950025040709,37.185198962145],[126.949565249969,37.1839359896674],[126.94947167428,37.1827637724449],[126.949771240705,37.1816507601503],[126.950790561062,37.1787642361536],[126.951608116038,37.1778711252739],[126.951393034822,37.1749080998053],[126.948603659268,37.1742166604489],[126.94492105261,37.1721656444106],[126.944240798842,37.171066338072],[126.945111976054,37.1678841041923],[126.945672835464,37.1646627058622],[126.94492012724,37.1593938421849],[126.94460452635,37.1586588416513],[126.943241529024,37.1572552649137],[126.943031266333,37.1542537181469],[126.943873145711,37.1528018976817],[126.946029746773,37.1505776307126],[126.946075301327,37.1498319271271],[126.945206174548,37.1452926491286],[126.944406843846,37.1444066514954],[126.941827452887,37.1430762286422],[126.940301620853,37.1434769139717],[126.939744525198,37.1443937176725],[126.937901130953,37.1451883726175],[126.935682833035,37.1454752967706],[126.934024392609,37.1445634076683],[126.932974397582,37.1435401162011],[126.931691120583,37.143396504444],[126.93059510921,37.1435320849755],[126.929419348301,37.1445471050537],[126.928824339777,37.1461658750816],[126.929063785201,37.1479224718916],[126.931485341565,37.1492670621478],[126.933003842701,37.1494940598688],[126.934053940228,37.1502472484263],[126.934898277982,37.1519819796022],[126.935824966475,37.1553685065171],[126.936613459022,37.1571180065614],[126.93804644106,37.1570091261074],[126.935519037373,37.161172185158],[126.934819203832,37.1616315776002],[126.932884791866,37.1611034102087],[126.930348980463,37.1611403864477],[126.927641987323,37.1616023105346],[126.926105258521,37.1610213608103],[126.924011620595,37.1581390573905],[126.921815529983,37.1557690474194],[126.920418116811,37.1545069795098],[126.919898679573,37.1543219032648],[126.919407756289,37.1543668222766],[126.916990064546,37.1557363683309],[126.914873138555,37.1599753351659],[126.915070299195,37.1635443418941],[126.915362613637,37.1652573273485],[126.915535732,37.1659038126022],[126.916515418009,37.1673069447051],[126.917381519211,37.1674621914161],[126.917978855205,37.1672307606116],[126.921346855721,37.168312041082],[126.919459434066,37.1705270233983],[126.917213546888,37.1758623940664],[126.917355500573,37.1765358221664],[126.919438611018,37.1783094181653],[126.921056095497,37.1792018324574],[126.921515325906,37.1813956132536],[126.921505566384,37.182952737884],[126.919795104528,37.1879437740282],[126.920151548913,37.188570866516],[126.919970101017,37.1896460273926],[126.916639437029,37.191280365408],[126.914846426619,37.1918450394924],[126.904207622505,37.1924444101791],[126.899903631283,37.1940407311591],[126.900429966644,37.1943509618607],[126.901981430708,37.1962179408264],[126.902980979997,37.1974398727572],[126.903530300158,37.1984217562292],[126.904680739671,37.1990033408415],[126.906106707981,37.1992042990583],[126.906547486289,37.2001157946387],[126.908343451984,37.2074199794531],[126.907578258061,37.2115010815434],[126.9071190771,37.2120362712618],[126.906225032546,37.2125084068198],[126.904685427998,37.2139181252514],[126.903902272674,37.2149744548435],[126.903369938756,37.2168275262173],[126.905364972769,37.2183417627199],[126.907131047768,37.2206784723703],[126.909426032566,37.224223410756],[126.908295021004,37.2303923235803],[126.90726486269,37.2333741684365],[126.908340371923,37.2344161500968],[126.912119475398,37.2355402855421],[126.912393706595,37.2366210859306],[126.912369122052,37.2386029336201],[126.912172505912,37.2390673221474],[126.91259009635,37.2399953509542],[126.914110852496,37.2411669463258],[126.91477632744,37.2415015378858],[126.915899079633,37.2415634183945],[126.921898801758,37.2398723250875],[126.924688945451,37.2388864924726],[126.925361931458,37.2383206251065],[126.925090539089,37.236486188682],[126.925247078906,37.2345241883661],[126.926207127673,37.2343722373422],[126.926738698548,37.2345179081885],[126.928127185307,37.2352998210708],[126.929625331052,37.2378974296245],[126.929537869932,37.2401527479913],[126.930139580076,37.2418457592311],[126.930670849998,37.2426956250821],[126.932095799916,37.243245557406],[126.933914686115,37.2436265107941],[126.937807993141,37.2429505662894],[126.93987363527,37.2419665678938],[126.940792656104,37.2408036063517],[126.942361490134,37.2392936550235],[126.944215088212,37.2389910137711],[126.945821749281,37.2390830565048],[126.946863972469,37.239452986227],[126.947268743106,37.2398931795921],[126.948008143713,37.2414087186116],[126.948142040085,37.2427603081114],[126.949601850385,37.2430882242175],[126.953842157539,37.2428565936051],[126.955748568235,37.2445836531628],[126.956677890248,37.2451884435362],[126.957312380772,37.2441761906208],[126.957958601486,37.2425982722327],[126.957992095964,37.2412666709224],[126.957604775613,37.2405449079529],[126.957350733323,37.2403995208155],[126.95776467963,37.2397648064407],[126.960951611519,37.2381083939719],[126.96200315138,37.2376793790719],[126.962985087568,37.2375249649548],[126.966954232836,37.2356251768414],[126.967700324939,37.2348364305163],[126.968994552904,37.2316400235986],[126.969246441473,37.2306735532389],[126.970393301137,37.2291967448796]]]]}},{"type":"Feature","properties":{"dong":"우정읍","gu":"만세구","n_tax":341,"tax3":610,"hs3":55,"n_res":23,"res":4.4,"yr_hs":31,"n":3362,"emp":9095,"sales":45159,"cap3":2142,"nps":6321},"geometry":{"type":"MultiPolygon","coordinates":[[[[126.559294310589,37.0617903972899],[126.553668774359,37.0583489379101],[126.552884816002,37.0592926466479],[126.555849577147,37.0629976023617],[126.557412379421,37.0644848565846],[126.557336958041,37.0637710428664],[126.557764911375,37.0629588802004],[126.558538345182,37.0621587031879],[126.559294310589,37.0617903972899]]],[[[126.731697624642,37.0722263623334],[126.730873051014,37.0720734123276],[126.730319359652,37.0721791155641],[126.730302296945,37.0731716829147],[126.731912155679,37.0777229677385],[126.732776365345,37.0791934173132],[126.734711672643,37.0812645489946],[126.735810820956,37.0829999834104],[126.735758752271,37.0861557035566],[126.735273654777,37.0881052867],[126.735259674015,37.0926449306183],[126.735332233781,37.0930520988276],[126.735832794815,37.0931387065842],[126.736398949744,37.0928572837125],[126.737430832685,37.0917867425683],[126.739289179204,37.0880961473156],[126.739444925563,37.0865140488121],[126.740516196484,37.0848791968358],[126.741949455743,37.0832286756819],[126.742301073182,37.0822993177319],[126.742652665635,37.0799035904198],[126.742669004194,37.0776253828215],[126.742509534816,37.0767623915912],[126.742013568474,37.0761530240771],[126.741122947332,37.0756357797766],[126.737777755643,37.0748402432528],[126.73382910593,37.0735111378202],[126.732706374044,37.07301148495],[126.731697624642,37.0722263623334]]],[[[126.539851444554,37.0994514745266],[126.539098448366,37.0990506907401],[126.537864750458,37.103560043726],[126.537194702629,37.1069855277997],[126.537037030695,37.1089380135119],[126.53794955742,37.1107572182262],[126.537497883766,37.112430139611],[126.538400677527,37.1124092970115],[126.540168963658,37.1118095533996],[126.540564389306,37.111189667332],[126.541035440521,37.1097591391914],[126.541667338402,37.1027615943706],[126.539851444554,37.0994514745266]]],[[[126.806853682414,37.0127236602624],[126.796914789429,37.0120600843709],[126.796659797392,37.016020359052],[126.796222982605,37.0169146838764],[126.795030874221,37.0180357731404],[126.794562923769,37.0257917093863],[126.789059824302,37.0291718662601],[126.76567911361,37.0293314549153],[126.751005638798,37.0292510071491],[126.749756696203,37.029563120057],[126.748818253808,37.0300980329801],[126.744751988697,37.0363190353745],[126.744354544643,37.0391942747387],[126.744797831287,37.0416241564969],[126.748367383521,37.049035044381],[126.756588862074,37.0563860476107],[126.768953967701,37.0601406252867],[126.770181838574,37.0638462703006],[126.766587405826,37.063695649153],[126.762886370882,37.062798354812],[126.761338433394,37.0680788721051],[126.764127924894,37.0689728331111],[126.764311191815,37.0703778837712],[126.764056816229,37.0718929659281],[126.763985915757,37.0721730731813],[126.76349655309,37.072318786387],[126.762770993654,37.0752224565132],[126.76366797365,37.0812043804885],[126.764945639966,37.0846985080719],[126.76423903261,37.0865059593814],[126.764735865703,37.0877789019665],[126.765596413002,37.0893312767321],[126.766595868476,37.0891695754887],[126.767109101863,37.0909361288079],[126.766284190022,37.0931939429115],[126.768234908879,37.0957013923692],[126.769841452521,37.099498615175],[126.770330192236,37.1014799329532],[126.770237033763,37.1028325982831],[126.769822730747,37.1038610311966],[126.769043973715,37.1029942633709],[126.766346598764,37.1037190115826],[126.765269059333,37.1049529004911],[126.765342041491,37.1059178577209],[126.75863950954,37.1106659840535],[126.758272721162,37.1110569280968],[126.758064865349,37.1115964707352],[126.758170881804,37.1125548761928],[126.759404917448,37.1162932813588],[126.759809852312,37.1171172141887],[126.763822753662,37.1224064015213],[126.768739817578,37.1278959612706],[126.772169879425,37.1278956622789],[126.773999500397,37.1283046078922],[126.775515398254,37.1299015827534],[126.776099715805,37.1322992705928],[126.782704277414,37.1351170172087],[126.78341540783,37.1348486429949],[126.78682172846,37.1326877898096],[126.787486281954,37.1298027867114],[126.794926551937,37.1290145303179],[126.795445989002,37.1306740216248],[126.795571232865,37.1337857361993],[126.795762377226,37.1344201090933],[126.801126856003,37.1386546529122],[126.810377419146,37.1401600940812],[126.81194994624,37.1394143070098],[126.816783664386,37.13574312856],[126.824259014606,37.1296271255764],[126.823924166842,37.1270066321354],[126.824478487753,37.1262289478757],[126.825821684057,37.1254309629331],[126.827674875301,37.124958107156],[126.828598359425,37.1237182057142],[126.831036449532,37.1175360101725],[126.82774954341,37.1172300888423],[126.822616463123,37.1171073507503],[126.814174529874,37.1163162823273],[126.813853612317,37.1160979885109],[126.814332061539,37.1103926894922],[126.814836478956,37.1084350417748],[126.815230346673,37.1084117162507],[126.818992702909,37.1070550418426],[126.822275822943,37.1054411752888],[126.824920740784,37.1026506242398],[126.829781454437,37.1021227048982],[126.832633785899,37.100497098491],[126.83361415355,37.0988192170706],[126.832115723302,37.0980592451329],[126.828403834222,37.0966726469492],[126.827506413674,37.0958765680557],[126.828520151359,37.092259763939],[126.82903110125,37.0912468188058],[126.827391396349,37.0878826458313],[126.826389812258,37.0868791883545],[126.823920585082,37.086498396748],[126.822535595245,37.0851147112362],[126.82335014989,37.0836613695994],[126.814749241572,37.0799307976067],[126.814164988867,37.0808670731306],[126.81224693093,37.0813056157839],[126.810241975841,37.0811745349347],[126.806887529782,37.0796653941404],[126.806689100672,37.0777509361022],[126.807303280664,37.0744666705738],[126.808406979983,37.0734026827179],[126.809899325365,37.0733617973303],[126.81029557377,37.0731612840721],[126.81206756928,37.0707966688587],[126.808405106161,37.0685162324399],[126.805337348726,37.0669170986917],[126.800124376914,37.0660808327962],[126.795818534588,37.0587545055702],[126.795823986114,37.056321418566],[126.797773034018,37.0550817511836],[126.801515920386,37.0521261105967],[126.801512456719,37.0517745188242],[126.800971861027,37.0507076630608],[126.802774229949,37.04915318528],[126.807489743979,37.0478433501648],[126.81016526886,37.0475659524923],[126.810637013019,37.0467743210932],[126.812480835414,37.0412931294852],[126.812755673444,37.0377921852804],[126.8127516958,37.0255874568711],[126.806618937917,37.0255833289134],[126.806440385022,37.0165477882454],[126.806853682414,37.0127236602624]]]]}},{"type":"Feature","properties":{"dong":"향남읍","gu":"만세구","n_tax":840,"tax3":3182,"hs3":286,"n_res":66,"res":34.6,"yr_hs":177,"n":10881,"emp":30496,"sales":147901,"cap3":5674,"nps":25577},"geometry":{"type":"MultiPolygon","coordinates":[[[[126.999137973824,37.1236351581249],[126.998098328394,37.1230877670646],[126.997599787266,37.123353803748],[126.997133031754,37.1233968955537],[126.994878072213,37.1227664598751],[126.993291740908,37.1215754567913],[126.992283426868,37.1194866209444],[126.990765244227,37.1190609516613],[126.987915548074,37.1205844618818],[126.986779717915,37.1209446233211],[126.985004051021,37.1207768058718],[126.983258366095,37.120165348668],[126.980285458116,37.119813922024],[126.979100065295,37.1216918338052],[126.977088582025,37.1230509106144],[126.976444393943,37.1227290525848],[126.975797945169,37.1197416389199],[126.972133495679,37.1136892716858],[126.971651557268,37.1110009172298],[126.971721769743,37.1097043183282],[126.971447499443,37.1090867520644],[126.968166366798,37.1073210798778],[126.966567115388,37.1080457103096],[126.95810334203,37.108694119026],[126.955494618788,37.108357658171],[126.955043582654,37.1079962142794],[126.954461688253,37.1070460922692],[126.95488157307,37.1045801636904],[126.954748377727,37.1024532578905],[126.954079149065,37.1008344684783],[126.953915089809,37.0995852512647],[126.954069471592,37.097772987806],[126.954603781177,37.0973123435522],[126.954243648724,37.094081359708],[126.953197545522,37.0927525838347],[126.949887359876,37.0921468460481],[126.948065529015,37.0922904950383],[126.944821239919,37.0933514286052],[126.945301912347,37.0950528381947],[126.945859777663,37.0999580255219],[126.945514673412,37.1008893779227],[126.943617008721,37.1007948545029],[126.938225224163,37.1034421299676],[126.936344491888,37.1056101220502],[126.932990795446,37.1055932127585],[126.932559888627,37.105274322129],[126.932268205302,37.1046667298317],[126.932298315339,37.1037541859589],[126.93175417691,37.1024006341394],[126.931213292279,37.1017388304932],[126.928721570735,37.1001065589941],[126.925671019924,37.099005617545],[126.92574450594,37.0968166602833],[126.927210112596,37.0874948708175],[126.926850297153,37.0818517281062],[126.920695049229,37.079951380017],[126.918628072687,37.0797249256316],[126.916598600976,37.0802039792804],[126.91105054206,37.0785787955987],[126.910926751152,37.0776745084372],[126.909211799146,37.0760411723242],[126.902069246969,37.0720368861004],[126.901314081005,37.0704330588944],[126.900824589867,37.0700948087693],[126.891376620148,37.0670269530331],[126.889021020484,37.0668154041389],[126.888744096153,37.0669919535073],[126.884153285708,37.0666268490913],[126.883762839175,37.0664839331916],[126.883518614609,37.0694720346819],[126.882872737012,37.0724794112827],[126.881825833723,37.076030392999],[126.878527113386,37.0855520254222],[126.878219782866,37.0869307291086],[126.878168465157,37.0883051179311],[126.878276667896,37.0892645652757],[126.879830783316,37.0934945939072],[126.882482307511,37.0955637544582],[126.886844599242,37.1000540322482],[126.888454946377,37.1035936350565],[126.888318270443,37.1049226097627],[126.887713271372,37.1052878441405],[126.887052810187,37.1050756014868],[126.885117424323,37.1070727292048],[126.88701102761,37.110302860784],[126.889542950251,37.11544041799],[126.889849857062,37.1162070706755],[126.890314817013,37.1189111862837],[126.889676533521,37.1222883765965],[126.886869191228,37.1243271090529],[126.892409017882,37.1353267235122],[126.893112874687,37.1345990624037],[126.894835303316,37.1349571281135],[126.895611728756,37.1363526740616],[126.895999003978,37.1386284559499],[126.897412489025,37.1406063480583],[126.898775605127,37.1410504528553],[126.90351626449,37.1479960876905],[126.906386094215,37.1495575347805],[126.911624767019,37.1475273213916],[126.911667857804,37.1461438746096],[126.910978935028,37.1436841164991],[126.91049428773,37.1406608626235],[126.914095774507,37.1402280152348],[126.916118020518,37.1406289899221],[126.91747069226,37.1416204263337],[126.920567152363,37.1427116153046],[126.922475634849,37.1425474534872],[126.928094384768,37.1455290643347],[126.928824339777,37.1461658750816],[126.929419348301,37.1445471050537],[126.93059510921,37.1435320849755],[126.931691120583,37.143396504444],[126.932974397582,37.1435401162011],[126.934024392609,37.1445634076683],[126.935682833035,37.1454752967706],[126.937901130953,37.1451883726175],[126.939744525198,37.1443937176725],[126.940301620853,37.1434769139717],[126.941827452887,37.1430762286422],[126.944406843846,37.1444066514954],[126.945206174548,37.1452926491286],[126.946075301327,37.1498319271271],[126.946029746773,37.1505776307126],[126.948228847193,37.1500414100036],[126.951752387589,37.1485445210602],[126.952383802406,37.1481384257026],[126.952545505627,37.1455295881211],[126.955417944333,37.1435135253843],[126.958555025958,37.1425465184463],[126.966694229717,37.1436053623671],[126.96760892646,37.1443351097715],[126.969170748203,37.1447116929525],[126.974221511094,37.1433155417919],[126.978819832054,37.1432927121433],[126.982223875353,37.1414499856636],[126.982453555671,37.1390363334612],[126.982089063892,37.1360364190743],[126.982139142332,37.1351949450913],[126.983122339007,37.1338504429627],[126.984030418249,37.1335671287516],[126.986229684254,37.1312285004996],[126.987208768345,37.1297217450415],[126.990578821088,37.1287188053731],[126.991283371876,37.1287894369201],[126.993119345927,37.1298080114172],[126.996175214563,37.1291811023333],[126.997029055253,37.1283722612862],[126.997322155112,37.1278867409563],[126.997108645957,37.126764701677],[126.996794275539,37.1261053353237],[126.996773836674,37.1247330814043],[126.997484567336,37.1241026235308],[126.999137973824,37.1236351581249]]]]}},{"type":"Feature","properties":{"dong":"남양읍","gu":"만세구","n_tax":640,"tax3":1153,"hs3":99,"n_res":26,"res":8.4,"yr_hs":56,"n":7237,"emp":15913,"sales":77911,"cap3":4767,"nps":12096},"geometry":{"type":"MultiPolygon","coordinates":[[[[126.840969611901,37.2659207210368],[126.838377063842,37.2638334595164],[126.834058662187,37.2577012708829],[126.834425132907,37.2544311821434],[126.834204437985,37.2541235325715],[126.832677556591,37.2540820045115],[126.830765176569,37.2536399335906],[126.827548427944,37.2518758317937],[126.827281655401,37.2514816502233],[126.82637230983,37.2486562623811],[126.826608871896,37.2458306283454],[126.827155117344,37.2429661881952],[126.825392419005,37.2391275096447],[126.824938425604,37.2385187360901],[126.824484352124,37.2382355909612],[126.823701212351,37.2368486143755],[126.825270455006,37.2351809803426],[126.826808089585,37.2354185564202],[126.827973800491,37.2321879611501],[126.828375127005,37.229836480587],[126.828985771719,37.2296202261564],[126.832811061873,37.2304654847819],[126.835518027537,37.2313427597129],[126.835827264478,37.2321522671847],[126.839132565531,37.2321335759383],[126.839969203433,37.2309099687591],[126.840490173307,37.2296375280447],[126.840931469887,37.2292850625847],[126.843366398275,37.2287014474603],[126.845232415393,37.2291568142196],[126.846271912356,37.2287152364013],[126.848509296587,37.2273495618348],[126.849975827865,37.2261531332226],[126.850958105324,37.2231005678364],[126.854824165374,37.216988808542],[126.856905992638,37.2142227095323],[126.865368418471,37.2117354299476],[126.866962579119,37.2094364084339],[126.866026922407,37.2048386912637],[126.865796954476,37.204301295928],[126.862292815592,37.1998813224581],[126.86173540274,37.1987492535326],[126.85977931187,37.1931219162758],[126.859881027977,37.1922503765567],[126.860689344509,37.1910108112948],[126.859426770262,37.1883381036805],[126.85837913547,37.188069902287],[126.857865874191,37.1877279702025],[126.857344982898,37.1867088184711],[126.856791991369,37.1850765385632],[126.856787269564,37.1847193334387],[126.85987905744,37.1788014859779],[126.863010477246,37.1767428868172],[126.864527716776,37.1755600800847],[126.864740072935,37.1740840249506],[126.86250475467,37.1706500744391],[126.862702530324,37.168812279282],[126.859139884512,37.1653688649478],[126.853372328923,37.1627336077163],[126.847650522846,37.1603924037692],[126.846059537244,37.1595115282048],[126.844891573246,37.1582238958731],[126.843349041563,37.1559878301766],[126.84302550639,37.1552277317602],[126.838406644299,37.152584561001],[126.83510414393,37.1512275227201],[126.833819649354,37.15050820101],[126.831533781224,37.1500153331222],[126.828576322407,37.149703406195],[126.824592551726,37.1495714757622],[126.82285234632,37.1497745025594],[126.821100829319,37.150375182948],[126.805496093324,37.1489101431266],[126.804511858557,37.151467719899],[126.800450315274,37.1534325330366],[126.799535377129,37.1535904854015],[126.796278793525,37.1518991165409],[126.794770828807,37.1508783301446],[126.790315223577,37.1495477577667],[126.787494089487,37.1505790347036],[126.782759949511,37.151207375256],[126.781963863909,37.1515867768455],[126.781246712067,37.1520309351261],[126.781801409803,37.1527632468329],[126.785533419133,37.1549018412933],[126.788316234157,37.1552250611779],[126.794989585841,37.1582452028293],[126.797602922959,37.1624488507156],[126.795763272485,37.1661990484105],[126.795754942381,37.1692209115237],[126.796189354537,37.1704302398266],[126.794794258711,37.1715419345712],[126.793718929992,37.1719535524737],[126.792004813345,37.1731455634851],[126.792118093608,37.1753411436379],[126.79259231002,37.1765822704972],[126.795567416464,37.1797143229186],[126.797281736767,37.1863258169843],[126.797105030138,37.1888808779548],[126.797466187048,37.190214361672],[126.797956618711,37.1904080672748],[126.798253086592,37.1925503493734],[126.795529350629,37.1932891206649],[126.79194188152,37.1958017793193],[126.790661099497,37.1993163147889],[126.791397380172,37.2016314241913],[126.796270566703,37.2104662018017],[126.798351548263,37.2123376364022],[126.800211693302,37.2132567772675],[126.80135747752,37.2133728844641],[126.801856893618,37.2140608872754],[126.799264630047,37.2190945025402],[126.799056721712,37.2205490118694],[126.799328808368,37.221899474136],[126.798967796057,37.222929291497],[126.796954614583,37.2255595570467],[126.795232933589,37.2265295859],[126.793255318312,37.229172501712],[126.793164129468,37.2295853608339],[126.79246489354,37.2307507389055],[126.790770598269,37.2324633840012],[126.790506522125,37.2325689115221],[126.786410703496,37.232984768457],[126.78630689575,37.2333864064521],[126.785149886084,37.2345106775309],[126.784337019546,37.2347142067215],[126.783098064812,37.2343709457441],[126.781598660249,37.2355629587119],[126.778297025827,37.2392453323027],[126.777779164653,37.2407914321847],[126.778063275062,37.2459490957283],[126.782255145572,37.2451712203613],[126.787652197722,37.2444398863364],[126.789362295928,37.2443746741978],[126.789523780232,37.2478245706752],[126.788091706531,37.2551746580226],[126.792742478895,37.2588024382933],[126.793040191418,37.2594520850198],[126.792824730337,37.2600321932998],[126.79209616103,37.2604750603908],[126.791537978424,37.2613618938538],[126.790112562525,37.266638882551],[126.79011038212,37.2673216657836],[126.792286517869,37.2689650742092],[126.796138306342,37.2709181237609],[126.798576652935,37.2706159872233],[126.802171704256,37.2696310640289],[126.809277694378,37.2668085891995],[126.809790541192,37.2668431269498],[126.810473978446,37.2671862573186],[126.810558140588,37.2676982832618],[126.810342861296,37.2683471529341],[126.809914302573,37.2686533797268],[126.809017570012,37.2682763280181],[126.808375574218,37.2684122918725],[126.805023168706,37.2749152986885],[126.803607327176,37.2765520020057],[126.800567769078,37.2778106646297],[126.799196103242,37.2790037305141],[126.799361920121,37.2794045229093],[126.801075761489,37.279689937737],[126.802607256946,37.2829369154652],[126.804487668692,37.2836597791198],[126.804870850338,37.2844816024604],[126.80687009016,37.2848445715994],[126.808081819044,37.2858663691213],[126.809544923269,37.2861090765462],[126.810613386655,37.2867787673551],[126.812719984012,37.286088527026],[126.813852909069,37.2850413644354],[126.813661443423,37.2846109548979],[126.811957350009,37.2840156525865],[126.81196516648,37.283157098054],[126.810987305306,37.2832684923546],[126.810755206812,37.2819402134125],[126.810124575037,37.2814682128786],[126.809815231859,37.2805785387488],[126.811782789847,37.2790484172962],[126.813764765514,37.2786111099632],[126.814846869465,37.277768534824],[126.816005495485,37.2779118309691],[126.81701069633,37.2774688208937],[126.817074737884,37.2771374578241],[126.819022205519,37.2764559421474],[126.819196029324,37.2761349668038],[126.820028334927,37.2759055864529],[126.821137989035,37.2747021086974],[126.821466920864,37.2747820490289],[126.823245202925,37.2738945996371],[126.82460260275,37.2722827163556],[126.825562501841,37.2714295876034],[126.827083076126,37.2706772069309],[126.827890188176,37.2705256820628],[126.828938857957,37.2706682270924],[126.831176982998,37.27367136557],[126.835480056951,37.270963682838],[126.837411403786,37.2706915599309],[126.840923846304,37.2669059933703],[126.841246338437,37.2663223766625],[126.840969611901,37.2659207210368]]]]}},{"type":"Feature","properties":{"dong":"매송면","gu":"효행구","n_tax":79,"tax3":100,"hs3":9,"n_res":2,"res":2.4,"yr_hs":7,"n":959,"emp":2346,"sales":19410,"cap3":77,"nps":1700},"geometry":{"type":"MultiPolygon","coordinates":[[[[126.927374559102,37.2787973463171],[126.928020686785,37.2770754369503],[126.928681820604,37.2767191287609],[126.927527124536,37.2734528478904],[126.927264684417,37.2714313396515],[126.929008192604,37.2636562670957],[126.930845736713,37.2610420583335],[126.932003884047,37.2605608689065],[126.934784057438,37.2578812665416],[126.934950258396,37.2570493990689],[126.93513238561,37.2569173127979],[126.939504048941,37.2565888227052],[126.943587782496,37.2568424238903],[126.946529725243,37.2575040886718],[126.948530660077,37.2568306205703],[126.950046117157,37.2558438848664],[126.950202896003,37.2553149815965],[126.949982613127,37.2538188360167],[126.950707760629,37.2523720859844],[126.952244335242,37.2514726296922],[126.952721015993,37.2490935743213],[126.953365752503,37.2481287086457],[126.956188084125,37.246770430228],[126.956677890248,37.2451884435362],[126.955748568235,37.2445836531628],[126.953842157539,37.2428565936051],[126.949601850385,37.2430882242175],[126.948142040085,37.2427603081114],[126.948008143713,37.2414087186116],[126.947268743106,37.2398931795921],[126.946863972469,37.239452986227],[126.946049071632,37.2391134073368],[126.944215088212,37.2389910137711],[126.942361490134,37.2392936550235],[126.940792656104,37.2408036063517],[126.93987363527,37.2419665678938],[126.937807993141,37.2429505662894],[126.933914686115,37.2436265107941],[126.932095799916,37.243245557406],[126.930670849998,37.2426956250821],[126.930139580076,37.2418457592311],[126.929537869932,37.2401527479913],[126.929625331052,37.2378974296245],[126.928127185307,37.2352998210708],[126.926738698548,37.2345179081885],[126.926207127673,37.2343722373422],[126.925247078906,37.2345241883661],[126.925090539089,37.236486188682],[126.925311947645,37.2384083983012],[126.923984760914,37.239197430513],[126.921898801758,37.2398723250875],[126.915899079633,37.2415634183945],[126.91477632744,37.2415015378858],[126.914110852496,37.2411669463258],[126.91259009635,37.2399953509542],[126.912172505912,37.2390673221474],[126.912369122052,37.2386029336201],[126.911317476068,37.2387419036429],[126.904854658442,37.2412391343708],[126.904978483296,37.2421603042368],[126.903901087527,37.2429605054056],[126.90149687538,37.2434779463538],[126.900207435489,37.2428393205356],[126.899299726502,37.2427626079305],[126.898133347639,37.2440208882194],[126.896604054394,37.2462474310042],[126.895721723742,37.2480175465949],[126.894831447606,37.2492772014593],[126.889603928484,37.2510892064024],[126.88906546483,37.2534145051582],[126.887291053708,37.2563830698085],[126.886488256862,37.2567338349413],[126.885430037151,37.2565508450933],[126.883725438663,37.2566473753011],[126.877676463213,37.2580635921261],[126.876211234322,37.2588231889975],[126.87404686485,37.260510883955],[126.873557075168,37.2605015329959],[126.869841683702,37.2594372723648],[126.867596553569,37.2596796029467],[126.867190641476,37.2601228957925],[126.866515491431,37.2614827613486],[126.866355877962,37.2643583355971],[126.864615562118,37.2668728934643],[126.86419249997,37.2670554065293],[126.863431710046,37.266996108214],[126.863081430572,37.2668229606496],[126.862886899071,37.2664016420754],[126.860394987441,37.2679994348587],[126.858567367495,37.2698869657626],[126.857039903132,37.2693779053637],[126.852724977962,37.2720366106802],[126.8579420043,37.2738834765101],[126.858224308585,37.2741779577681],[126.871321643436,37.2747090682623],[126.8766680184,37.2777209888221],[126.878154344243,37.2792340670534],[126.878270152535,37.2824659725279],[126.878529411488,37.2839456288228],[126.879010474599,37.2850389786213],[126.879693512427,37.2856668216737],[126.883300850159,37.2821814822414],[126.884046418682,37.2816197445425],[126.886180960818,37.2805288879615],[126.887810291555,37.2807874603857],[126.890913013203,37.282020360419],[126.891389444415,37.2824790792027],[126.891469445561,37.2828806434316],[126.891085871648,37.2838454119682],[126.892872686159,37.2864515533863],[126.89526432709,37.2883027739085],[126.896410926977,37.2889948062494],[126.897698625465,37.2890599559236],[126.898784610725,37.2895758866733],[126.89954818778,37.2902039722287],[126.898412362086,37.2939975428866],[126.901499465131,37.2909766525257],[126.905545564469,37.2898872117749],[126.911984728001,37.2901492298605],[126.913090171736,37.2915327111584],[126.913854917662,37.2914689059022],[126.916131622921,37.2886734495155],[126.917564283087,37.2853938357035],[126.923705870011,37.2813631459103],[126.926222983904,37.2791297591326],[126.927374559102,37.2787973463171]]]]}},{"type":"Feature","properties":{"dong":"비봉면","gu":"효행구","n_tax":233,"tax3":318,"hs3":29,"n_res":10,"res":1.6,"yr_hs":18,"n":2025,"emp":5304,"sales":21926,"cap3":4055,"nps":3437},"geometry":{"type":"MultiPolygon","coordinates":[[[[126.912369122052,37.2386029336201],[126.912393706595,37.2366210859306],[126.912119475398,37.2355402855421],[126.908340371923,37.2344161500968],[126.90726486269,37.2333741684365],[126.908295021004,37.2303923235803],[126.909426032566,37.224223410756],[126.907131047768,37.2206784723703],[126.905364972769,37.2183417627199],[126.903369938756,37.2168275262173],[126.903902272674,37.2149744548435],[126.904685427998,37.2139181252514],[126.906225032546,37.2125084068198],[126.9071190771,37.2120362712618],[126.907578258061,37.2115010815434],[126.908343451984,37.2074199794531],[126.906547486289,37.2001157946387],[126.906106707981,37.1992042990583],[126.904680739671,37.1990033408415],[126.903530300158,37.1984217562292],[126.902980979997,37.1974398727572],[126.900121071841,37.1941398235696],[126.899903631283,37.1940407311591],[126.898430035862,37.1950540578213],[126.894169748616,37.1930294198432],[126.890534918636,37.195493699516],[126.888920482608,37.1970264059378],[126.885281994453,37.1973245677636],[126.882300881023,37.1972414546266],[126.881554874013,37.1968353151356],[126.881096586196,37.1962098290171],[126.878533713489,37.194251643355],[126.87590277023,37.1938387779115],[126.871756014701,37.1970090764779],[126.871861658884,37.1973420633233],[126.871279401658,37.1978347354623],[126.868699541565,37.1987866380041],[126.863327331737,37.2013290468763],[126.865796954476,37.204301295928],[126.866026922407,37.2048386912637],[126.866962579119,37.2094364084339],[126.865368418471,37.2117354299476],[126.856905992638,37.2142227095323],[126.854824165374,37.216988808542],[126.850958105324,37.2231005678364],[126.849975827865,37.2261531332226],[126.848509296587,37.2273495618348],[126.846271912356,37.2287152364013],[126.845232415393,37.2291568142196],[126.843366398275,37.2287014474603],[126.840931469887,37.2292850625847],[126.840490173307,37.2296375280447],[126.839969203433,37.2309099687591],[126.839132565531,37.2321335759383],[126.835827264478,37.2321522671847],[126.835518027537,37.2313427597129],[126.832811061873,37.2304654847819],[126.828985771719,37.2296202261564],[126.828375127005,37.229836480587],[126.827973800491,37.2321879611501],[126.826808089585,37.2354185564202],[126.825270455006,37.2351809803426],[126.823701212351,37.2368486143755],[126.824484352124,37.2382355909612],[126.824938425604,37.2385187360901],[126.825392419005,37.2391275096447],[126.827155117344,37.2429661881952],[126.826608871896,37.2458306283454],[126.82637230983,37.2486562623811],[126.827103045295,37.2511200801455],[126.827501641496,37.2518226500959],[126.830765176569,37.2536399335906],[126.832677556591,37.2540820045115],[126.834204437985,37.2541235325715],[126.834425132907,37.2544311821434],[126.834058662187,37.2577012708829],[126.838377063842,37.2638334595164],[126.840969611901,37.2659207210368],[126.841246338437,37.2663223766625],[126.844267605063,37.264231668044],[126.844245390171,37.2639778659059],[126.845030857524,37.2634943707485],[126.844230619876,37.2628655014877],[126.844851943324,37.2616005490781],[126.844565243849,37.2608769537345],[126.844940392391,37.2598448015163],[126.845771261184,37.2597518276878],[126.845817892102,37.2600057637452],[126.845401190612,37.2601985983159],[126.845200145721,37.2608609536653],[126.846256095546,37.2629742721331],[126.846564029892,37.2640687416173],[126.84607474047,37.2641831220857],[126.845457975458,37.264921235122],[126.845229800996,37.2658956595437],[126.847173473517,37.2657481622921],[126.847896992926,37.265958341999],[126.849343291359,37.2686760930495],[126.852724977962,37.2720366106802],[126.857039903132,37.2693779053637],[126.858567367495,37.2698869657626],[126.860394987441,37.2679994348587],[126.862886899071,37.2664016420754],[126.863081430572,37.2668229606496],[126.863431710046,37.266996108214],[126.86419249997,37.2670554065293],[126.864615562118,37.2668728934643],[126.866355877962,37.2643583355971],[126.866515491431,37.2614827613486],[126.867466550305,37.2597469137283],[126.869841683702,37.2594372723648],[126.873557075168,37.2605015329959],[126.87404686485,37.260510883955],[126.876211234322,37.2588231889975],[126.877676463213,37.2580635921261],[126.883725438663,37.2566473753011],[126.885430037151,37.2565508450933],[126.886488256862,37.2567338349413],[126.886987915201,37.256566285638],[126.887466958571,37.2562453912617],[126.88906546483,37.2534145051582],[126.889603928484,37.2510892064024],[126.894831447606,37.2492772014593],[126.895721723742,37.2480175465949],[126.896604054394,37.2462474310042],[126.898133347639,37.2440208882194],[126.899142633667,37.2428451897308],[126.900207435489,37.2428393205356],[126.90149687538,37.2434779463538],[126.903901087527,37.2429605054056],[126.904978483296,37.2421603042368],[126.904854658442,37.2412391343708],[126.911317476068,37.2387419036429],[126.912369122052,37.2386029336201]]]]}},{"type":"Feature","properties":{"dong":"마도면","gu":"만세구","n_tax":543,"tax3":1164,"hs3":106,"n_res":27,"res":6.5,"yr_hs":52,"n":3251,"emp":13842,"sales":69272,"cap3":2439,"nps":9257},"geometry":{"type":"MultiPolygon","coordinates":[[[[126.786410703496,37.232984768457],[126.790770598269,37.2324633840012],[126.79246489354,37.2307507389055],[126.793164129468,37.2295853608339],[126.793255318312,37.229172501712],[126.795232933589,37.2265295859],[126.796523794352,37.225902907288],[126.798032899615,37.2243017549048],[126.798967796057,37.222929291497],[126.799328808368,37.221899474136],[126.799056721712,37.2205490118694],[126.799264630047,37.2190945025402],[126.801856893618,37.2140608872754],[126.80135747752,37.2133728844641],[126.800211693302,37.2132567772675],[126.798351548263,37.2123376364022],[126.796270566703,37.2104662018017],[126.791397380172,37.2016314241913],[126.790661099497,37.1993163147889],[126.79194188152,37.1958017793193],[126.795529350629,37.1932891206649],[126.798253086592,37.1925503493734],[126.797956618711,37.1904080672748],[126.797466187048,37.190214361672],[126.795307815962,37.1813600802621],[126.790354646174,37.1753215813523],[126.786772206096,37.1718319447835],[126.780800316734,37.1666837954482],[126.777976105344,37.1646767853836],[126.775691057389,37.1643237527004],[126.766439421059,37.1642183304488],[126.759907551837,37.1647275687746],[126.758927383679,37.1649005958607],[126.753043552032,37.1667160244482],[126.749233428676,37.1668823571325],[126.74825493251,37.1665325053137],[126.746516713467,37.1654837319657],[126.746410290448,37.1647867272963],[126.746804057887,37.1617098463683],[126.746079191954,37.1633942159742],[126.742638150475,37.1667344822842],[126.735407748095,37.1696029384893],[126.732926200648,37.1692545099425],[126.72651323703,37.1741265498236],[126.726196743852,37.17485571221],[126.726303881588,37.1754637530131],[126.725960475584,37.1761677702259],[126.724704073646,37.1763129992583],[126.718631619472,37.1763857840792],[126.718498457866,37.1765325099116],[126.715149954453,37.1817779173256],[126.716374324716,37.1849319520646],[126.718757720894,37.1866388926214],[126.72041736249,37.1884165913722],[126.719863112472,37.1892455015055],[126.719304670485,37.191300375091],[126.719231982789,37.1939826606459],[126.718933223936,37.1944224240558],[126.728350308856,37.1984614752847],[126.728324485165,37.1992680488304],[126.727907703885,37.1998771545123],[126.727927464711,37.2004947356227],[126.728696256185,37.2019757701293],[126.728987281337,37.2022368143208],[126.733507267568,37.2031562685295],[126.738762861635,37.2051765968945],[126.743588633254,37.2061032359798],[126.74538329743,37.205261774357],[126.746583264406,37.2050654820728],[126.749481686075,37.2066872202524],[126.750246386886,37.2087010376374],[126.750383570113,37.2112877685764],[126.753858548033,37.211465198408],[126.754257233235,37.2107488514843],[126.754436724189,37.2095443710478],[126.755044745228,37.2075211955276],[126.756066572154,37.2063186261164],[126.75728467616,37.2058552940907],[126.757597520007,37.2058426076212],[126.758090140492,37.2060992102939],[126.760619338319,37.2079076658138],[126.760864250551,37.2084342545087],[126.76063994112,37.2091167848762],[126.760596513348,37.2099581873442],[126.761548812468,37.2106807336311],[126.768437568703,37.210896997923],[126.772692684334,37.2103080024177],[126.773715275207,37.2109126060261],[126.774266931446,37.2125136146831],[126.772633481404,37.2150194838835],[126.772831138013,37.2194410654684],[126.781424931,37.2269930788725],[126.782507165915,37.22839679353],[126.781737318821,37.2343908677559],[126.785850988867,37.2333160511591],[126.786410703496,37.232984768457]]]]}},{"type":"Feature","properties":{"dong":"송산면","gu":"만세구","n_tax":303,"tax3":327,"hs3":25,"n_res":4,"res":0.5,"yr_hs":15,"n":2981,"emp":5434,"sales":29540,"cap3":1387,"nps":3705},"geometry":{"type":"MultiPolygon","coordinates":[[[[126.658367925523,37.20181085304],[126.657779998663,37.2019524978721],[126.657691860586,37.2022786235102],[126.658127283195,37.2029611383239],[126.658658881473,37.2031001230828],[126.658944001619,37.2028576469653],[126.658922520867,37.2022546927332],[126.658367925523,37.20181085304]]],[[[126.663129469863,37.2034442199214],[126.662083602077,37.2036967779379],[126.660277046079,37.2048939942702],[126.662142999814,37.2057140466079],[126.663180794406,37.2054317585511],[126.663516515891,37.2048764515213],[126.663339687413,37.2036684742977],[126.663129469863,37.2034442199214]]],[[[126.766387567593,37.2594462228458],[126.762789302607,37.2600900987243],[126.761997496913,37.2608423274643],[126.762163472492,37.2610957492193],[126.762686954044,37.2613344968047],[126.765643250434,37.2619669382482],[126.766456268164,37.259681338136],[126.766387567593,37.2594462228458]]],[[[126.781737318821,37.2343908677559],[126.782507165915,37.22839679353],[126.781424931,37.2269930788725],[126.772831138013,37.2194410654684],[126.772633481404,37.2150194838835],[126.774266931446,37.2125136146831],[126.773715275207,37.2109126060261],[126.772692684334,37.2103080024177],[126.768437568703,37.210896997923],[126.761548812468,37.2106807336311],[126.760596513348,37.2099581873442],[126.76063994112,37.2091167848762],[126.760864250551,37.2084342545087],[126.760619338319,37.2079076658138],[126.758090140492,37.2060992102939],[126.757597520007,37.2058426076212],[126.75728467616,37.2058552940907],[126.756066572154,37.2063186261164],[126.755044745228,37.2075211955276],[126.754436724189,37.2095443710478],[126.754257233235,37.2107488514843],[126.753858548033,37.211465198408],[126.750383570113,37.2112877685764],[126.750246386886,37.2087010376374],[126.749481686075,37.2066872202524],[126.746583264406,37.2050654820728],[126.74538329743,37.205261774357],[126.743588633254,37.2061032359798],[126.738762861635,37.2051765968945],[126.733507267568,37.2031562685295],[126.728987281337,37.2022368143208],[126.728696256185,37.2019757701293],[126.727927464711,37.2004947356227],[126.727907703885,37.1998771545123],[126.728324485165,37.1992680488304],[126.728350308856,37.1984614752847],[126.718933223936,37.1944224240558],[126.717279731809,37.1945455421749],[126.716009142009,37.1962701623866],[126.71611418241,37.1965963855188],[126.715006093307,37.1975794502454],[126.713652854093,37.1981597588452],[126.712996415808,37.1974894979579],[126.712231207155,37.196308098141],[126.710050619583,37.1946202102501],[126.708353702093,37.1936772331487],[126.706234308203,37.1927774358531],[126.700801448379,37.196781388104],[126.701142386625,37.1992490713491],[126.701573489041,37.2005746810126],[126.699830140816,37.2025972162417],[126.698084472983,37.2023764246529],[126.697441925593,37.2026650242135],[126.697034795093,37.2031592796989],[126.697801018871,37.2036558736096],[126.697841781478,37.2038542368645],[126.69747281424,37.2040688676343],[126.69698281811,37.2040198339432],[126.694055004218,37.2029946970281],[126.691927185045,37.2031413833581],[126.69202663005,37.2049121002156],[126.69268889336,37.20635023077],[126.696523485374,37.211039447492],[126.699158824661,37.2137379603038],[126.698978147797,37.2140463864439],[126.691746914846,37.2142981344709],[126.690214376909,37.2130246003457],[126.688435996722,37.207547773475],[126.684901425553,37.2082874288289],[126.684178221827,37.2094520069042],[126.679213904728,37.2071777582433],[126.678980208117,37.2065800960403],[126.679126919131,37.2053901568557],[126.678943854805,37.2039545565635],[126.676804044761,37.2007893591743],[126.67405807104,37.1996919607104],[126.673246342814,37.1997955914634],[126.672222377642,37.2004374391699],[126.666233141635,37.2086442433751],[126.665398142268,37.2116816639965],[126.666105247119,37.2167445378141],[126.666865605987,37.2179352087822],[126.667693666371,37.2180953927187],[126.668134312207,37.2179970809548],[126.670974402398,37.2190434474825],[126.675567453176,37.2211081566001],[126.676775998614,37.2225610039194],[126.677384705512,37.2235950644411],[126.676232203992,37.2250822237092],[126.673542619884,37.2277799780615],[126.672958517184,37.2295832394509],[126.671539509972,37.2303011712179],[126.670151323231,37.2300649794889],[126.668726861506,37.2294116275796],[126.668573187586,37.2291626686419],[126.664767859551,37.2336435019421],[126.664528865838,37.2367858084932],[126.661312528239,37.2382311963256],[126.65670286781,37.2378007224805],[126.657632906209,37.2359481690034],[126.655573465869,37.2347550506557],[126.651442239601,37.2387952240135],[126.65006757057,37.2423672220104],[126.648080342456,37.2490107491844],[126.649769820799,37.2515894119772],[126.649935648915,37.2541732047125],[126.650572045837,37.2541754808758],[126.652374394951,37.2507541860384],[126.655615790365,37.2486422062564],[126.656150000524,37.2480071625389],[126.654980847518,37.2468135383198],[126.667143762019,37.2443972331015],[126.667768631552,37.2431960306942],[126.668213318723,37.242808181593],[126.668966015137,37.2426692457302],[126.66993930159,37.242848461482],[126.672589312861,37.2440940126304],[126.676606838671,37.2464746207898],[126.680284872979,37.2560175915026],[126.678592112134,37.256912864864],[126.676527942781,37.2568320492523],[126.675398700245,37.2574281133133],[126.67576892262,37.2587038884062],[126.676906259796,37.2607320150412],[126.678248593609,37.261349770106],[126.679796209562,37.2605886969222],[126.67942779894,37.2590133828402],[126.679807736007,37.2579657651801],[126.681124652287,37.257218849475],[126.684869657548,37.2594034952662],[126.686732970134,37.2627063417963],[126.689172846063,37.2628627910118],[126.690863414337,37.2625678886753],[126.693120196101,37.2615241710552],[126.698564217593,37.2615386148151],[126.704113729825,37.2586285396848],[126.708993720029,37.2586409614248],[126.714256859517,37.2567797301998],[126.717262677761,37.2561123372465],[126.719139477382,37.2561168430914],[126.721671165459,37.2567971625669],[126.723681524734,37.257522445656],[126.724053578451,37.2584228858187],[126.725460878682,37.2585763164153],[126.726589913449,37.2578299223883],[126.726690133919,37.2559557031444],[126.727822687223,37.2542335682729],[126.729417389585,37.2544625142567],[126.734030875584,37.2503494989745],[126.73553096256,37.250727634116],[126.738334982375,37.2539579457153],[126.740711517071,37.2551507045604],[126.745086245491,37.255771338214],[126.748933644695,37.2557800220803],[126.75700779335,37.2550478997496],[126.758981555721,37.2540022700708],[126.763865923145,37.2528124897505],[126.767539612802,37.2483215882535],[126.770269008458,37.2489772976783],[126.772475152918,37.249014534914],[126.774146532489,37.2485233861358],[126.775178989239,37.2479314268819],[126.775634320159,37.247471214686],[126.77588905235,37.2469307261707],[126.776260060404,37.2440958815941],[126.777171560731,37.2392632558369],[126.777612262289,37.2379047620294],[126.780663184548,37.235464886791],[126.781737318821,37.2343908677559]]],[[[126.678800396133,37.274079918718],[126.668758160953,37.2734521010381],[126.667348048818,37.2740483640706],[126.666684757734,37.2753202714051],[126.672856472615,37.2808856080024],[126.678665804156,37.2836752436377],[126.680166538522,37.2839042005146],[126.684968755434,37.2806180913855],[126.680580677306,37.2748347625288],[126.680019494603,37.2743835703747],[126.678800396133,37.274079918718]]],[[[126.740618187967,37.2890048264456],[126.742464665148,37.2876587510987],[126.745383589565,37.2879851921603],[126.745607848815,37.287487483589],[126.745886534796,37.2840775421454],[126.745887627129,37.283615590708],[126.745533017778,37.2832595415911],[126.744910854117,37.283008821847],[126.741395597052,37.2830009905773],[126.737521732791,37.2835259406031],[126.735077581876,37.2825964004877],[126.734319987724,37.2828438881706],[126.734230062089,37.2830922490638],[126.734754017756,37.2859360852079],[126.736659670186,37.2883213501121],[126.739415698838,37.2891796270629],[126.740618187967,37.2890048264456]]]]}},{"type":"Feature","properties":{"dong":"서신면","gu":"만세구","n_tax":264,"tax3":316,"hs3":28,"n_res":12,"res":2.5,"yr_hs":15,"n":2506,"emp":5498,"sales":27530,"cap3":994,"nps":3968},"geometry":{"type":"MultiPolygon","coordinates":[[[[126.614938243166,37.1196718194252],[126.615578204226,37.1195937220728],[126.615167938626,37.1183332222353],[126.614088310969,37.1172862929512],[126.61384648737,37.1172101204986],[126.613023944278,37.1174653740416],[126.612801908925,37.1178039894004],[126.612756534974,37.1182554742486],[126.613177722782,37.1188163640116],[126.613768520239,37.1193728865871],[126.614938243166,37.1196718194252]]],[[[126.638807645746,37.139487895441],[126.638661876843,37.1393464991251],[126.638165647104,37.1393497065495],[126.637532967167,37.139981659817],[126.637307936499,37.1434379927316],[126.637752995512,37.1435358776146],[126.638257732545,37.1433975790218],[126.639188161746,37.1422730914832],[126.638655772411,37.141498532258],[126.638629712908,37.1403828682527],[126.638807645746,37.139487895441]]],[[[126.624643643183,37.1768734581215],[126.624395506934,37.1768389493596],[126.626656848886,37.1753762366921],[126.630615295233,37.1738087656805],[126.628293689987,37.1686999906339],[126.627268133847,37.1672806413509],[126.626021835629,37.165961061464],[126.622404432398,37.1631456536524],[126.619581409569,37.1595817473488],[126.618212987771,37.1575969084441],[126.614938652968,37.1554778950318],[126.614470613752,37.1554158083101],[126.614257115438,37.1559787072936],[126.614647184772,37.156691467408],[126.615836282406,37.1582394669815],[126.616884249847,37.159174125954],[126.617471600209,37.1617929912142],[126.616810778087,37.1653496797283],[126.616240472653,37.1720697824962],[126.616218538176,37.1732876195794],[126.61675362025,37.1751137457303],[126.618985246855,37.1776585417502],[126.620190119137,37.1784877568184],[126.621823068992,37.178976957305],[126.624539912023,37.1771374742517],[126.624643643183,37.1768734581215]]],[[[126.718933223936,37.1944224240558],[126.719231982789,37.1939826606459],[126.719304670485,37.191300375091],[126.719863112472,37.1892455015055],[126.72041736249,37.1884165913722],[126.718757720894,37.1866388926214],[126.716374324716,37.1849319520646],[126.715149954453,37.1817779173256],[126.718498457866,37.1765325099116],[126.718631619472,37.1763857840792],[126.724704073646,37.1763129992583],[126.725960475584,37.1761677702259],[126.726303881588,37.1754637530131],[126.726196743852,37.17485571221],[126.72651323703,37.1741265498236],[126.732926200648,37.1692545099425],[126.735407748095,37.1696029384893],[126.742638150475,37.1667344822842],[126.746079191954,37.1633942159742],[126.746804057887,37.1617098463683],[126.746461330904,37.1600006340045],[126.74588629959,37.1590741706581],[126.745018220785,37.1584556932821],[126.744274595967,37.1576385411034],[126.742793929754,37.1555637903882],[126.742465930319,37.15485859404],[126.742579239218,37.1538013123308],[126.741811902653,37.1528296554792],[126.740218452039,37.1515484127241],[126.737524981318,37.1497351465205],[126.736314044427,37.1494242547139],[126.735816972907,37.1498638707532],[126.733668306946,37.1498590029318],[126.731136625589,37.1491045865312],[126.732082938401,37.1464189209675],[126.729819831435,37.141538935673],[126.728066983168,37.1387591834684],[126.72663764377,37.1380072654655],[126.725042188393,37.1374740334648],[126.723500826863,37.1372949346023],[126.72190580186,37.1365858904328],[126.721082656643,37.1357466896769],[126.719224100945,37.1319959060495],[126.717300451058,37.1307573160426],[126.713780610748,37.1294269929411],[126.713009257503,37.1295131421094],[126.711295713194,37.1310961052243],[126.709422104064,37.1314881273105],[126.707824648536,37.131440279808],[126.706394136534,37.1310397293468],[126.705845452339,37.1305538060576],[126.705298360035,37.129715218368],[126.705026033757,37.1287887439585],[126.704838542381,37.1231372660978],[126.698242917348,37.1197894376494],[126.695401541618,37.1199246065031],[126.692375995329,37.1191671409634],[126.688478717811,37.1161163293665],[126.68771219734,37.1151015006394],[126.688377216606,37.1139568287079],[126.687281385452,37.1126321625149],[126.686128201518,37.1119244781835],[126.684643050563,37.1116123028232],[126.683266700425,37.1115194517615],[126.682549881962,37.1117826783757],[126.681059929094,37.112571262422],[126.677910710287,37.1150306780492],[126.677963085357,37.1156481315022],[126.680888258989,37.1155984498405],[126.683682341164,37.1174264870533],[126.684282759616,37.1187061006672],[126.684499835014,37.119587585615],[126.683882148851,37.1224058403126],[126.681928926268,37.1284383940632],[126.677440240631,37.134974129845],[126.67622162989,37.1356255310704],[126.676007098296,37.1352785381364],[126.674577668849,37.1346578964295],[126.673696240036,37.1346990785925],[126.673509121361,37.1379923783654],[126.675111872406,37.1384046645876],[126.676156976016,37.1388479818702],[126.679013280737,37.1407336817222],[126.679505558467,37.1414841333986],[126.682179866195,37.1473515483824],[126.682559242991,37.1488516085814],[126.683712397611,37.1497361633401],[126.685474885638,37.149916174243],[126.689888473772,37.1508354263224],[126.694499763268,37.1523642894034],[126.694496311256,37.1531574271605],[126.692950300627,37.1539909071786],[126.691885767376,37.1553422896218],[126.690733649217,37.1571836388955],[126.684167208377,37.1596782955045],[126.689313801242,37.1674915834664],[126.689257107251,37.1678437952187],[126.68887110763,37.1679312901863],[126.683600915883,37.1632461642678],[126.682610612982,37.1603661239352],[126.670122969849,37.1557047866618],[126.66392658788,37.1565682606434],[126.663101780073,37.156302160707],[126.662277794868,37.1557701517563],[126.660575547817,37.1543992568478],[126.659035600089,37.1538227151899],[126.654852306696,37.1529726891212],[126.650662200226,37.1536221579998],[126.649834302856,37.1540162156287],[126.649335778586,37.1545432564394],[126.649436884141,37.1565699367023],[126.650370581765,37.1571016961336],[126.654773519807,37.1582171038641],[126.65785430068,37.1592395822216],[126.660651472889,37.162111207093],[126.660589905176,37.1634775053774],[126.658765850804,37.1648202281202],[126.657652128721,37.1673732037777],[126.655860758992,37.1734932635332],[126.655813928618,37.1755503798917],[126.655552482474,37.1776600215439],[126.653755312073,37.1792122351351],[126.653122139969,37.1802398012649],[126.653275842197,37.1809181230095],[126.653650957338,37.181371443397],[126.654624669934,37.1813750147807],[126.656008982914,37.1809263024527],[126.657206106404,37.1802768101363],[126.658502472594,37.1784224023482],[126.660859910446,37.1780268038411],[126.661391066164,37.1787572412286],[126.66141879479,37.179560801678],[126.661855530321,37.1801148661645],[126.6629179037,37.1813989691764],[126.664672921347,37.1823837292187],[126.665045715595,37.1833136609806],[126.665694994933,37.1857418270326],[126.66566181863,37.1861934324824],[126.665409238468,37.1864947453698],[126.664716022983,37.1868447817208],[126.66455616479,37.1874216698659],[126.666151646943,37.1890340010501],[126.666841883783,37.1892112476823],[126.667220260093,37.1889863687875],[126.667442487846,37.1885101335841],[126.667850892793,37.1885107476465],[126.669733227441,37.189143660561],[126.664727091556,37.1914655978153],[126.659892600585,37.1904725622995],[126.658356207147,37.1898904029368],[126.654509888706,37.1858608541437],[126.654111818653,37.183674300871],[126.654207398088,37.1832469229493],[126.654868648838,37.182922634882],[126.654774990097,37.1827968991154],[126.650504031344,37.1825331189897],[126.64962253443,37.1829065051035],[126.649272880771,37.1837603135522],[126.650176236858,37.1852698609414],[126.652524959718,37.1870602060103],[126.655152063561,37.1896547294598],[126.655337531854,37.1903838456348],[126.651056808853,37.1910867334292],[126.651622304136,37.1916462731079],[126.65602317275,37.1909137812112],[126.657274728409,37.190957637476],[126.66032662626,37.1962997273339],[126.660700797224,37.1965333592414],[126.662047534075,37.1967737202156],[126.664778496388,37.1965802068804],[126.665741186959,37.1963233346748],[126.665789623714,37.1957614355434],[126.671209299051,37.1943890327076],[126.669180545875,37.1964613068919],[126.669578570531,37.1967705693691],[126.670752165385,37.1971258263299],[126.675666395234,37.1975094120662],[126.676497288228,37.1973901234882],[126.677963915424,37.1976132608382],[126.679846941519,37.1982753117733],[126.680284918544,37.1987380509511],[126.680352988285,37.1996072360288],[126.683431377372,37.2010391675505],[126.686582452486,37.2022067340811],[126.691286515209,37.2031842745267],[126.694055004218,37.2029946970281],[126.69698281811,37.2040198339432],[126.69747281424,37.2040688676343],[126.697841781478,37.2038542368645],[126.697801018871,37.2036558736096],[126.697034795093,37.2031592796989],[126.697441925593,37.2026650242135],[126.698084472983,37.2023764246529],[126.699830140816,37.2025972162417],[126.701573489041,37.2005746810126],[126.701142386625,37.1992490713491],[126.700801448379,37.196781388104],[126.706095988172,37.1928057933562],[126.708353702093,37.1936772331487],[126.710050619583,37.1946202102501],[126.712231207155,37.196308098141],[126.712996415808,37.1974894979579],[126.713652854093,37.1981597588452],[126.715006093307,37.1975794502454],[126.71611418241,37.1965963855188],[126.716009142009,37.1962701623866],[126.717279731809,37.1945455421749],[126.718933223936,37.1944224240558]]]]}},{"type":"Feature","properties":{"dong":"팔탄면","gu":"만세구","n_tax":1036,"tax3":2658,"hs3":241,"n_res":43,"res":22.9,"yr_hs":137,"n":8042,"emp":29665,"sales":162696,"cap3":6302,"nps":21566},"geometry":{"type":"MultiPolygon","coordinates":[[[[126.899903631283,37.1940407311591],[126.904207622505,37.1924444101791],[126.914846426619,37.1918450394924],[126.916639437029,37.191280365408],[126.919970101017,37.1896460273926],[126.920151548913,37.188570866516],[126.919795104528,37.1879437740282],[126.921505566384,37.182952737884],[126.921515325906,37.1813956132536],[126.921056095497,37.1792018324574],[126.919438611018,37.1783094181653],[126.917355500573,37.1765358221664],[126.917213546888,37.1758623940664],[126.919459434066,37.1705270233983],[126.921346855721,37.168312041082],[126.917978855205,37.1672307606116],[126.917670387987,37.1674309344857],[126.916881001278,37.167460855378],[126.916515418009,37.1673069447051],[126.915535732,37.1659038126022],[126.915070299195,37.1635443418941],[126.914873138555,37.1599753351659],[126.916990064546,37.1557363683309],[126.919407756289,37.1543668222766],[126.919898679573,37.1543219032648],[126.920418116811,37.1545069795098],[126.921815529983,37.1557690474194],[126.924011620595,37.1581390573905],[126.926105258521,37.1610213608103],[126.927641987323,37.1616023105346],[126.930348980463,37.1611403864477],[126.932884791866,37.1611034102087],[126.934819203832,37.1616315776002],[126.935519037373,37.161172185158],[126.93804644106,37.1570091261074],[126.936613459022,37.1571180065614],[126.935824966475,37.1553685065171],[126.934898277982,37.1519819796022],[126.934053940228,37.1502472484263],[126.933003842701,37.1494940598688],[126.931485341565,37.1492670621478],[126.929063785201,37.1479224718916],[126.928824339777,37.1461658750816],[126.928094384768,37.1455290643347],[126.922475634849,37.1425474534872],[126.920567152363,37.1427116153046],[126.91747069226,37.1416204263337],[126.916118020518,37.1406289899221],[126.914095774507,37.1402280152348],[126.91049428773,37.1406608626235],[126.910978935028,37.1436841164991],[126.911667857804,37.1461438746096],[126.911624767019,37.1475273213916],[126.906386094215,37.1495575347805],[126.90351626449,37.1479960876905],[126.898775605127,37.1410504528553],[126.897412489025,37.1406063480583],[126.895999003978,37.1386284559499],[126.895611728756,37.1363526740616],[126.894835303316,37.1349571281135],[126.893112874687,37.1345990624037],[126.892409017882,37.1353267235122],[126.886869191228,37.1243271090529],[126.889676533521,37.1222883765965],[126.890314817013,37.1189111862837],[126.889849857062,37.1162070706755],[126.889542950251,37.11544041799],[126.88701102761,37.110302860784],[126.885117424323,37.1070727292048],[126.887052810187,37.1050756014868],[126.887713271372,37.1052878441405],[126.888318270443,37.1049226097627],[126.888454946377,37.1035936350565],[126.886844599242,37.1000540322482],[126.882482307511,37.0955637544582],[126.879830783316,37.0934945939072],[126.87798710728,37.0955233690628],[126.876759889555,37.0972352452205],[126.875562490236,37.1019050253651],[126.874176679691,37.1023540604302],[126.871270692827,37.1025696743653],[126.866494396045,37.103803974945],[126.865810880396,37.1042025771228],[126.862783430448,37.1111677059999],[126.861880113607,37.1118626380767],[126.859204843019,37.1121163780998],[126.85607326878,37.1158278696449],[126.849980889656,37.1210284299346],[126.849099130982,37.1214652822247],[126.848372635288,37.1225012912014],[126.848185928657,37.1237668785734],[126.848486412904,37.1244117742361],[126.84908882372,37.1251339571846],[126.849048165117,37.1267596483318],[126.848695609974,37.1279148930169],[126.844631924192,37.1305696760809],[126.843198379096,37.1308434325017],[126.842250935241,37.1316156416259],[126.841290468102,37.1329150943051],[126.841138013746,37.1349164956794],[126.841454284437,37.1372337406018],[126.841787901803,37.1377989902407],[126.841957816499,37.1378686829586],[126.842266554716,37.1376968407656],[126.845989773698,37.1390821046911],[126.847029473798,37.139669631944],[126.849946251285,37.1418586295097],[126.850117100909,37.143521532545],[126.849974987526,37.1443387784581],[126.849436811308,37.1451380762387],[126.846102896013,37.1483478852511],[126.838406644299,37.152584561001],[126.84302550639,37.1552277317602],[126.843349041563,37.1559878301766],[126.844891573246,37.1582238958731],[126.846059537244,37.1595115282048],[126.847650522846,37.1603924037692],[126.853372328923,37.1627336077163],[126.859139884512,37.1653688649478],[126.862702530324,37.168812279282],[126.86250475467,37.1706500744391],[126.864740072935,37.1740840249506],[126.864527716776,37.1755600800847],[126.863010477246,37.1767428868172],[126.85987905744,37.1788014859779],[126.856783144129,37.1848736756826],[126.857344982898,37.1867088184711],[126.857865874191,37.1877279702025],[126.85837913547,37.188069902287],[126.859426770262,37.1883381036805],[126.860689344509,37.1910108112948],[126.859881027977,37.1922503765567],[126.85977931187,37.1931219162758],[126.86173540274,37.1987492535326],[126.862292815592,37.1998813224581],[126.863327331737,37.2013290468763],[126.868699541565,37.1987866380041],[126.871279401658,37.1978347354623],[126.871861658884,37.1973420633233],[126.871756014701,37.1970090764779],[126.87590277023,37.1938387779115],[126.878533713489,37.194251643355],[126.881096586196,37.1962098290171],[126.881554874013,37.1968353151356],[126.882300881023,37.1972414546266],[126.884976354059,37.1973241081575],[126.888920482608,37.1970264059378],[126.890534918636,37.195493699516],[126.894169748616,37.1930294198432],[126.898430035862,37.1950540578213],[126.899903631283,37.1940407311591]]]]}},{"type":"Feature","properties":{"dong":"장안면","gu":"만세구","n_tax":704,"tax3":2081,"hs3":189,"n_res":36,"res":11,"yr_hs":88,"n":4214,"emp":16396,"sales":93289,"cap3":3238,"nps":12700},"geometry":{"type":"MultiPolygon","coordinates":[[[[126.879830783316,37.0934945939072],[126.878276667896,37.0892645652757],[126.878219782866,37.0869307291086],[126.878527113386,37.0855520254222],[126.881825833723,37.076030392999],[126.882872737012,37.0724794112827],[126.883518614609,37.0694720346819],[126.883744075152,37.0662844392379],[126.88327079521,37.0634357499752],[126.882534269913,37.0608054085911],[126.881208465522,37.0582914273823],[126.875834039126,37.0506879626967],[126.87242478731,37.0466180912676],[126.858044970581,37.0260991621027],[126.853107752806,37.0200023890577],[126.850096014893,37.0178168819159],[126.8469252227,37.0158490184826],[126.843231567221,37.0145711479382],[126.838063783813,37.0136545337103],[126.821012605804,37.0133756661183],[126.806853682414,37.0127236602624],[126.806440385022,37.0165477882454],[126.806618937917,37.0255833289134],[126.8127516958,37.0255874568711],[126.812755673444,37.0377921852804],[126.812480835414,37.0412931294852],[126.810637013019,37.0467743210932],[126.81016526886,37.0475659524923],[126.807489743979,37.0478433501648],[126.802774229949,37.04915318528],[126.800971861027,37.0507076630608],[126.801512456719,37.0517745188242],[126.801515920386,37.0521261105967],[126.797773034018,37.0550817511836],[126.795823986114,37.056321418566],[126.795818534588,37.0587545055702],[126.800124376914,37.0660808327962],[126.805337348726,37.0669170986917],[126.808405106161,37.0685162324399],[126.81206756928,37.0707966688587],[126.81029557377,37.0731612840721],[126.809899325365,37.0733617973303],[126.808406979983,37.0734026827179],[126.807303280664,37.0744666705738],[126.806689100672,37.0777509361022],[126.806887529782,37.0796653941404],[126.810241975841,37.0811745349347],[126.81224693093,37.0813056157839],[126.814164988867,37.0808670731306],[126.814749241572,37.0799307976067],[126.82335014989,37.0836613695994],[126.822535595245,37.0851147112362],[126.823920585082,37.086498396748],[126.826389812258,37.0868791883545],[126.827391396349,37.0878826458313],[126.82903110125,37.0912468188058],[126.828520151359,37.092259763939],[126.827506413674,37.0958765680557],[126.828403834222,37.0966726469492],[126.832115723302,37.0980592451329],[126.83361415355,37.0988192170706],[126.832633785899,37.100497098491],[126.829781454437,37.1021227048982],[126.824920740784,37.1026506242398],[126.822275822943,37.1054411752888],[126.818992702909,37.1070550418426],[126.815230346673,37.1084117162507],[126.814836478956,37.1084350417748],[126.814332061539,37.1103926894922],[126.813853612317,37.1160979885109],[126.814174529874,37.1163162823273],[126.822616463123,37.1171073507503],[126.82774954341,37.1172300888423],[126.831036449532,37.1175360101725],[126.828598359425,37.1237182057142],[126.827674875301,37.124958107156],[126.825821684057,37.1254309629331],[126.824478487753,37.1262289478757],[126.823924166842,37.1270066321354],[126.824259014606,37.1296271255764],[126.816783664386,37.13574312856],[126.81194994624,37.1394143070098],[126.815085769751,37.142291044528],[126.815389866171,37.1427491459748],[126.815122521909,37.1430540697118],[126.807646779757,37.1443537280075],[126.805496093324,37.1489101431266],[126.821100829319,37.150375182948],[126.82285234632,37.1497745025594],[126.824592551726,37.1495714757622],[126.828576322407,37.149703406195],[126.831533781224,37.1500153331222],[126.833819649354,37.15050820101],[126.83510414393,37.1512275227201],[126.838406644299,37.152584561001],[126.846102896013,37.1483478852511],[126.849436811308,37.1451380762387],[126.849928583443,37.1444185191554],[126.850117100909,37.143521532545],[126.849946251285,37.1418586295097],[126.847029473798,37.139669631944],[126.845989773698,37.1390821046911],[126.842266554716,37.1376968407656],[126.841957816499,37.1378686829586],[126.841787901803,37.1377989902407],[126.841454284437,37.1372337406018],[126.841113082728,37.1345456538319],[126.84116152206,37.1333414189667],[126.841489511384,37.1325195822608],[126.842250935241,37.1316156416259],[126.843198379096,37.1308434325017],[126.844631924192,37.1305696760809],[126.848695609974,37.1279148930169],[126.849048165117,37.1267596483318],[126.84908882372,37.1251339571846],[126.848486412904,37.1244117742361],[126.848177843627,37.1235571215151],[126.848308200053,37.122630609104],[126.849099130982,37.1214652822247],[126.849980889656,37.1210284299346],[126.85607326878,37.1158278696449],[126.859204843019,37.1121163780998],[126.861880113607,37.1118626380767],[126.862783430448,37.1111677059999],[126.865810880396,37.1042025771228],[126.866494396045,37.103803974945],[126.871270692827,37.1025696743653],[126.874176679691,37.1023540604302],[126.875562490236,37.1019050253651],[126.876759889555,37.0972352452205],[126.87798710728,37.0955233690628],[126.879830783316,37.0934945939072]]]]}},{"type":"Feature","properties":{"dong":"양감면","gu":"만세구","n_tax":485,"tax3":809,"hs3":73,"n_res":22,"res":7.8,"yr_hs":44,"n":2963,"emp":13707,"sales":70511,"cap3":1931,"nps":9668},"geometry":{"type":"MultiPolygon","coordinates":[[[[126.995128049998,37.0700480893058],[126.987598251412,37.0704518273353],[126.98604288421,37.0713093365865],[126.984626665892,37.0716502390414],[126.975543660632,37.0706019607321],[126.974281609953,37.0710121545545],[126.973895276598,37.0715704498005],[126.973136290626,37.0720290594218],[126.968827022185,37.0734272668868],[126.96805846637,37.072967248264],[126.967478405691,37.072069156469],[126.967048424684,37.0704492622313],[126.966404275048,37.0691065292539],[126.965344068562,37.0688031592054],[126.964777022981,37.0688569407585],[126.962834671373,37.0696256365035],[126.961245064909,37.0698189933032],[126.958923236129,37.0687717901197],[126.956447837369,37.0682680710805],[126.952635827671,37.0682304983564],[126.951368342416,37.0685605347114],[126.945493243015,37.0655607790314],[126.94409063359,37.06329805525],[126.940383631742,37.0608129821225],[126.931654807898,37.0626940156647],[126.931833910588,37.0632591822158],[126.930238890555,37.0671045357256],[126.92864721655,37.0680371349457],[126.927931845084,37.0680866444974],[126.927153714876,37.0678789437093],[126.923183567588,37.0664034937742],[126.922849788886,37.0662236846545],[126.922439141176,37.065549570687],[126.922045224879,37.065299761436],[126.919416048409,37.0651888943335],[126.914878326528,37.0657728646922],[126.91284357462,37.0668074890436],[126.912711213104,37.0673857741749],[126.91039406606,37.0688266919241],[126.906304281603,37.0692885512579],[126.90576566676,37.0696576894633],[126.905316569503,37.0701749399595],[126.904899112272,37.0715224756611],[126.90597362627,37.0722007321502],[126.905747786317,37.0732993395888],[126.904914093713,37.0736376896905],[126.909211799146,37.0760411723242],[126.910926751152,37.0776745084372],[126.91105054206,37.0785787955987],[126.916598600976,37.0802039792804],[126.918628072687,37.0797249256316],[126.920695049229,37.079951380017],[126.926850297153,37.0818517281062],[126.927210112596,37.0874948708175],[126.92574450594,37.0968166602833],[126.925671019924,37.099005617545],[126.928721570735,37.1001065589941],[126.931213292279,37.1017388304932],[126.93175417691,37.1024006341394],[126.932298315339,37.1037541859589],[126.932268205302,37.1046667298317],[126.932559888627,37.105274322129],[126.932990795446,37.1055932127585],[126.936344491888,37.1056101220502],[126.938225224163,37.1034421299676],[126.943617008721,37.1007948545029],[126.945514673412,37.1008893779227],[126.945859777663,37.0999580255219],[126.945301912347,37.0950528381947],[126.944821239919,37.0933514286052],[126.948065529015,37.0922904950383],[126.949887359876,37.0921468460481],[126.953197545522,37.0927525838347],[126.954243648724,37.094081359708],[126.954603781177,37.0973123435522],[126.954069471592,37.097772987806],[126.953915089809,37.0995852512647],[126.954079149065,37.1008344684783],[126.954748377727,37.1024532578905],[126.95488157307,37.1045801636904],[126.954461688253,37.1070460922692],[126.955043582654,37.1079962142794],[126.955494618788,37.108357658171],[126.95810334203,37.108694119026],[126.966567115388,37.1080457103096],[126.968166366798,37.1073210798778],[126.971447499443,37.1090867520644],[126.971721769743,37.1097043183282],[126.971651557268,37.1110009172298],[126.972133495679,37.1136892716858],[126.975797945169,37.1197416389199],[126.976444393943,37.1227290525848],[126.976605411567,37.1228348035293],[126.977088582025,37.1230509106144],[126.979100065295,37.1216918338052],[126.980285458116,37.119813922024],[126.983258366095,37.120165348668],[126.985004051021,37.1207768058718],[126.986779717915,37.1209446233211],[126.987915548074,37.1205844618818],[126.990765244227,37.1190609516613],[126.992283426868,37.1194866209444],[126.993291740908,37.1215754567913],[126.994878072213,37.1227664598751],[126.9973313949,37.1234033706307],[126.997817015723,37.1232735967934],[126.999166333738,37.1224376077677],[126.999514074809,37.1224097803164],[127.002339812012,37.1238774202485],[127.002095934733,37.1219023381283],[127.00078989265,37.1186201977062],[126.997441225187,37.1126431880353],[126.996655015332,37.1119830007832],[126.99572816195,37.1082043253334],[126.996290924512,37.1070337494088],[126.996878907634,37.1066193394548],[126.997853358562,37.1044533087561],[126.998308044402,37.1005689956608],[126.997025024856,37.0978176139879],[126.997035911055,37.0971292026265],[126.997295814915,37.0963269143963],[126.998882212635,37.0931662685783],[126.998927361302,37.0925871117356],[126.997772317659,37.0912640845422],[126.99359342685,37.0895820675288],[126.99270759663,37.0885912270254],[126.992068792444,37.0865219876693],[126.991726060701,37.0847706374013],[126.991924968556,37.0832052717196],[126.993098706803,37.079493059894],[126.994479715217,37.0735619658711],[126.995128049998,37.0700480893058]]]]}},{"type":"Feature","properties":{"dong":"정남면","gu":"효행구","n_tax":775,"tax3":1177,"hs3":104,"n_res":35,"res":8.5,"yr_hs":60,"n":6734,"emp":21074,"sales":82753,"cap3":2212,"nps":14700},"geometry":{"type":"MultiPolygon","coordinates":[[[[126.984217598455,37.1957267803581],[126.984765325877,37.1952277581675],[126.985385650777,37.1949318627151],[126.987549242917,37.1945908224202],[126.990882139456,37.1945173043854],[126.995223108484,37.1939702497579],[126.997443361766,37.1925070199337],[126.997423942172,37.1917193085296],[126.997666548362,37.190494453545],[127.00701923946,37.1877326241866],[127.007845069058,37.186996904208],[127.003601098996,37.1833409018079],[127.002426088664,37.1820480399276],[127.003650430546,37.1816126625412],[127.004613126946,37.181476973518],[127.004810348786,37.1812501928747],[127.004818930839,37.1807983979687],[127.004557896575,37.1804144867272],[127.003009109306,37.1791379396903],[126.999769964362,37.1775760713967],[126.996497206761,37.1784613624663],[126.99515257907,37.1772725452109],[126.995253593585,37.1750137720612],[126.995529094333,37.1748561471619],[126.996291277998,37.1749066918388],[127.00006893822,37.17355367735],[127.001666478914,37.1724685779012],[127.004155235512,37.169769161285],[127.006530292799,37.1680641818009],[127.012391350738,37.1675689719956],[127.016626833183,37.1678454793493],[127.019048505625,37.1672919522175],[127.019884723863,37.1670857655657],[127.021268647076,37.1664299547298],[127.021434990899,37.1661737250286],[127.022716434803,37.1654656539706],[127.024023188251,37.1652611734818],[127.028095052483,37.1631219264571],[127.027307709668,37.1617263041536],[127.026974418838,37.1606612662912],[127.029757440498,37.1587591434695],[127.030486779124,37.1560071842359],[127.030102704154,37.1554027578307],[127.028794705555,37.1549840414076],[127.028097084151,37.1543271252222],[127.027834342115,37.1537949222493],[127.027860266035,37.1526738366679],[127.028073140464,37.1521710524253],[127.028630135397,37.1513237409047],[127.029981270865,37.1500039477365],[127.030131318141,37.1495235024278],[127.030340845769,37.1463749358269],[127.029869858573,37.1457172910704],[127.029824486035,37.145315982529],[127.030920892164,37.1444155337396],[127.031519161416,37.1432629647123],[127.031591591084,37.1425883180078],[127.032572948762,37.1401968847175],[127.033344240408,37.1387562468386],[127.034464468258,37.1372256521681],[127.035633432696,37.1360195805577],[127.034463991008,37.1358645196176],[127.030396210071,37.1345722758191],[127.030229596691,37.133977809033],[127.028871793861,37.1333741454001],[127.025157378848,37.1327869086595],[127.024545136123,37.1332261205466],[127.024218636403,37.1332213941889],[127.020652814938,37.1317287500324],[127.017504911686,37.1299232924491],[127.013460193925,37.1289760505838],[127.011459919958,37.1289576841386],[127.00537499654,37.1280963897794],[127.003831819889,37.1269530727982],[127.003221492733,37.1254710017951],[127.002430076229,37.1243815051808],[126.999518774457,37.1235117797674],[126.997484567336,37.1241026235308],[126.996773836674,37.1247330814043],[126.996794275539,37.1261053353237],[126.997108645957,37.126764701677],[126.997322155112,37.1278867409563],[126.997029055253,37.1283722612862],[126.996175214563,37.1291811023333],[126.993119345927,37.1298080114172],[126.991283371876,37.1287894369201],[126.990578821088,37.1287188053731],[126.987208768345,37.1297217450415],[126.986229684254,37.1312285004996],[126.984030418249,37.1335671287516],[126.983122339007,37.1338504429627],[126.982139142332,37.1351949450913],[126.982089063892,37.1360364190743],[126.982453555671,37.1390363334612],[126.982223875353,37.1414499856636],[126.979066431901,37.1431797650086],[126.978819832054,37.1432927121433],[126.974221511094,37.1433155417919],[126.969170748203,37.1447116929525],[126.96760892646,37.1443351097715],[126.966694229717,37.1436053623671],[126.958555025958,37.1425465184463],[126.955417944333,37.1435135253843],[126.952545505627,37.1455295881211],[126.952383802406,37.1481384257026],[126.951752387589,37.1485445210602],[126.948228847193,37.1500414100036],[126.946029746773,37.1505776307126],[126.943873145711,37.1528018976817],[126.943031266333,37.1542537181469],[126.943241529024,37.1572552649137],[126.94460452635,37.1586588416513],[126.94492012724,37.1593938421849],[126.945672835464,37.1646627058622],[126.945111976054,37.1678841041923],[126.944240798842,37.171066338072],[126.94492105261,37.1721656444106],[126.948603659268,37.1742166604489],[126.951393034822,37.1749080998053],[126.951608116038,37.1778711252739],[126.950790561062,37.1787642361536],[126.949771240705,37.1816507601503],[126.94947167428,37.1827637724449],[126.949565249969,37.1839359896674],[126.950025040709,37.185198962145],[126.951109292843,37.1871208793768],[126.95265862594,37.1892821192202],[126.95020457981,37.1938647056766],[126.95149971504,37.1948091182055],[126.954143769635,37.1959836188976],[126.956922138248,37.1964152307103],[126.961860225614,37.196856610346],[126.967878767281,37.1983046410739],[126.96845560096,37.1981979356453],[126.970293822124,37.1971751893852],[126.972680502534,37.196571756432],[126.975412897778,37.1965726034519],[126.976288814998,37.196912269403],[126.976126278006,37.1970952097649],[126.976168966572,37.1975415928518],[126.978799903091,37.1980771390744],[126.980737240736,37.1977802964686],[126.982360093761,37.1970736002019],[126.982258203378,37.1969892118027],[126.983066100887,37.1961442950912],[126.984217598455,37.1957267803581]]]]}},{"type":"Feature","properties":{"dong":"동탄6동","gu":"동탄구","n_tax":332,"tax3":3866,"hs3":310,"n_res":73,"res":26,"yr_hs":174,"n":7302,"emp":19994,"sales":76191,"cap3":4605,"nps":16615},"geometry":{"type":"MultiPolygon","coordinates":[[[[127.095691111113,37.174920430764],[127.0889535584,37.1605245427266],[127.08400274397,37.1610837061494],[127.083820505863,37.1608480445776],[127.083609179622,37.1614544417219],[127.08324078076,37.1616979610355],[127.080537180815,37.1616198745216],[127.079877944172,37.161353139936],[127.078904904102,37.1625150021881],[127.076251697643,37.1621725975774],[127.075392819,37.1626003963502],[127.075806303155,37.1630523351724],[127.075900684925,37.1636793971705],[127.074869830987,37.1642240871884],[127.074793455203,37.1647526115965],[127.073467819812,37.1654920824213],[127.073584896384,37.1664325895669],[127.073214734355,37.1669796403418],[127.071274471171,37.1682064988593],[127.071365503013,37.1694211049964],[127.070723337331,37.1704567910619],[127.070612700562,37.1727086767749],[127.070728200799,37.1739233711305],[127.072294335672,37.1739682045909],[127.073025259212,37.1745583933875],[127.07221798247,37.1759758308515],[127.072139538566,37.1820194534509],[127.071555428812,37.1837109040709],[127.071059042082,37.1840376046131],[127.073073496243,37.1870944090157],[127.074517869469,37.1873114004546],[127.078586587619,37.1860403451047],[127.079036751861,37.1853535571794],[127.079180666073,37.1848222222776],[127.080127233895,37.1845201815327],[127.083614530288,37.1841978421837],[127.083924931946,37.1858789305566],[127.084171350999,37.1894809202933],[127.083505398465,37.1913670072252],[127.083129862488,37.191788243657],[127.082883332101,37.1925670931755],[127.082767118165,37.1942342869236],[127.083845558266,37.1972634262289],[127.083915896631,37.1992050771315],[127.083472982414,37.2004757642791],[127.083642820421,37.2010948159113],[127.084628477152,37.2025732039407],[127.085492632114,37.2030922855588],[127.086016528016,37.203628200366],[127.08626796937,37.2047258332743],[127.098920589922,37.2047499649332],[127.098752058737,37.1909027523717],[127.100070701546,37.1895554144023],[127.101659603134,37.1894466056478],[127.103236097301,37.1896085549105],[127.104008902833,37.1901638793921],[127.104246743246,37.189375154083],[127.103304269074,37.188456226317],[127.102744953256,37.1866142962757],[127.104815638647,37.1853402839154],[127.108430411968,37.1843441972745],[127.113172916423,37.1839592316334],[127.113629841009,37.1835545185942],[127.116910117773,37.1835056813172],[127.114268605365,37.1815340664289],[127.111513808171,37.1800189593222],[127.110115331743,37.1794496912452],[127.108203397036,37.1788352304976],[127.103467179432,37.177812423792],[127.100429068061,37.177472691975],[127.09814722484,37.1774403694068],[127.097689704457,37.1765392369525],[127.096562165058,37.1758212349339],[127.095691111113,37.174920430764]]]]}},{"type":"Feature","properties":{"dong":"진안동","gu":"병점구","n_tax":173,"tax3":148,"hs3":13,"n_res":8,"res":2.9,"yr_hs":10,"n":5146,"emp":5550,"sales":16299,"cap3":159,"nps":4449},"geometry":{"type":"MultiPolygon","coordinates":[[[[127.050407470697,37.1963265860179],[127.049624993653,37.1958979044359],[127.046999039503,37.1961115122742],[127.046098600112,37.1962639737554],[127.042507112072,37.197638322905],[127.043604784609,37.197799175885],[127.044052474886,37.1981037403097],[127.044254031191,37.1999211036505],[127.043777752514,37.2008882804346],[127.042707315867,37.2009166966044],[127.043251375624,37.2016424124275],[127.04412337852,37.2021931068143],[127.045826126827,37.2028341701276],[127.047186554634,37.2039447251584],[127.047894592844,37.2049727776814],[127.048671040133,37.2071198495461],[127.049474835968,37.2059658347868],[127.052827044572,37.2029340433427],[127.053095923286,37.2020066111913],[127.05297085923,37.2014776907651],[127.051658126763,37.2003932974996],[127.049940799123,37.1979474870819],[127.049584805292,37.1968406163762],[127.050407470697,37.1963265860179]]],[[[127.0449893394,37.2331734139201],[127.044218047912,37.2286888221228],[127.047451942139,37.2261382708371],[127.051558823959,37.2210080033418],[127.052463804998,37.2215151476698],[127.053339209648,37.2213122060658],[127.05491979624,37.2201576011431],[127.056536250744,37.2186369441239],[127.055872988784,37.2182276714072],[127.052835547341,37.2148595534502],[127.053336316442,37.2142767506337],[127.054828135008,37.2130992753123],[127.056270366783,37.2122021568786],[127.056223011952,37.2106662142974],[127.054381412222,37.2084497348648],[127.053874726677,37.2081334621964],[127.052615526552,37.2083405430337],[127.05142526296,37.2087416958587],[127.051065220371,37.2104845251635],[127.053531392788,37.213566505415],[127.052949877635,37.2142279700171],[127.051924544926,37.2142290039098],[127.051237769822,37.2145313530259],[127.046231456824,37.2181607366238],[127.0454860932,37.2183110855386],[127.04527614734,37.2157333961543],[127.042368322899,37.2134106668236],[127.041043671726,37.2113621697173],[127.038894236588,37.2108422713414],[127.033919338022,37.2069276183507],[127.032090712898,37.2063806931989],[127.031664036057,37.2070144422983],[127.023814506086,37.204176458818],[127.024099984122,37.2050361927321],[127.023912122174,37.2057903630652],[127.023024342844,37.2067366443042],[127.021793452078,37.2073592834208],[127.021435399003,37.2077330463486],[127.02113753213,37.2084079207714],[127.028909357145,37.2112300259273],[127.025957556574,37.2153785358807],[127.025437847382,37.2180887378511],[127.026228402073,37.2200282819966],[127.023411577055,37.2253942728186],[127.022628192689,37.224897164093],[127.023955914184,37.2271841771877],[127.023968552553,37.2274152117143],[127.022898526402,37.2295145484734],[127.029643913683,37.232010238326],[127.033471284813,37.2353012390904],[127.036699891523,37.2384008032428],[127.037137196826,37.2405004733123],[127.039683262466,37.2435030542557],[127.04000184905,37.2432654533383],[127.040286287194,37.2433071208368],[127.040847531334,37.2437695927672],[127.04103544176,37.2450373306478],[127.040841581279,37.245852407158],[127.040423683289,37.2463262101336],[127.0404266113,37.2470044952093],[127.041090330387,37.2473744167627],[127.042623239787,37.2467505583682],[127.039129746669,37.2371924776669],[127.04164276655,37.2351980032948],[127.044499058428,37.2342587082133],[127.04497949989,37.2337930217064],[127.0449893394,37.2331734139201]]]]}},{"type":"Feature","properties":{"dong":"병점1동","gu":"병점구","n_tax":61,"tax3":36,"hs3":3,"n_res":8,"res":1.1,"yr_hs":3,"n":2691,"emp":1656,"sales":4063,"cap3":10,"nps":1719},"geometry":{"type":"MultiPolygon","coordinates":[[[[127.038921886182,37.2108119620304],[127.044586069918,37.2032665895414],[127.044418366091,37.2022112989154],[127.04412337852,37.2021931068143],[127.043251375624,37.2016424124275],[127.042707315867,37.2009166966044],[127.043777752514,37.2008882804346],[127.044254031191,37.1999211036505],[127.044109017474,37.1982766950585],[127.043604784609,37.197799175885],[127.041542574198,37.1974907380472],[127.038723162873,37.1983278714723],[127.03739359643,37.1991412346477],[127.037280159346,37.1997081537091],[127.03688785121,37.199942112657],[127.033316158122,37.2001049967142],[127.031243806173,37.1999101338797],[127.028244470107,37.2001333581827],[127.024517597269,37.2008902854215],[127.023023415369,37.2015118811728],[127.023814506086,37.204176458818],[127.031664036057,37.2070144422983],[127.032090712898,37.2063806931989],[127.033919338022,37.2069276183507],[127.038921886182,37.2108119620304]]]]}},{"type":"Feature","properties":{"dong":"병점2동","gu":"병점구","n_tax":60,"tax3":108,"hs3":10,"n_res":1,"res":0.2,"yr_hs":9,"n":1510,"emp":958,"sales":6213,"cap3":103,"nps":885},"geometry":{"type":"MultiPolygon","coordinates":[[[[127.051341169631,37.2108708521175],[127.050508295452,37.2118077643862],[127.049540885607,37.2107322569516],[127.048838120484,37.20939550535],[127.048590465485,37.2066146472937],[127.047894592844,37.2049727776814],[127.047186554634,37.2039447251584],[127.045826126827,37.2028341701276],[127.044418366091,37.2022112989154],[127.044586069918,37.2032665895414],[127.038921886182,37.2108119620304],[127.041043671726,37.2113621697173],[127.042368322899,37.2134106668236],[127.04527614734,37.2157333961543],[127.0454860932,37.2183110855386],[127.046231456824,37.2181607366238],[127.051237769822,37.2145313530259],[127.051924544926,37.2142290039098],[127.052949877635,37.2142279700171],[127.053218988907,37.2139934217667],[127.053531392788,37.213566505415],[127.051341169631,37.2108708521175]]]]}},{"type":"Feature","properties":{"dong":"반월동","gu":"병점구","n_tax":162,"tax3":698,"hs3":63,"n_res":15,"res":9.5,"yr_hs":41,"n":2815,"emp":7540,"sales":33138,"cap3":494,"nps":6764},"geometry":{"type":"MultiPolygon","coordinates":[[[[127.06667990835,37.2401480857036],[127.0680516841,37.2387565004212],[127.068426203334,37.2376474450683],[127.068503756841,37.237145197241],[127.068219312518,37.2370989732973],[127.068015241832,37.2366904158983],[127.067996393406,37.2346814435551],[127.068766479511,37.2301118503706],[127.069632855654,37.2292857128658],[127.070710230904,37.2289126029386],[127.072602533595,37.2291623845279],[127.074559917471,37.2281339247483],[127.074824884041,37.2267422333444],[127.075583396927,37.2258999068845],[127.073219532625,37.2263172976464],[127.0726063059,37.2261212948542],[127.070580429635,37.224945524822],[127.068248234796,37.223131903034],[127.067529693513,37.2221412006056],[127.068221954527,37.2203319121257],[127.069086271271,37.2197243586956],[127.070715301065,37.2137021418879],[127.064375085971,37.2120757921021],[127.06321994541,37.2165941584969],[127.062339072976,37.2190900457858],[127.061610820575,37.2206523582728],[127.060325340123,37.2214758115044],[127.058683824746,37.220509713332],[127.056536250744,37.2186369441239],[127.05491979624,37.2201576011431],[127.053339209648,37.2213122060658],[127.052463804998,37.2215151476698],[127.051558823959,37.2210080033418],[127.047451942139,37.2261382708371],[127.044218047912,37.2286888221228],[127.0449893394,37.2331734139201],[127.045948037059,37.232787118153],[127.046634485936,37.2328821261668],[127.048131489013,37.2333937582072],[127.049501304666,37.2340885486852],[127.051539534061,37.2343554352896],[127.053621484731,37.2334438550414],[127.053833736893,37.2323167960433],[127.052570347819,37.2314848119615],[127.052558064542,37.2310601618488],[127.056319798804,37.2328669760407],[127.058274683377,37.2341317369139],[127.059422127944,37.2351613492688],[127.05989901173,37.2357895998939],[127.060045668976,37.2362577459799],[127.063259002493,37.2391671218634],[127.064401163766,37.239272681307],[127.064999416265,37.2400368148899],[127.06667990835,37.2401480857036]]]]}},{"type":"Feature","properties":{"dong":"기배동","gu":"효행구","n_tax":96,"tax3":207,"hs3":19,"n_res":1,"res":0.1,"yr_hs":8,"n":1478,"emp":2166,"sales":9411,"cap3":53,"nps":1355},"geometry":{"type":"MultiPolygon","coordinates":[[[[126.992645948238,37.2308524581675],[127.003683955853,37.2292913697825],[127.008096122972,37.2278449916405],[127.006992094534,37.2269863269671],[127.003129166955,37.2227966633126],[127.003232035108,37.2207543376333],[127.00342582232,37.2200502066182],[126.999513113523,37.219655267756],[126.997331379748,37.2188869477857],[126.993855356241,37.2168690314028],[126.987717364032,37.2149384441535],[126.981611433639,37.2132983721485],[126.979793010822,37.2151979882181],[126.979944609535,37.2168177413788],[126.977929016905,37.2205283264134],[126.976605021199,37.2219996507499],[126.975114058758,37.2219378419729],[126.97394882806,37.2222470360516],[126.972195780818,37.2247135749969],[126.971909749036,37.2255213617287],[126.971694833387,37.2273632206029],[126.971047303355,37.228602069852],[126.970393301137,37.2291967448796],[126.972823082194,37.2287208317006],[126.978224580879,37.2295729116636],[126.979908243505,37.2310405819583],[126.980204457189,37.2321257725405],[126.980360066271,37.2322448035182],[126.982400381382,37.2322644434829],[126.985723463544,37.2326366629267],[126.988115380166,37.233594619232],[126.990385700593,37.232632028704],[126.992645948238,37.2308524581675]]]]}},{"type":"Feature","properties":{"dong":"화산동","gu":"병점구","n_tax":218,"tax3":655,"hs3":59,"n_res":12,"res":9.3,"yr_hs":39,"n":2842,"emp":8268,"sales":44917,"cap3":1252,"nps":7233},"geometry":{"type":"MultiPolygon","coordinates":[[[[127.021371295234,37.224236322688],[127.023411577055,37.2253942728186],[127.026228402073,37.2200282819966],[127.025437847382,37.2180887378511],[127.025957556574,37.2153785358807],[127.028909357145,37.2112300259273],[127.02113753213,37.2084079207714],[127.021435399003,37.2077330463486],[127.021793452078,37.2073592834208],[127.023024342844,37.2067366443042],[127.02366258151,37.2061645238738],[127.024036314495,37.205529455207],[127.024099984122,37.2050361927321],[127.023023415369,37.2015118811728],[127.024517597269,37.2008902854215],[127.026651016711,37.2004177056754],[127.024675996563,37.1980932059853],[127.021603502024,37.1967939818444],[127.017527594002,37.1954614859091],[127.013604260182,37.1948088261972],[127.011036470654,37.1937515298341],[127.009818371336,37.1924045003446],[127.008448878141,37.1892247542473],[127.007845069058,37.186996904208],[127.00701923946,37.1877326241866],[126.997666548362,37.190494453545],[126.997423942172,37.1917193085296],[126.997443361766,37.1925070199337],[126.995223108484,37.1939702497579],[126.990882139456,37.1945173043854],[126.987549242917,37.1945908224202],[126.985385650777,37.1949318627151],[126.984765325877,37.1952277581675],[126.984217598455,37.1957267803581],[126.983868709553,37.1964927137215],[126.98373180749,37.1975822027878],[126.984169955701,37.1985976478628],[126.985565881853,37.2002328986886],[126.985102830929,37.2019412963138],[126.981516206393,37.2057327416547],[126.98057312943,37.2065404014863],[126.979985734854,37.2068226275211],[126.979252344633,37.2087956674796],[126.979225438224,37.2096361056147],[126.979742624449,37.2124822975773],[126.979925979535,37.2127591566722],[126.984189985114,37.2140611716805],[126.987717364032,37.2149384441535],[126.993855356241,37.2168690314028],[126.997331379748,37.2188869477857],[126.999513113523,37.219655267756],[127.00342582232,37.2200502066182],[127.003232035108,37.2207543376333],[127.003129166955,37.2227966633126],[127.006992094534,37.2269863269671],[127.008096122972,37.2278449916405],[127.009865906061,37.227306984282],[127.011578937476,37.2272577237525],[127.01359635548,37.226875044339],[127.016583054887,37.2256683775592],[127.021371295234,37.224236322688]]]]}},{"type":"Feature","properties":{"dong":"동탄2동","gu":"동탄구","n_tax":23,"tax3":49,"hs3":4,"n_res":2,"res":4.1,"yr_hs":6,"n":1502,"emp":2766,"sales":4496,"cap3":397,"nps":2093},"geometry":{"type":"MultiPolygon","coordinates":[[[[127.083472982414,37.2004757642791],[127.083915896631,37.1992050771315],[127.083845558266,37.1972634262289],[127.082767118165,37.1942342869236],[127.082883332101,37.1925670931755],[127.083129862488,37.191788243657],[127.083505398465,37.1913670072252],[127.084171350999,37.1894809202933],[127.083924931946,37.1858789305566],[127.083614530288,37.1841978421837],[127.080127233895,37.1845201815327],[127.079180666073,37.1848222222776],[127.079036751861,37.1853535571794],[127.078586587619,37.1860403451047],[127.074517869469,37.1873114004546],[127.073073496243,37.1870944090157],[127.071059042082,37.1840376046131],[127.066594197465,37.1840714514646],[127.06606117304,37.1843162609004],[127.065324430809,37.1864454065964],[127.06814255735,37.1891475236563],[127.068636184184,37.1906184541322],[127.067244609879,37.1910180461303],[127.065646609291,37.1921558572456],[127.065540827057,37.193169627489],[127.065677265345,37.1943330285559],[127.06603460215,37.1946653885094],[127.066022686517,37.1957177906892],[127.06497235524,37.197748879516],[127.073151482094,37.1995961428615],[127.077422464346,37.200348286455],[127.080084885358,37.2006890203177],[127.083472982414,37.2004757642791]]]]}},{"type":"Feature","properties":{"dong":"동탄1동","gu":"동탄구","n_tax":234,"tax3":4340,"hs3":394,"n_res":50,"res":37.6,"yr_hs":218,"n":7709,"emp":18126,"sales":184764,"cap3":8958,"nps":16839},"geometry":{"type":"MultiPolygon","coordinates":[[[[127.075583396927,37.2258999068845],[127.078775699208,37.222848772465],[127.082324679988,37.2198281208001],[127.088736659036,37.2164601186017],[127.088115030392,37.2144501194285],[127.087590625839,37.2134736516333],[127.087214633964,37.212926992437],[127.086324084463,37.2123154378085],[127.0845751997,37.2097255568509],[127.084611986789,37.2094373463552],[127.08525248805,37.208494242479],[127.085729483533,37.2080812653873],[127.086457217043,37.2066584074666],[127.086536640817,37.206147367147],[127.086016528016,37.203628200366],[127.085492632114,37.2030922855588],[127.084628477152,37.2025732039407],[127.083642820421,37.2010948159113],[127.083472982414,37.2004757642791],[127.080084885358,37.2006890203177],[127.077422464346,37.200348286455],[127.073151482094,37.1995961428615],[127.06497235524,37.197748879516],[127.061466083139,37.199400718442],[127.059503883763,37.1996555582407],[127.05929537206,37.2046337703934],[127.059529053692,37.205750127563],[127.062363979127,37.2112411707028],[127.06360553617,37.2122789481985],[127.064375085971,37.2120757921021],[127.070715301065,37.2137021418879],[127.069086271271,37.2197243586956],[127.068221954527,37.2203319121257],[127.067529693513,37.2221412006056],[127.068248234796,37.223131903034],[127.070580429635,37.224945524822],[127.0726063059,37.2261212948542],[127.073219532625,37.2263172976464],[127.075583396927,37.2258999068845]]]]}},{"type":"Feature","properties":{"dong":"동탄3동","gu":"동탄구","n_tax":76,"tax3":219,"hs3":20,"n_res":5,"res":1.9,"yr_hs":10,"n":2404,"emp":2352,"sales":9887,"cap3":312,"nps":1903},"geometry":{"type":"MultiPolygon","coordinates":[[[[127.064375085971,37.2120757921021],[127.06360553617,37.2122789481985],[127.062363979127,37.2112411707028],[127.059529053692,37.205750127563],[127.05929537206,37.2046337703934],[127.059503883763,37.1996555582407],[127.061466083139,37.199400718442],[127.056615915846,37.1972052083762],[127.054412195891,37.1974628547877],[127.051725978443,37.1970177917944],[127.050407470697,37.1963265860179],[127.049584805292,37.1968406163762],[127.050009856903,37.198060296168],[127.051658126763,37.2003932974996],[127.05297085923,37.2014776907651],[127.053095923286,37.2020066111913],[127.052827044572,37.2029340433427],[127.048911757659,37.2066104492692],[127.048671040133,37.2071198495461],[127.048664315543,37.20853850988],[127.048838120484,37.20939550535],[127.049540885607,37.2107322569516],[127.050508295452,37.2118077643862],[127.051341169631,37.2108708521175],[127.051031297424,37.2102658062651],[127.05142526296,37.2087416958587],[127.052615526552,37.2083405430337],[127.053874726677,37.2081334621964],[127.054381412222,37.2084497348648],[127.056223011952,37.2106662142974],[127.056270366783,37.2122021568786],[127.054828135008,37.2130992753123],[127.053336316442,37.2142767506337],[127.052835547341,37.2148595534502],[127.055872988784,37.2182276714072],[127.056536250744,37.2186369441239],[127.058683824746,37.220509713332],[127.060325340123,37.2214758115044],[127.061610820575,37.2206523582728],[127.062339072976,37.2190900457858],[127.06321994541,37.2165941584969],[127.064375085971,37.2120757921021]]]]}},{"type":"Feature","properties":{"dong":"새솔동","gu":"만세구","n_tax":34,"tax3":79,"hs3":7,"n_res":0,"res":0,"yr_hs":4,"n":2177,"emp":688,"sales":2671,"cap3":12,"nps":633},"geometry":{"type":"MultiPolygon","coordinates":[[[[126.804644245557,37.293183338654],[126.808256404114,37.2934728175225],[126.811725386009,37.2933954733442],[126.814637230955,37.2928074485524],[126.817261072278,37.2916517973992],[126.819322771179,37.2905318822207],[126.82074978837,37.2893692629104],[126.82348700144,37.2864383824767],[126.825202019013,37.283091825786],[126.825562007241,37.2810644583055],[126.826829982186,37.2785349004962],[126.828063913609,37.2770783864039],[126.829019332662,37.2767325598753],[126.831070088986,37.2767831935548],[126.832166480857,37.2770625756632],[126.834927946587,37.2768244443491],[126.835613878513,37.2765746186223],[126.836745831509,37.2755857682837],[126.837264416281,37.2749252075588],[126.837131085684,37.2734219073103],[126.837532526936,37.2721947922392],[126.839484610972,37.2695518363131],[126.841430098866,37.2676503315225],[126.842898390778,37.2672682163076],[126.845229800996,37.2658956595437],[126.845457975458,37.264921235122],[126.84607474047,37.2641831220857],[126.846564029892,37.2640687416173],[126.846256095546,37.2629742721331],[126.845200145721,37.2608609536653],[126.845401190612,37.2601985983159],[126.845817892102,37.2600057637452],[126.845771261184,37.2597518276878],[126.844940392391,37.2598448015163],[126.844565243849,37.2608769537345],[126.844851943324,37.2616005490781],[126.844230619876,37.2628655014877],[126.845030857524,37.2634943707485],[126.844245390171,37.2639778659059],[126.844267605063,37.264231668044],[126.841246338437,37.2663223766625],[126.840923846304,37.2669059933703],[126.837411403786,37.2706915599309],[126.835480056951,37.270963682838],[126.831176982998,37.27367136557],[126.828938857957,37.2706682270924],[126.827890188176,37.2705256820628],[126.827083076126,37.2706772069309],[126.825562501841,37.2714295876034],[126.82460260275,37.2722827163556],[126.823245202925,37.2738945996371],[126.821466920864,37.2747820490289],[126.821137989035,37.2747021086974],[126.820028334927,37.2759055864529],[126.819196029324,37.2761349668038],[126.819022205519,37.2764559421474],[126.817074737884,37.2771374578241],[126.81701069633,37.2774688208937],[126.816005495485,37.2779118309691],[126.814846869465,37.277768534824],[126.813764765514,37.2786111099632],[126.811782789847,37.2790484172962],[126.809815231859,37.2805785387488],[126.810124575037,37.2814682128786],[126.810755206812,37.2819402134125],[126.810987305306,37.2832684923546],[126.81196516648,37.283157098054],[126.811957350009,37.2840156525865],[126.813661443423,37.2846109548979],[126.813852909069,37.2850413644354],[126.812719984012,37.286088527026],[126.810613386655,37.2867787673551],[126.809544923269,37.2861090765462],[126.808081819044,37.2858663691213],[126.80687009016,37.2848445715994],[126.804870850338,37.2844816024604],[126.804487668692,37.2836597791198],[126.804644245557,37.293183338654]]]]}},{"type":"Feature","properties":{"dong":"동탄5동","gu":"동탄구","n_tax":1123,"tax3":3406,"hs3":296,"n_res":63,"res":24.9,"yr_hs":160,"n":14444,"emp":27095,"sales":140757,"cap3":8435,"nps":20916},"geometry":{"type":"MultiPolygon","coordinates":[[[[127.088963143673,37.2163585657028],[127.090520779678,37.2167626714975],[127.092530482065,37.2175334949149],[127.095582440251,37.2182932943332],[127.104645493235,37.2198551610988],[127.10716542316,37.2197080435696],[127.110095218247,37.2193109686321],[127.115175172365,37.2191461820157],[127.117384716295,37.2199645615098],[127.119092862133,37.2193965839326],[127.126715252928,37.2175121259133],[127.129657284358,37.2174560093939],[127.134209968877,37.2160256552114],[127.136175768444,37.2156407242845],[127.136756722466,37.2156808179332],[127.140020828467,37.2175037340347],[127.144299217328,37.2186411623324],[127.147910439757,37.2190542040931],[127.149562836649,37.2189599499491],[127.151253213266,37.218723812369],[127.151604020181,37.218543574889],[127.151435007734,37.2158037941882],[127.151718090876,37.2141392771627],[127.155410267248,37.2095720623438],[127.156961114885,37.2085185392961],[127.157768781119,37.2071676779627],[127.155886797243,37.2059533344048],[127.155367229134,37.2034627362958],[127.154311004439,37.2021204915851],[127.153385812553,37.2019074113306],[127.152765415846,37.200849448328],[127.152669062934,37.2002428311287],[127.152298555859,37.1999806370159],[127.151956957446,37.1991060189874],[127.152294289671,37.1983291691036],[127.150388702819,37.1982069637016],[127.148769460624,37.1971078491508],[127.146176551934,37.1968509950574],[127.14577243436,37.1965791314649],[127.144710752439,37.1968509151414],[127.144108462305,37.1963046315006],[127.140563979244,37.1961207304671],[127.139018089722,37.1962476538283],[127.137922907239,37.1953724119754],[127.135884483868,37.1953707238493],[127.133894734327,37.1964972642336],[127.131468639889,37.1956557747042],[127.131522352857,37.1980457751709],[127.131082697049,37.1981614925227],[127.130433239241,37.2012817363642],[127.120867394884,37.2018759613967],[127.121155842472,37.2027355066193],[127.116198588264,37.2037147717999],[127.109808890259,37.2033231284882],[127.108369062932,37.2034159481442],[127.103484893134,37.2043754077082],[127.098920589922,37.2047499649332],[127.08626796937,37.2047258332743],[127.086536640817,37.206147367147],[127.086457217043,37.2066584074666],[127.085729483533,37.2080812653873],[127.08525248805,37.208494242479],[127.084611986789,37.2094373463552],[127.0845751997,37.2097255568509],[127.086324084463,37.2123154378085],[127.087214633964,37.212926992437],[127.087590625839,37.2134736516333],[127.088115030392,37.2144501194285],[127.088736659036,37.2164601186017],[127.088963143673,37.2163585657028]]]]}},{"type":"Feature","properties":{"dong":"동탄4동","gu":"동탄구","n_tax":17,"tax3":101,"hs3":9,"n_res":1,"res":0.2,"yr_hs":3,"n":2180,"emp":915,"sales":1686,"cap3":43,"nps":906},"geometry":{"type":"MultiPolygon","coordinates":[[[[127.098920589922,37.2047499649332],[127.103484893134,37.2043754077082],[127.108369062932,37.2034159481442],[127.109808890259,37.2033231284882],[127.116198588264,37.2037147717999],[127.121155842472,37.2027355066193],[127.120867394884,37.2018759613967],[127.130433239241,37.2012817363642],[127.131082697049,37.1981614925227],[127.131522352857,37.1980457751709],[127.131468639889,37.1956557747042],[127.130036984134,37.1960649200249],[127.1270681448,37.195702643741],[127.12637673113,37.1961473688585],[127.125133457064,37.1959873283647],[127.124553774009,37.1951484534267],[127.122804140012,37.1951176770803],[127.119613049289,37.1934777546756],[127.120694683953,37.1922957283601],[127.12071329747,37.1915674923634],[127.121436476112,37.1911829388495],[127.119287790954,37.1896657653366],[127.118789252066,37.1897280189902],[127.11782559321,37.189291793883],[127.116609316655,37.1890635857153],[127.116035533311,37.1894416938633],[127.115493047394,37.1887664822181],[127.115556358921,37.1870520043714],[127.11580557208,37.1863734198776],[127.114830868952,37.1861048768118],[127.1140489821,37.185581538807],[127.113513304479,37.1849204497034],[127.113172916423,37.1839592316334],[127.108430411968,37.1843441972745],[127.104815638647,37.1853402839154],[127.102744953256,37.1866142962757],[127.103304269074,37.188456226317],[127.104246743246,37.189375154083],[127.104008902833,37.1901638793921],[127.103236097301,37.1896085549105],[127.101659603134,37.1894466056478],[127.100070701546,37.1895554144023],[127.098752058737,37.1909027523717],[127.098920589922,37.2047499649332]]]]}},{"type":"Feature","properties":{"dong":"동탄7동","gu":"동탄구","n_tax":37,"tax3":192,"hs3":17,"n_res":5,"res":2.2,"yr_hs":10,"n":5570,"emp":2000,"sales":11279,"cap3":384,"nps":2335},"geometry":{"type":"MultiPolygon","coordinates":[[[[127.111513808171,37.1800189593222],[127.112730339071,37.179555301363],[127.113714106671,37.1793770265729],[127.116547085831,37.1798096959341],[127.118589600703,37.1795743068713],[127.119761302081,37.179608320399],[127.121955762162,37.179222122349],[127.122673991556,37.1792244117],[127.124296911843,37.1797437793501],[127.12611303903,37.1794167994295],[127.12480703398,37.1759644340726],[127.124177619338,37.1733006410426],[127.123784328646,37.1687622339646],[127.124354417811,37.1681288399377],[127.125372223149,37.1686765213039],[127.126500157961,37.1698899912948],[127.1265328938,37.1709185173886],[127.127629761416,37.170770730586],[127.127862033657,37.1696522940461],[127.12782720356,37.1690472298713],[127.129114354217,37.1686277969783],[127.129982636832,37.1688422455483],[127.130816806391,37.1683003878454],[127.132553296503,37.1681827697565],[127.133076419319,37.1667150884287],[127.133786078165,37.1661200977697],[127.133832242615,37.1648672767145],[127.131206337468,37.162870390799],[127.129145109666,37.162026771928],[127.128284102242,37.1622570546798],[127.127200294013,37.1621555189524],[127.124150406341,37.1630146195248],[127.122881176849,37.1628790037654],[127.122809330542,37.1625367317202],[127.121854125933,37.1626061870313],[127.116766021715,37.1640149301435],[127.115440014069,37.1640504638803],[127.114516090031,37.1659685001993],[127.112219889669,37.1656397620055],[127.103507661751,37.1656705148829],[127.102723322783,37.1656027280711],[127.100041590737,37.1648176254598],[127.091015672944,37.1647792550116],[127.095691111113,37.174920430764],[127.096562165058,37.1758212349339],[127.097689704457,37.1765392369525],[127.09814722484,37.1774403694068],[127.100429068061,37.177472691975],[127.103467179432,37.177812423792],[127.108203397036,37.1788352304976],[127.111513808171,37.1800189593222]]]]}},{"type":"Feature","properties":{"dong":"동탄8동","gu":"동탄구","n_tax":34,"tax3":262,"hs3":23,"n_res":4,"res":2.2,"yr_hs":14,"n":1568,"emp":2212,"sales":8239,"cap3":306,"nps":1975},"geometry":{"type":"MultiPolygon","coordinates":[[[[127.0889535584,37.1605245427266],[127.091015672944,37.1647792550116],[127.100041590737,37.1648176254598],[127.102723322783,37.1656027280711],[127.103507661751,37.1656705148829],[127.112219889669,37.1656397620055],[127.114516090031,37.1659685001993],[127.115440014069,37.1640504638803],[127.116766021715,37.1640149301435],[127.121854125933,37.1626061870313],[127.122809330542,37.1625367317202],[127.122881176849,37.1628790037654],[127.124150406341,37.1630146195248],[127.127200294013,37.1621555189524],[127.128284102242,37.1622570546798],[127.129145109666,37.162026771928],[127.127997202896,37.1608378158421],[127.127881799993,37.1598233635103],[127.12882948827,37.1584821015079],[127.130592920061,37.1517902577187],[127.129436381498,37.1486456264623],[127.127079277372,37.1456494774924],[127.12478287391,37.1453594119469],[127.123386631303,37.1449256836907],[127.122695477345,37.1445099621112],[127.118951605671,37.1437768530006],[127.114129405847,37.1446164695995],[127.110880702275,37.1438148579288],[127.10923126288,37.1426860380867],[127.10616851246,37.1421508314017],[127.104006945331,37.141950951277],[127.103719191521,37.14234097944],[127.103646601986,37.1435745489209],[127.100949273072,37.1460872060181],[127.099308810901,37.1502135298282],[127.099214731547,37.1511574828459],[127.09775603739,37.1517009264326],[127.097631885265,37.1520432457284],[127.098202463513,37.1528775516653],[127.098727430351,37.1530849746084],[127.098722410773,37.1540348387906],[127.098231134133,37.15439550018],[127.097990235906,37.1558507961515],[127.095707043557,37.1574128254285],[127.095175110864,37.1585077787088],[127.093861110164,37.1594525011141],[127.09283397624,37.1593027500441],[127.091621832773,37.1594650531692],[127.0889535584,37.1605245427266]]]]}},{"type":"Feature","properties":{"dong":"동탄9동","gu":"동탄구","n_tax":13,"tax3":104,"hs3":9,"n_res":4,"res":0.7,"yr_hs":5,"n":1496,"emp":893,"sales":2630,"cap3":50,"nps":874},"geometry":{"type":"MultiPolygon","coordinates":[[[[127.132553296503,37.1681827697565],[127.130816806391,37.1683003878454],[127.129982636832,37.1688422455483],[127.129114354217,37.1686277969783],[127.12782720356,37.1690472298713],[127.127862033657,37.1696522940461],[127.127629761416,37.170770730586],[127.1265328938,37.1709185173886],[127.126500157961,37.1698899912948],[127.125372223149,37.1686765213039],[127.124354417811,37.1681288399377],[127.123784328646,37.1687622339646],[127.124177619338,37.1733006410426],[127.12480703398,37.1759644340726],[127.12611303903,37.1794167994295],[127.124296911843,37.1797437793501],[127.122673991556,37.1792244117],[127.121955762162,37.179222122349],[127.119761302081,37.179608320399],[127.118589600703,37.1795743068713],[127.116547085831,37.1798096959341],[127.113714106671,37.1793770265729],[127.112730339071,37.179555301363],[127.111513808171,37.1800189593222],[127.115082335694,37.1820582085618],[127.116910117773,37.1835056813172],[127.113629841009,37.1835545185942],[127.113172916423,37.1839592316334],[127.113513304479,37.1849204497034],[127.1140489821,37.185581538807],[127.114830868952,37.1861048768118],[127.11580557208,37.1863734198776],[127.115556358921,37.1870520043714],[127.115493047394,37.1887664822181],[127.116035533311,37.1894416938633],[127.116609316655,37.1890635857153],[127.11782559321,37.189291793883],[127.118789252066,37.1897280189902],[127.119287790954,37.1896657653366],[127.121436476112,37.1911829388495],[127.12071329747,37.1915674923634],[127.120694683953,37.1922957283601],[127.119613049289,37.1934777546756],[127.122804140012,37.1951176770803],[127.124553774009,37.1951484534267],[127.125133457064,37.1959873283647],[127.12637673113,37.1961473688585],[127.1270681448,37.195702643741],[127.130036984134,37.1960649200249],[127.131468639889,37.1956557747042],[127.133894734327,37.1964972642336],[127.135884483868,37.1953707238493],[127.137922907239,37.1953724119754],[127.139018089722,37.1962476538283],[127.140563979244,37.1961207304671],[127.144108462305,37.1963046315006],[127.144710752439,37.1968509151414],[127.14577243436,37.1965791314649],[127.146176551934,37.1968509950574],[127.148769460624,37.1971078491508],[127.150388702819,37.1982069637016],[127.152294289671,37.1983291691036],[127.152659773111,37.1981287629699],[127.152846122335,37.197231603814],[127.15377241186,37.1976228233536],[127.154729276064,37.1974548540305],[127.155455894649,37.1977352279596],[127.155719741966,37.1966598610927],[127.160909185633,37.1917248411565],[127.161310523917,37.190712466783],[127.160230762485,37.1858913388558],[127.159596908967,37.1846624745462],[127.159078217805,37.1841347848152],[127.160685538597,37.1804064290576],[127.159257273505,37.1779764061994],[127.157622832672,37.1767885930323],[127.156396371469,37.1766295484979],[127.155633964845,37.176763674642],[127.153469516642,37.1745989071177],[127.151148847714,37.171604619936],[127.148407892632,37.1696753840016],[127.14779045862,37.169529324468],[127.14559625635,37.1696455999765],[127.14442320887,37.1701344824071],[127.143832341332,37.1701800320992],[127.139393515729,37.1694556186063],[127.133307254805,37.1692048268891],[127.133012830279,37.1690923665966],[127.132553296503,37.1681827697565]]]]}}]}
